date,origin_index,target_index,horizon,actual,prediction,residual
2024-07-09,4191,4192,1,4.5775,4.629274343729019,0.051774477243423433
2024-07-10,4191,4193,2,4.6085,4.542698892176151,-0.06580111163854596
2024-07-11,4191,4194,3,4.5065002,4.604330866873264,0.09783062273263887
2024-07-15,4191,4195,4,4.5265,4.533223638802767,0.006723413735628014
2024-07-16,4191,4196,5,4.4495,4.603536000132561,0.15403591620922086
2024-07-10,4192,4193,1,4.6085,4.647053807944059,0.0385538041293616
2024-07-11,4192,4194,2,4.5065002,4.592357014298439,0.08585677015781368
2024-07-15,4192,4195,3,4.5265,4.634940113842487,0.10843988877534816
2024-07-16,4192,4196,4,4.4495,4.574014432638883,0.12451434871554312
2024-07-17,4192,4197,5,4.4085,4.6452223215997215,0.23672212705016094
2024-07-11,4193,4194,1,4.5065002,4.666826899647712,0.16032665550708725
2024-07-15,4193,4195,2,4.5265,4.620409724742173,0.0939094996750347
2024-07-16,4193,4196,3,4.4495,4.657688849836587,0.2081887659132473
2024-07-17,4193,4197,4,4.4085,4.605948110163212,0.19744791561365105
2024-07-18,4193,4198,5,4.2795,4.665500176608562,0.38600016897916767
2024-07-15,4194,4195,1,4.5265,4.61371087795496,0.08721065288782093
2024-07-16,4194,4196,2,4.4495,4.617439499050378,0.16793941512703814
2024-07-17,4194,4197,3,4.4085,4.624354881376028,0.21585468682646702
2024-07-18,4194,4198,4,4.2795,4.601709515571594,0.3222095079421994
2024-07-22,4194,4199,5,4.1974998,4.639365024864674,0.4418652728199959
2024-07-16,4195,4196,1,4.4495,4.594052202045917,0.1445521181225775
2024-07-17,4195,4197,2,4.4085,4.596242357939482,0.18774216338992122
2024-07-18,4195,4198,3,4.2795,4.603524954527616,0.3240249468982217
2024-07-22,4195,4199,4,4.1974998,4.590504895597696,0.39300514355301797
2024-07-23,4195,4200,5,4.1605,4.610039360553026,0.44953931096196165
2024-07-17,4196,4197,1,4.4085,4.540350346475839,0.1318501519262787
2024-07-18,4196,4198,2,4.2795,4.566471326500177,0.28697131887078253
2024-07-22,4196,4199,3,4.1974998,4.5590136674940585,0.3615139154493807
2024-07-23,4196,4200,4,4.1605,4.560888502627611,0.40038845303654647
2024-07-24,4196,4201,5,4.109,4.568803407996892,0.4598032020032399
2024-07-18,4197,4198,1,4.2795,4.491925789177418,0.21242578154802327
2024-07-22,4197,4199,2,4.1974998,4.52479605063796,0.32729629859328213
2024-07-23,4197,4200,3,4.1605,4.513721685439348,0.3532216358482838
2024-07-24,4197,4201,4,4.109,4.52348766747117,0.4144874614775178
2024-07-25,4197,4202,5,4.1255,4.520185656815767,0.3946854546368117
2024-07-22,4198,4199,1,4.1974998,4.397643839895725,0.2001440878510472
2024-07-23,4198,4200,2,4.1605,4.463411247402429,0.30291119781136455
2024-07-24,4198,4201,3,4.109,4.433510586410761,0.32451038041710856
2024-07-25,4198,4202,4,4.1255,4.46203492334485,0.33653472116589533
2024-07-29,4198,4203,5,4.0845,4.44319299697876,0.3586931610107422
2024-07-23,4199,4200,1,4.1605,4.3071226064860815,0.14662255689501702
2024-07-24,4199,4201,2,4.109,4.383812866836786,0.2748126608431338
2024-07-25,4199,4202,3,4.1255,4.348342303246259,0.22284210106730384
2024-07-29,4199,4203,4,4.0845,4.388384496837854,0.30388466086983623
2024-07-30,4199,4204,5,4.098,4.35317506802082,0.2551750184297559
2024-07-24,4200,4201,1,4.109,4.245361002236605,0.13636079624295228
2024-07-25,4200,4202,2,4.1255,4.310344171792268,0.18484396961331306
2024-07-29,4200,4203,3,4.0845,4.282298755615949,0.19779891964793173
2024-07-30,4200,4204,4,4.098,4.319692921727896,0.2216928721368312
2024-07-31,4200,4205,5,4.1875,4.281350292444229,0.0938502924442286
2024-07-25,4201,4202,1,4.1255,4.192606984615326,0.0671067824363707
2024-07-29,4201,4203,2,4.0845,4.2493324182331556,0.16483258226513797
2024-07-30,4201,4204,3,4.098,4.226886498540639,0.1288864489495749
2024-07-31,4201,4205,4,4.1875,4.2579523666501045,0.07045236665010446
2024-08-01,4201,4206,5,4.0950003,4.225253416270017,0.13025314924120845
2024-07-29,4202,4203,1,4.0845,4.182373752653598,0.09787391668558065
2024-07-30,4202,4204,2,4.098,4.209603252917528,0.11160320332646378
2024-07-31,4202,4205,3,4.1875,4.205733539849519,0.018233539849519254
2024-08-01,4202,4206,4,4.0950003,4.2188344609439365,0.12383419391512795
2024-08-05,4202,4207,5,4.0105,4.199520908087492,0.1890209538638592
2024-07-30,4203,4204,1,4.098,4.1612387170195575,0.06323866742849305
2024-07-31,4203,4205,2,4.1875,4.183823853015899,-0.003676146984100903
2024-08-01,4203,4206,3,4.0950003,4.183759663462639,0.08875939643383024
2024-08-05,4203,4207,4,4.0105,4.187533300608396,0.1770333463847633
2024-08-06,4203,4208,5,4.036,4.181175825536251,0.14517605060338923
2024-07-31,4204,4205,1,4.1875,4.162569191396236,-0.024930808603763843
2024-08-01,4204,4206,2,4.0950003,4.167820021897554,0.07281975486874526
2024-08-05,4204,4207,3,4.0105,4.179191576391458,0.16869162216782563
2024-08-06,4204,4208,4,4.036,4.170768990010023,0.13476921507716177
2024-08-07,4204,4209,5,3.9635003,4.174406328558922,0.210906067252159
2024-08-01,4205,4206,1,4.0950003,4.216189142763614,0.12118887573480563
2024-08-05,4205,4207,2,4.0105,4.1812710678279394,0.17077111360430663
2024-08-06,4205,4208,3,4.036,4.217049657911062,0.18104988297820057
2024-08-07,4205,4209,4,3.9635003,4.184225871354341,0.2207256100475785
2024-08-08,4205,4210,5,3.97,4.2075875342190265,0.23758750560879704
2024-08-05,4206,4207,1,4.0105,4.19554511553049,0.18504516130685733
2024-08-06,4206,4208,2,4.036,4.1909020017087455,0.15490222677588417
2024-08-07,4206,4209,3,3.9635003,4.20920769521594,0.24570743390917738
2024-08-08,4206,4210,4,3.97,4.1825306836068625,0.21253065499663304
2024-08-12,4206,4211,5,4.075,4.21259973797202,0.13759992870688365
2024-08-06,4207,4208,1,4.036,4.136796668946743,0.10079689401388148
2024-08-07,4207,4209,2,3.9635003,4.164905857861042,0.20140559655427914
2024-08-08,4207,4210,3,3.97,4.16456344410777,0.19456341549754086
2024-08-12,4207,4211,4,4.075,4.157037844210863,0.08203803494572615
2024-08-13,4207,4212,5,4.0559998,4.1701739861965175,0.11417423033714247
2024-08-07,4208,4209,1,3.9635003,4.118107505381107,0.15460724407434423
2024-08-08,4208,4210,2,3.97,4.133976079940796,0.16397605133056636
2024-08-12,4208,4211,3,4.075,4.1405878123342985,0.0655880030691618
2024-08-13,4208,4212,4,4.0559998,4.134571083754301,0.0785713278949256
2024-08-14,4208,4213,5,4.046,4.137815157085657,0.0918151532709599
2024-08-08,4209,4210,1,3.97,4.069625635981559,0.09962560737132975
2024-08-12,4209,4211,2,4.075,4.10180648496747,0.02680667570233286
2024-08-13,4209,4212,3,4.0559998,4.0981360096037385,0.04213625374436347
2024-08-14,4209,4213,4,4.046,4.100251763969659,0.054251760154961914
2024-08-15,4209,4214,5,4.153,4.099914351999759,-0.05308552592992832
2024-08-12,4210,4211,1,4.075,4.050749739170074,-0.024250070095062526
2024-08-13,4210,4212,2,4.0559998,4.071181815832853,0.01518205997347799
2024-08-14,4210,4213,3,4.046,4.0746151233017445,0.028615119487047203
2024-08-15,4210,4214,4,4.153,4.0732329638302325,-0.07976691409945502
2024-08-19,4210,4215,5,4.1885,4.071959801554679,-0.11654012596607277
2024-08-13,4211,4212,1,4.0559998,4.10232166865468,0.046321912795304954
2024-08-14,4211,4213,2,4.046,4.075166986733675,0.029166982918977347
2024-08-15,4211,4214,3,4.153,4.1069383147060865,-0.046061563223601
2024-08-19,4211,4215,4,4.1885,4.0802104516327375,-0.10828947588801441
2024-08-20,4211,4216,5,4.168,4.096744054973125,-0.07125616627931652
2024-08-14,4212,4213,1,4.046,4.123238918304443,0.07723891448974562
2024-08-15,4212,4214,2,4.153,4.096969343632459,-0.056030534297228485
2024-08-19,4212,4215,3,4.1885,4.128591034919023,-0.0599088926017286
2024-08-20,4212,4216,4,4.168,4.092534429043531,-0.07546579220891036
2024-08-21,4212,4217,5,4.197,4.1266565952003,-0.0703434315025806
2024-08-15,4213,4214,1,4.153,4.129648703694343,-0.023351174235344274
2024-08-19,4213,4215,2,4.1885,4.110155086636543,-0.0783448408842089
2024-08-20,4213,4216,3,4.168,4.138660458475351,-0.029339762777090606
2024-08-21,4213,4217,4,4.197,4.102817887246609,-0.0941821394562723
2024-08-22,4213,4218,5,4.1545,4.138955355286598,-0.015544652342796894
2024-08-19,4214,4215,1,4.1885,4.190319502353668,0.0018195748329157269
2024-08-20,4214,4216,2,4.168,4.138083169311285,-0.02991705194115646
2024-08-21,4214,4217,3,4.197,4.186145722538233,-0.010854304164648276
2024-08-22,4214,4218,4,4.1545,4.134884528845548,-0.019615478783846285
2024-08-26,4214,4219,5,4.235,4.17910571244359,-0.055894421070814104
2024-08-20,4215,4216,1,4.168,4.240832512617111,0.07283229136466929
2024-08-21,4215,4217,2,4.197,4.182505674690008,-0.01449435201287308
2024-08-22,4215,4218,3,4.1545,4.233757698446512,0.07925769081711742
2024-08-26,4215,4219,4,4.235,4.173977634042501,-0.0610224994719033
2024-08-27,4215,4220,5,4.2575,4.2311313453614705,-0.026368826299906445
2024-08-21,4216,4217,1,4.197,4.253926347851753,0.05692632114887175
2024-08-22,4216,4218,2,4.1545,4.2151527315676205,0.06065272393822596
2024-08-26,4216,4219,3,4.235,4.254810621470212,0.019810487955807865
2024-08-27,4216,4220,4,4.2575,4.2018934206664555,-0.055606750994921406
2024-08-28,4216,4221,5,4.1725,4.258115341424942,0.08561520791053745
2024-08-22,4217,4218,1,4.1545,4.272403769254684,0.11790376162528915
2024-08-26,4217,4219,2,4.235,4.2363281982839105,0.0013280647695061987
2024-08-27,4217,4220,3,4.2575,4.274105000823736,0.01660482916235928
2024-08-28,4217,4221,4,4.1725,4.225880723267793,0.053380589753388996
2024-08-29,4217,4222,5,4.1984997,4.275214146286249,0.07671446672081927
2024-08-26,4218,4219,1,4.235,4.254412354469299,0.019412220954894366
2024-08-27,4218,4220,2,4.2575,4.242758824437856,-0.01474134722352094
2024-08-28,4218,4221,3,4.1725,4.265380014955997,0.09287988144159254
2024-08-29,4218,4222,4,4.1984997,4.231428534656763,0.03292885509133292
2024-09-03,4218,4223,5,4.0715,4.270412642657757,0.19891281813383088
2024-08-27,4219,4220,1,4.2575,4.287069414913654,0.02956924325227739
2024-08-28,4219,4221,2,4.1725,4.2533130041658875,0.08081287065148324
2024-08-29,4219,4222,3,4.1984997,4.288410309672355,0.08991063010692546
2024-09-03,4219,4223,4,4.0715,4.248706361681222,0.1772065371572964
2024-09-04,4219,4224,5,4.058,4.285610561430454,0.22761047369241716
2024-08-28,4220,4221,1,4.1725,4.315760061144829,0.1432599276304245
2024-08-29,4220,4222,2,4.1984997,4.277496418356895,0.0789967387914654
2024-09-03,4220,4223,3,4.0715,4.314489399760961,0.24298957523703546
2024-09-04,4220,4224,4,4.058,4.270271967500448,0.2122718797624108
2024-09-05,4220,4225,5,4.1155,4.314313712120056,0.19881373882293651
2024-08-29,4221,4222,1,4.1984997,4.282717446565628,0.08421776700019823
2024-09-03,4221,4223,2,4.0715,4.28097703436017,0.20947720983624407
2024-09-04,4221,4224,3,4.058,4.296442548543214,0.23844246080517717
2024-09-05,4221,4225,4,4.1155,4.268665769815445,0.15316579651832551
2024-09-09,4221,4226,5,4.123,4.304392674803734,0.18139252984523768
2024-09-03,4222,4223,1,4.0715,4.277286343455314,0.20578651893138833
2024-09-04,4222,4224,2,4.058,4.271174789398908,0.21317470166087116
2024-09-05,4222,4225,3,4.1155,4.2893058373034,0.1738058640062805
2024-09-09,4222,4226,4,4.123,4.265867063611745,0.1428669186532492
2024-09-10,4222,4227,5,4.0765,4.290364756524562,0.21386481755971865
2024-09-04,4223,4224,1,4.058,4.202332535564899,0.14433244782686216
2024-09-05,4223,4225,2,4.1155,4.23981068995595,0.12431071665883042
2024-09-09,4223,4226,3,4.123,4.231740104079246,0.10873995912074985
2024-09-10,4223,4227,4,4.0765,4.231622353762388,0.1551224147975443
2024-09-11,4223,4228,5,4.1200004,4.240527403831481,0.12052704143524107
2024-09-05,4224,4225,1,4.1155,4.155925781041383,0.0404258077442643
2024-09-09,4224,4226,2,4.123,4.192651792258024,0.06965164729952811
2024-09-10,4224,4227,3,4.0765,4.185088262170553,0.10858832320570944
2024-09-11,4224,4228,4,4.1200004,4.192749118626117,0.07274875622987675
2024-09-12,4224,4229,5,4.172,4.186399146229029,0.014399214893579426
2024-09-09,4225,4226,1,4.123,4.165998747527599,0.04299860256910293
2024-09-10,4225,4227,2,4.0765,4.169604199707508,0.0931042607426642
2024-09-11,4225,4228,3,4.1200004,4.181306497126817,0.061306134730577
2024-09-12,4225,4229,4,4.172,4.174708936452865,0.002709005117416119
2024-09-16,4225,4230,5,4.2505,4.175252046763896,-0.0752481554150588
2024-09-10,4226,4227,1,4.0765,4.180618543505668,0.10411860454082422
2024-09-11,4226,4228,2,4.1200004,4.170069573968648,0.05006921157240818
2024-09-12,4226,4229,3,4.172,4.190346595346927,0.018346664011477998
2024-09-16,4226,4230,4,4.2505,4.170506396383047,-0.0799938057959082
2024-09-17,4226,4231,5,4.2495003,4.186941214501857,-0.06255906015634594
2024-09-11,4227,4228,1,4.1200004,4.165991036444902,0.04599067404866197
2024-09-12,4227,4229,2,4.172,4.1670280728638165,-0.0049718584716327285
2024-09-16,4227,4230,3,4.2505,4.1813317144513125,-0.06916848772764261
2024-09-17,4227,4231,4,4.2495003,4.16219259878993,-0.08730767586827337
2024-09-18,4227,4232,5,4.2730002,4.182975217103958,-0.09002502322196992
2024-09-12,4228,4229,1,4.172,4.182864761054516,0.010864829719066549
2024-09-16,4228,4230,2,4.2505,4.167032241016626,-0.08346796116232902
2024-09-17,4228,4231,3,4.2495003,4.191997600674629,-0.057502673983574226
2024-09-18,4228,4232,4,4.2730002,4.165167826265097,-0.1078324140608311
2024-09-19,4228,4233,5,4.321,4.188536991804837,-0.1324631073772915
2024-09-16,4229,4230,1,4.2505,4.220880607157945,-0.029619595021009637
2024-09-17,4229,4231,2,4.2495003,4.185473399490117,-0.0640268751680857
2024-09-18,4229,4232,3,4.2730002,4.222020596951246,-0.050979643374681416
2024-09-19,4229,4233,4,4.321,4.182784107297659,-0.1382159918844703
2024-09-23,4229,4234,5,4.3195,4.217299121856689,-0.102200847625733
2024-09-17,4230,4231,1,4.2495003,4.285028478890657,0.035528204232454286
2024-09-18,4230,4232,2,4.2730002,4.225133373469114,-0.04786686685681385
2024-09-19,4230,4233,3,4.321,4.276183241814374,-0.04481685736775454
2024-09-23,4230,4234,4,4.3195,4.220158474683761,-0.09934149479866061
2024-09-24,4230,4235,5,4.462,4.270851549148559,-0.19114834403991754
2024-09-18,4231,4232,1,4.2730002,4.317168063163757,0.04416782283782883
2024-09-19,4231,4233,2,4.321,4.266658595830202,-0.05434150335192722
2024-09-23,4231,4234,3,4.3195,4.312151899665594,-0.007348069816828229
2024-09-24,4231,4235,4,4.462,4.255020279556512,-0.20697961363196438
2024-09-25,4231,4236,5,4.4605,4.313516552895307,-0.1469832105934623
2024-09-19,4232,4233,1,4.321,4.3434355537593365,0.022435454577207636
2024-09-23,4232,4234,2,4.3195,4.29813627743721,-0.021363692045212268
2024-09-24,4232,4235,3,4.462,4.340513261824846,-0.12148663136363069
2024-09-25,4232,4236,4,4.4605,4.286358953267335,-0.17414081022143435
2024-09-26,4232,4237,5,4.61,4.342264094412326,-0.2677360391020782
2024-09-23,4233,4234,1,4.3195,4.379256450593471,0.05975648111104892
2024-09-24,4233,4235,2,4.462,4.329463697135448,-0.1325361960530289
2024-09-25,4233,4236,3,4.4605,4.373819720476865,-0.08668004301190457
2024-09-26,4233,4237,4,4.61,4.319260684281587,-0.29073944923281747
2024-09-30,4233,4238,5,4.553,4.374173388242721,-0.17882658505439775
2024-09-24,4234,4235,1,4.462,4.393488191545009,-0.06851170164346776
2024-09-25,4234,4236,2,4.4605,4.355827472060918,-0.1046722914278515
2024-09-26,4234,4237,3,4.61,4.392234202772379,-0.21776593074202566
2024-09-30,4234,4238,4,4.553,4.3438356964290135,-0.20916427686810568
2024-10-01,4234,4239,5,4.5889997,4.3960349329113955,-0.192964815318585
2024-09-25,4235,4236,1,4.4605,4.476868128746748,0.016368365257978468
2024-09-26,4235,4237,2,4.61,4.399938199609518,-0.21006193390488637
2024-09-30,4235,4238,3,4.553,4.458708528995514,-0.09429144430160541
2024-10-01,4235,4239,4,4.5889997,4.393294164031744,-0.1957055841982367
2024-10-02,4235,4240,5,4.649,4.45433030128479,-0.19466986656189
2024-09-26,4236,4237,1,4.61,4.516595835208893,-0.09340429830551145
2024-09-30,4236,4238,2,4.553,4.452831016719341,-0.10016895657777791
2024-10-01,4236,4239,3,4.5889997,4.502788203805685,-0.08621154442429546
2024-10-02,4236,4240,4,4.649,4.438046787112951,-0.21095338073372893
2024-10-03,4236,4241,5,4.553,4.507878977239131,-0.04512099605798792
2024-09-30,4237,4238,1,4.553,4.616187594354153,0.06318762105703346
2024-10-01,4237,4239,2,4.5889997,4.517437176853418,-0.07156257137656219
2024-10-02,4237,4240,3,4.649,4.587345435768365,-0.06165473207831429
2024-10-03,4237,4241,4,4.553,4.5061010516583915,-0.046898921638727664
2024-10-07,4237,4242,5,4.5665,4.586064354002476,0.01956416708230968
2024-10-01,4238,4239,1,4.5889997,4.630042951107025,0.041043202877044216
2024-10-02,4238,4240,2,4.649,4.572075616359711,-0.07692455148696897
2024-10-03,4238,4241,3,4.553,4.616845120459795,0.06384514716267553
2024-10-07,4238,4242,4,4.5665,4.550981220215559,-0.015518966704607173
2024-10-08,4238,4243,5,4.4565,4.629252669334411,0.17275261592864943
2024-10-02,4239,4240,1,4.649,4.650272455543279,0.0012722876965991503
2024-10-03,4239,4241,2,4.553,4.601535078376531,0.048535105079412055
2024-10-07,4239,4242,3,4.5665,4.64036642357707,0.07386623665690362
2024-10-08,4239,4243,4,4.4565,4.585639410823584,0.1291393574178219
2024-10-09,4239,4244,5,4.3995,4.649206450462341,0.24970655727386415
2024-10-03,4240,4241,1,4.553,4.687327542424201,0.1343275691270822
2024-10-07,4240,4242,2,4.5665,4.632509038716554,0.06600885179638816
2024-10-08,4240,4243,3,4.4565,4.673378610640764,0.2168785572350025
2024-10-09,4240,4244,4,4.3995,4.6204136844873425,0.2209137912988659
2024-10-10,4240,4245,5,4.4275,4.679666685968637,0.2521669148504726
2024-10-07,4241,4242,1,4.5665,4.6488213131427765,0.08232112622261045
2024-10-08,4241,4243,2,4.4565,4.640917244970798,0.18441719156503655
2024-10-09,4241,4244,3,4.3995,4.653401904672384,0.25390201148390723
2024-10-10,4241,4245,4,4.4275,4.624459085196256,0.19695931407809208
2024-10-15,4241,4246,5,4.3375,4.669201913118362,0.33170181775093077
2024-10-08,4242,4243,1,4.4565,4.633226169407367,0.17672611600160515
2024-10-09,4242,4244,2,4.3995,4.628186664253473,0.22868677106499646
2024-10-10,4242,4245,3,4.4275,4.638896524488925,0.21139675337076103
2024-10-15,4242,4246,4,4.3375,4.620178809076547,0.28267871370911557
2024-10-16,4242,4247,5,4.3675003,4.647541065007448,0.28004075983166654
2024-10-09,4243,4244,1,4.3995,4.561944920957088,0.16244502776861136
2024-10-10,4243,4245,2,4.4275,4.595565866738557,0.16806609562039299
2024-10-15,4243,4246,3,4.3375,4.583227926015853,0.24572783064842163
2024-10-16,4243,4247,4,4.3675003,4.587346269398927,0.21984596422314606
2024-10-17,4243,4248,5,4.325,4.596602694749832,0.271602885484695
2024-10-10,4244,4245,1,4.4275,4.4944677371680735,0.0669679660499094
2024-10-15,4244,4246,2,4.3375,4.541299434870481,0.20379933950304974
2024-10-16,4244,4247,3,4.3675003,4.521670144438743,0.1541698392629618
2024-10-17,4244,4248,4,4.325,4.539888098329305,0.21488828906416835
2024-10-21,4244,4249,5,4.3595004,4.529991236299276,0.1704908281266686
2024-10-15,4245,4246,1,4.3375,4.478447233438492,0.14094713807106007
2024-10-16,4245,4247,2,4.3675003,4.5001795653700825,0.1326792601943012
2024-10-17,4245,4248,3,4.325,4.495455797791481,0.17045598852634392
2024-10-21,4245,4249,4,4.3595004,4.505313687592745,0.14581327942013722
2024-10-22,4245,4250,5,4.3805003,4.495352844417095,0.11485252779722188
2024-10-16,4246,4247,1,4.3675003,4.4254925192594525,0.05799221408367128
2024-10-17,4246,4248,2,4.325,4.462962337344885,0.13796252807974785
2024-10-21,4246,4249,3,4.3595004,4.449463774472474,0.0899633662998669
2024-10-22,4246,4250,4,4.3805003,4.463080504477023,0.08258018785715038
2024-10-23,4246,4251,5,4.3364997,4.455160805732011,0.11866111472248964
2024-10-17,4247,4248,1,4.325,4.419870931565761,0.09487112230062422
2024-10-21,4247,4249,2,4.3595004,4.432761986166239,0.0732615779936312
2024-10-22,4247,4250,3,4.3805003,4.434933593779802,0.05443327715992918
2024-10-23,4247,4251,4,4.3364997,4.436986409038305,0.10048671802878317
2024-10-24,4247,4252,5,4.3515,4.433232362210751,0.08173232787847517
2024-10-21,4248,4249,1,4.3595004,4.397306427925825,0.03780601975321751
2024-10-22,4248,4250,2,4.3805003,4.412108580589294,0.03160826396942085
2024-10-23,4248,4251,3,4.3364997,4.413758543878793,0.0772588528692717
2024-10-24,4248,4252,4,4.3515,4.412337620586157,0.06083758625388125
2024-10-28,4248,4253,5,4.3625,4.415342233538627,0.052842042803764144
2024-10-22,4249,4250,1,4.3805003,4.40850979745388,0.028009480834007228
2024-10-23,4249,4251,2,4.3364997,4.401919531047344,0.06541984003782275
2024-10-24,4249,4252,3,4.3515,4.417021999120712,0.0655219647884362
2024-10-28,4249,4253,4,4.3625,4.4033052334487435,0.04080504271388019
2024-10-29,4249,4254,5,4.3605003,4.414484010875225,0.05398367518186564
2024-10-23,4250,4251,1,4.3364997,4.428579870045184,0.0920801790356629
2024-10-24,4250,4252,2,4.3515,4.408061929434537,0.05656189510226195
2024-10-28,4250,4253,3,4.3625,4.431710152804851,0.06920996206998797
2024-10-29,4250,4254,4,4.3605003,4.406566813021898,0.04606647732853819
2024-10-30,4250,4255,5,4.36,4.430016840726137,0.07001670721173259
2024-10-24,4251,4252,1,4.3515,4.416044150471687,0.06454411613941158
2024-10-28,4251,4253,2,4.3625,4.409737735271453,0.047237544536590015
2024-10-29,4251,4254,3,4.3605003,4.425471470087766,0.0649711343944066
2024-10-30,4251,4255,4,4.36,4.403327533066272,0.04332739955186771
2024-10-31,4251,4256,5,4.3515,4.429126940101384,0.07762690576910902
2024-10-28,4252,4253,1,4.3625,4.417560107648372,0.055059916913508644
2024-10-29,4252,4254,2,4.3605003,4.406476780921221,0.04597644522786126
2024-10-30,4252,4255,3,4.36,4.425369350343942,0.06536921682953789
2024-10-31,4252,4256,4,4.3515,4.402308211296797,0.05080817696452122
2024-11-04,4252,4257,5,4.4375,4.426142334282398,-0.011357665717602217
2024-10-29,4253,4254,1,4.3605003,4.4240770145654675,0.06357667887210816
2024-10-30,4253,4255,2,4.36,4.408350782424211,0.04835064890980689
2024-10-31,4253,4256,3,4.3515,4.42974924531579,0.07824921098351467
2024-11-04,4253,4257,4,4.4375,4.404190965920686,-0.033309034079313626
2024-11-05,4253,4258,5,4.4810004,4.430304443269968,-0.05069598016142862
2024-10-30,4254,4255,1,4.36,4.426705868542194,0.06670573502778954
2024-10-31,4254,4256,2,4.3515,4.411732404798269,0.060232370465993945
2024-11-04,4254,4257,3,4.4375,4.432574419289827,-0.0049255807101733495
2024-11-05,4254,4258,4,4.4810004,4.406359655827283,-0.0746407676041132
2024-11-06,4254,4259,5,4.2595,4.434404029965401,0.17490400326251976
2024-10-31,4255,4256,1,4.3515,4.427753742158413,0.0762537078261376
2024-11-04,4255,4257,2,4.4375,4.413751874834299,-0.02374812516570124
2024-11-05,4255,4258,3,4.4810004,4.434014516085386,-0.04698590734601016
2024-11-06,4255,4259,4,4.2595,4.40811319771409,0.14861317101120886
2024-11-07,4255,4260,5,4.44,4.4361911254823205,-0.0038089317381384546
2024-11-04,4256,4257,1,4.4375,4.423194408208132,-0.014305591791868189
2024-11-05,4256,4258,2,4.4810004,4.412967845290899,-0.06803257814049779
2024-11-06,4256,4259,3,4.2595,4.4309661375284195,0.17146611082553864
2024-11-07,4256,4260,4,4.44,4.4071695279181,-0.03283052930235897
2024-11-12,4256,4261,5,4.1540003,4.433721494942903,0.27972121265530525
2024-11-05,4257,4258,1,4.4810004,4.468534532427787,-0.012465891003609286
2024-11-06,4257,4259,2,4.2595,4.428287057310342,0.16878703060746147
2024-11-07,4257,4260,3,4.44,4.463774293512105,0.02377423629164621
2024-11-12,4257,4261,4,4.1540003,4.425771993905306,0.2717717116177081
2024-11-13,4257,4262,5,4.102,4.46069444540143,0.3586942088901992
2024-11-06,4258,4259,1,4.2595,4.5164895473122595,0.25698952060937863
2024-11-07,4258,4260,2,4.44,4.46350252994895,0.02350247272849071
2024-11-12,4258,4261,3,4.1540003,4.5060343612134455,0.3520340789258478
2024-11-13,4258,4262,4,4.102,4.456524625331163,0.3545243888199323
2024-11-14,4258,4263,5,4.105,4.506058744907379,0.40105872583389246
2024-11-07,4259,4260,1,4.44,4.416450336962938,-0.023549720257521223
2024-11-12,4259,4261,2,4.1540003,4.450629189997911,0.29662890771031325
2024-11-13,4259,4262,3,4.102,4.442338317245245,0.34033808073401417
2024-11-14,4259,4263,4,4.105,4.43242499101162,0.32742497193813325
2024-11-18,4259,4264,5,4.1335,4.46079927444458,0.3272991752624508
2024-11-12,4260,4261,1,4.1540003,4.461726063221692,0.30772578093409475
2024-11-13,4260,4262,2,4.102,4.4353629135191435,0.333362677007913
2024-11-14,4260,4263,3,4.105,4.462967130720615,0.35796711164712836
2024-11-18,4260,4264,4,4.1335,4.437969259470701,0.30446916028857185
2024-11-19,4260,4265,5,4.153,4.456199717819691,0.3031998398900031
2024-11-13,4261,4262,1,4.102,4.325092346876859,0.22309211036562893
2024-11-14,4261,4263,2,4.105,4.39475135025382,0.2897513311803337
2024-11-18,4261,4264,3,4.1335,4.36471772518754,0.23121762600541107
2024-11-19,4261,4265,4,4.153,4.381867173105478,0.22886729517579063
2024-11-20,4261,4266,5,4.164,4.383233285188674,0.21923325085639878
2024-11-14,4262,4263,1,4.105,4.2267224817276,0.12172246265411335
2024-11-18,4262,4264,2,4.1335,4.307081341773271,0.17358124259114227
2024-11-19,4262,4265,3,4.153,4.27176374939084,0.11876387146115253
2024-11-20,4262,4266,4,4.164,4.308938462257385,0.14493842792510936
2024-11-21,4262,4267,5,4.138,4.277235908806324,0.13923589736223185
2024-11-18,4263,4264,1,4.1335,4.179959141731262,0.04645904254913269
2024-11-19,4263,4265,2,4.153,4.236130627840757,0.08313074991106983
2024-11-20,4263,4266,3,4.164,4.214536678582429,0.050536644250153806
2024-11-21,4263,4267,4,4.138,4.246440970629453,0.10844095918536123
2024-11-25,4263,4268,5,4.1215,4.2108897532820695,0.08938973802328043
2024-11-19,4264,4265,1,4.153,4.179987068355083,0.026987190425395546
2024-11-20,4264,4266,2,4.164,4.200803865522146,0.03680383118987063
2024-11-21,4264,4267,3,4.138,4.200320359796286,0.06232034835219391
2024-11-25,4264,4268,4,4.1215,4.2107624162137505,0.08926240095496141
2024-11-26,4264,4269,5,4.075,4.193314111739396,0.11831430247425967
2024-11-20,4265,4266,1,4.164,4.199456093311309,0.03545605897903403
2024-11-21,4265,4267,2,4.138,4.194554970830678,0.05655495938658639
2024-11-25,4265,4268,3,4.1215,4.210384364753962,0.08888434949517254
2024-11-26,4265,4269,4,4.075,4.199166615098714,0.12416680583357742
2024-11-27,4265,4270,5,4.117,4.204582712858915,0.0875826098620891
2024-11-21,4266,4267,1,4.138,4.220970014035702,0.08297000259161003
2024-11-25,4266,4268,2,4.1215,4.202896486639976,0.08139647138118722
2024-11-26,4266,4269,3,4.075,4.227864764004946,0.1528649547398091
2024-11-27,4266,4270,4,4.117,4.202162474930286,0.08516237193345955
2024-12-02,4266,4271,5,4.1135,4.224174906730651,0.11067478847503587
2024-11-25,4267,4268,1,4.1215,4.219371944248676,0.09787192898988728
2024-11-26,4267,4269,2,4.075,4.208531204015016,0.13353139474987952
2024-11-27,4267,4270,3,4.117,4.230196845501661,0.1131967425048348
2024-12-02,4267,4271,4,4.1135,4.203314343959093,0.08981422570347775
2024-12-03,4267,4272,5,4.1844997,4.230253740787505,0.04575400018691944
2024-11-26,4268,4269,1,4.075,4.208656457006931,0.13365664774179464
2024-11-27,4268,4270,2,4.117,4.204766945213079,0.08776684221625253
2024-12-02,4268,4271,3,4.1135,4.222772114902734,0.10927199664711917
2024-12-03,4268,4272,4,4.1844997,4.1994773508906365,0.014977610290050514
2024-12-04,4268,4273,5,4.183,4.223138078719377,0.04013799098134019
2024-11-27,4269,4270,1,4.117,4.176202385604381,0.05920228260755511
2024-12-02,4269,4271,2,4.1135,4.188479262888431,0.07497914463281585
2024-12-03,4269,4272,3,4.1844997,4.1968447455763815,0.012345004975795604
2024-12-04,4269,4273,4,4.183,4.183195503979921,0.00019541624188423867
2024-12-05,4269,4274,5,4.1745,4.199054283380508,0.024554294824599587
2024-12-02,4270,4271,1,4.1135,4.18246128386259,0.06896116560697507
2024-12-03,4270,4272,2,4.1844997,4.17712729871273,-0.00737244188785624
2024-12-04,4270,4273,3,4.183,4.195697461515665,0.012697373777627696
2024-12-05,4270,4274,4,4.1745,4.176714859992265,0.0022148714363572353
2024-12-09,4270,4275,5,4.2580004,4.192016982585192,-0.06598339125514041
2024-12-03,4271,4272,1,4.1844997,4.185346270829439,0.0008465302288529486
2024-12-04,4271,4273,2,4.183,4.17655730381608,-0.006442783921957407
2024-12-05,4271,4274,3,4.1745,4.19686704519391,0.02236705663800187
2024-12-09,4271,4275,4,4.2580004,4.173864468693733,-0.0841359051465993
2024-12-10,4271,4276,5,4.2535,4.195317951202393,-0.058182033538818345
2024-12-04,4272,4273,1,4.183,4.2279737612009045,0.0449736734628674
2024-12-05,4272,4274,2,4.1745,4.192542378246784,0.01804238969087546
2024-12-09,4272,4275,3,4.2580004,4.228795929342508,-0.029204444497824333
2024-12-10,4272,4276,4,4.2535,4.19079467177391,-0.0627053129673012
2024-12-11,4272,4277,5,4.2450004,4.2234508985877035,-0.02154946380853673
2024-12-05,4273,4274,1,4.1745,4.250249203443527,0.07574921488761888
2024-12-09,4273,4275,2,4.2580004,4.216917944282293,-0.0410824295580392
2024-12-10,4273,4276,3,4.2535,4.252003578960895,-0.0014964057803155129
2024-12-11,4273,4277,4,4.2450004,4.209683698266744,-0.03531666412949619
2024-12-12,4273,4278,5,4.2250004,4.25166866788268,0.026668286412953712
2024-12-09,4274,4275,1,4.2580004,4.256125673681497,-0.001874700158834841
2024-12-10,4274,4276,2,4.2535,4.232255704581737,-0.02124428015947366
2024-12-11,4274,4277,3,4.2450004,4.262037990033626,0.01703762763738581
2024-12-12,4274,4278,4,4.2250004,4.223206644833088,-0.001793736636638954
2024-12-16,4274,4279,5,4.1705,4.263825710773467,0.0933259091377252
2024-12-10,4275,4276,1,4.2535,4.303065118134022,0.04956513339281088
2024-12-11,4275,4277,2,4.2450004,4.2562761439979075,0.011275781601667312
2024-12-12,4275,4278,3,4.2250004,4.299402353852987,0.07440197238326007
2024-12-16,4275,4279,4,4.1705,4.251005514770746,0.08050571313500399
2024-12-17,4275,4280,5,4.125,4.295532223969698,0.17053222396969758
2024-12-11,4276,4277,1,4.2450004,4.323472811102866,0.07847244870662617
2024-12-12,4276,4278,2,4.2250004,4.285012848317622,0.06001246684789585
2024-12-16,4276,4279,3,4.1705,4.322662313789129,0.15216251215338694
2024-12-17,4276,4280,4,4.125,4.275052005141973,0.1500520051419727
2024-12-18,4276,4281,5,4.1355,4.324281849563121,0.18878189533948841
2024-12-12,4277,4278,1,4.2250004,4.327211644172668,0.10221126270294167
2024-12-16,4277,4279,2,4.1705,4.30133220860362,0.1308324069678779
2024-12-17,4277,4280,3,4.125,4.331446279019117,0.20644627901911683
2024-12-18,4277,4281,4,4.1355,4.290626308113336,0.15512635388970342
2024-12-19,4277,4282,5,4.0555,4.334920225977897,0.27942019546031904
2024-12-16,4278,4279,1,4.1705,4.314786797463894,0.14428699582815163
2024-12-17,4278,4280,2,4.125,4.303580093413591,0.17858009341359082
2024-12-18,4278,4281,3,4.1355,4.324697831213474,0.1891978769898408
2024-12-19,4278,4282,4,4.0555,4.294168404370546,0.2386683738529678
2024-12-23,4278,4283,5,4.0635,4.3287844966351985,0.26528456911444653
2024-12-17,4279,4280,1,4.125,4.275577609211206,0.1505776092112061
2024-12-18,4279,4281,2,4.1355,4.287370355546474,0.15187040132284135
2024-12-19,4279,4282,3,4.0555,4.294522280544042,0.23902225002646382
2024-12-23,4279,4283,4,4.0635,4.279318109542131,0.21581818202137892
2024-12-26,4279,4284,5,4.1080003,4.300169919192791,0.1921696407198903
2024-12-18,4280,4281,1,4.1355,4.228795304119586,0.09329534989595345
2024-12-19,4280,4282,2,4.0555,4.2550719646513455,0.1995719341337674
2024-12-23,4280,4283,3,4.0635,4.253388030916452,0.18988810339569984
2024-12-26,4280,4284,4,4.1080003,4.250842123180627,0.14284184470772665
2024-12-30,4280,4285,5,4.0930004,4.257505540668964,0.16450512868165923
2024-12-19,4281,4282,1,4.0555,4.211178606271743,0.15567857575416522
2024-12-23,4281,4283,2,4.0635,4.226323381096124,0.1628234535753723
2024-12-26,4281,4284,3,4.1080003,4.230966286510228,0.12296600803732805
2024-12-30,4281,4285,4,4.0930004,4.227033634334802,0.13403322234749737
2025-01-02,4281,4286,5,4.026,4.229906533658504,0.20390651077032018
2024-12-23,4282,4283,1,4.0635,4.160441349387169,0.09694142186641663
2024-12-26,4282,4284,2,4.1080003,4.193647772371769,0.08564749389886828
2024-12-30,4282,4285,3,4.0930004,4.187616872072219,0.09461646008491442
2025-01-02,4282,4286,4,4.026,4.191533893674611,0.16553387078642778
2025-01-06,4282,4287,5,4.1615,4.191182309985161,0.029682332873344208
2024-12-26,4283,4284,1,4.1080003,4.141301608502864,0.03330133002996405
2024-12-30,4283,4285,2,4.0930004,4.16162739726901,0.06862698528170519
2025-01-02,4283,4286,3,4.026,4.163761283099651,0.13776126021146773
2025-01-06,4283,4287,4,4.1615,4.1637110568583005,0.002211079746484046
2025-01-07,4283,4288,5,4.1955,4.161796415865421,-0.03370348113775279
2024-12-30,4284,4285,1,4.0930004,4.159245923161507,0.06624551117420197
2025-01-02,4284,4286,2,4.026,4.1523978565037245,0.1263978336155409
2025-01-06,4284,4287,3,4.1615,4.170873402237892,0.009373425126075752
2025-01-07,4284,4288,4,4.1955,4.155496878117322,-0.04000301888585156
2025-01-08,4284,4289,5,4.2585,4.165103011488914,-0.09339708769321486
2025-01-02,4285,4286,1,4.026,4.164243538379669,0.13824351549148517
2025-01-06,4285,4287,2,4.1615,4.1550950681865215,-0.006404908925294883
2025-01-07,4285,4288,3,4.1955,4.175428151220083,-0.02007174578309101
2025-01-08,4285,4289,4,4.2585,4.152836762994528,-0.10566333618760115
2025-01-13,4285,4290,5,4.3255,4.173791526019573,-0.15170848542451854
2025-01-06,4286,4287,1,4.1615,4.131363064944744,-0.03013691216707226
2025-01-07,4286,4288,2,4.1955,4.143514689236879,-0.051985207766295005
2025-01-08,4286,4289,3,4.2585,4.151998130649328,-0.10650196853280125
2025-01-13,4286,4290,4,4.3255,4.137485873013734,-0.18801413843035775
2025-01-14,4286,4291,5,4.3425,4.155215944617987,-0.187284265190363
2025-01-07,4287,4288,1,4.1955,4.188976940333843,-0.006522956669330782
2025-01-08,4287,4289,2,4.2585,4.151726992309093,-0.1067731068730362
2025-01-13,4287,4290,3,4.3255,4.189788271278142,-0.13571174016594956
2025-01-14,4287,4291,4,4.3425,4.154031355589628,-0.18846885421872184
2025-01-15,4287,4292,5,4.389,4.180100442111492,-0.20889949685335196
2025-01-08,4288,4289,1,4.2585,4.239532465755939,-0.01896763342618968
2025-01-13,4288,4290,2,4.3255,4.188822301864624,-0.1366777095794678
2025-01-14,4288,4291,3,4.3425,4.234484624296426,-0.10801558551192336
2025-01-15,4288,4292,4,4.389,4.1840891559422015,-0.2049107830226422
2025-01-16,4288,4293,5,4.441,4.230124944865703,-0.21087503987550793
2025-01-13,4289,4290,1,4.3255,4.3015424919128415,-0.02395751953125025
2025-01-14,4289,4291,2,4.3425,4.236468039810657,-0.10603216999769227
2025-01-15,4289,4292,3,4.389,4.290941003650427,-0.098058935314417
2025-01-16,4289,4293,4,4.441,4.228044828206301,-0.21295515653491037
2025-01-21,4289,4294,5,4.341,4.287797382801771,-0.05320269730687155
2025-01-14,4290,4291,1,4.3425,4.368328804373741,0.025828594565391327
2025-01-15,4290,4292,2,4.389,4.292769780695438,-0.09623015826940584
2025-01-16,4290,4293,3,4.441,4.353284065216779,-0.08771591952443192
2025-01-21,4290,4294,4,4.341,4.281514726072549,-0.05948535403609334
2025-01-22,4290,4295,5,4.301,4.35146529173851,0.0504651734828947
2025-01-15,4291,4292,1,4.389,4.408052759498357,0.019052820533513426
2025-01-16,4291,4293,2,4.441,4.344003881394863,-0.09699610334634823
2025-01-21,4291,4294,3,4.341,4.397210560411215,0.05621048030257203
2025-01-22,4291,4295,4,4.301,4.328778035998344,0.02777791774272842
2025-01-23,4291,4296,5,4.3055,4.400224134892225,0.09472410437464696
2025-01-16,4292,4293,1,4.441,4.448689956903458,0.007689972162246761
2025-01-21,4292,4294,2,4.341,4.387154474943876,0.046154394835233425
2025-01-22,4292,4295,3,4.301,4.438120563417673,0.1371204451620578
2025-01-23,4292,4296,4,4.3055,4.373053613990545,0.06755358347296703
2025-01-27,4292,4297,5,4.2079997,4.440770049750805,0.23277034348249437
2025-01-21,4293,4294,1,4.341,4.492944902539253,0.15194482243061014
2025-01-22,4293,4295,2,4.301,4.430094368368387,0.12909425011277165
2025-01-23,4293,4296,3,4.3055,4.4806400986313815,0.17514006811380334
2025-01-27,4293,4297,4,4.2079997,4.416827554792166,0.20882784852385505
2025-01-28,4293,4298,5,4.2245,4.483347939103841,0.2588477598130696
2025-01-22,4294,4295,1,4.301,4.455171851336956,0.15417173308134036
2025-01-23,4294,4296,2,4.3055,4.443818011492491,0.13831798097491266
2025-01-27,4294,4297,3,4.2079997,4.463227848678827,0.25522814241051606
2025-01-28,4294,4298,4,4.2245,4.425875780910253,0.20137560161948187
2025-01-29,4294,4299,5,4.2605,4.476001361370086,0.21550140714645316
2025-01-23,4295,4296,1,4.3055,4.408210524082183,0.10271049356460527
2025-01-27,4295,4297,2,4.2079997,4.421748059183359,0.21374835291504812
2025-01-28,4295,4298,3,4.2245,4.426180889695883,0.20168071040511126
2025-01-29,4295,4299,4,4.2605,4.4113170483708375,0.15081709414720468
2025-01-30,4295,4300,5,4.3075,4.435057596325874,0.12755771076679157
2025-01-27,4296,4297,1,4.2079997,4.383698034226894,0.17569832795858353
2025-01-28,4296,4298,2,4.2245,4.3950010226070875,0.170500843316316
2025-01-29,4296,4299,3,4.2605,4.3998881817758075,0.13938822755217473
2025-01-30,4296,4300,4,4.3075,4.391934512585401,0.08443462702631876
2025-02-03,4296,4301,5,4.3055,4.4029461470842355,0.09744611656665736
2025-01-28,4297,4298,1,4.2245,4.318018574744463,0.09351839545369156
2025-01-29,4297,4299,2,4.2605,4.356970587968826,0.09647063374519327
2025-01-30,4297,4300,3,4.3075,4.345196389913559,0.0376965043544768
2025-02-03,4297,4301,4,4.3055,4.352632999747991,0.04713296923041277
2025-02-04,4297,4302,5,4.3535004,4.352818690955639,-0.0006816752552989414
2025-01-29,4298,4299,1,4.2605,4.295812949061394,0.03531299483776085
2025-01-30,4298,4300,2,4.3075,4.318665055245161,0.011165169686078613
2025-02-03,4298,4301,3,4.3055,4.316800848901272,0.011300818383693567
2025-02-04,4298,4302,4,4.3535004,4.321094254702329,-0.032406111508608504
2025-02-05,4298,4303,5,4.444,4.316397371709346,-0.12760239559412057
2025-01-30,4299,4300,1,4.3075,4.308068985581397,0.0005691000223153608
2025-02-03,4299,4301,2,4.3055,4.304893061548471,-0.0006069689691070579
2025-02-04,4299,4302,3,4.3535004,4.318549180597066,-0.03495118561387134
2025-02-05,4299,4303,4,4.444,4.308084199339151,-0.13591556796431536
2025-02-06,4299,4304,5,4.461,4.314788047909737,-0.14621191775798792
2025-02-03,4300,4301,1,4.3055,4.345209102779626,0.03970907226204812
2025-02-04,4300,4302,2,4.3535004,4.316585146993399,-0.03691521921753882
2025-02-05,4300,4303,3,4.444,4.34582640621066,-0.09817336109280639
2025-02-06,4300,4304,4,4.461,4.316645793616772,-0.1443541720509529
2025-02-10,4300,4305,5,4.707,4.34170056015253,-0.36529921859502856
2025-02-04,4301,4302,1,4.3535004,4.365959001094103,0.012458634883165232
2025-02-05,4301,4303,2,4.444,4.336518504172563,-0.10748126313090367
2025-02-06,4301,4304,3,4.461,4.366947895348072,-0.09405207031965279
2025-02-10,4301,4305,4,4.707,4.330622026801109,-0.37637775194644973
2025-02-11,4301,4306,5,4.601,4.36727551215887,-0.2337243199944501
2025-02-05,4302,4303,1,4.444,4.402968863517046,-0.041030903786420936
2025-02-06,4302,4304,2,4.461,4.360912618488073,-0.10008734717965151
2025-02-10,4302,4305,3,4.707,4.399276296943426,-0.3077234818041328
2025-02-11,4302,4306,4,4.601,4.354641632586717,-0.2463581995666031
2025-02-12,4302,4307,5,4.7044997,4.3979802098274225,-0.30651951169967706
2025-02-06,4303,4304,1,4.461,4.4706648753285405,0.009664909660815901
2025-02-10,4303,4305,2,4.707,4.403613259941339,-0.3033865188062199
2025-02-11,4303,4306,3,4.601,4.45640458253026,-0.1445952496230607
2025-02-12,4303,4307,4,4.7044997,4.396885236084461,-0.30761448544263903
2025-02-13,4303,4308,5,4.778,4.453129456460475,-0.3248704214692122
2025-02-10,4304,4305,1,4.707,4.513013307869434,-0.1939864708781247
2025-02-11,4304,4306,2,4.601,4.451656639665365,-0.14934319248795536
2025-02-12,4304,4307,3,4.7044997,4.500536776065826,-0.20396294546127347
2025-02-13,4304,4308,4,4.778,4.438893755763769,-0.3391061221659184
2025-02-18,4304,4309,5,4.6425004,4.503550558954477,-0.1389498415887358
2025-02-11,4305,4306,1,4.601,4.66758258575201,0.06658275359868959
2025-02-12,4305,4307,2,4.7044997,4.5354090013206,-0.1690907202064995
2025-02-13,4305,4308,3,4.778,4.624923834234476,-0.15307604369521144
2025-02-18,4305,4309,4,4.6425004,4.528099311739206,-0.11440108880400679
2025-02-19,4305,4310,5,4.6140003,4.6166973594427105,0.002697039008140223
2025-02-12,4306,4307,1,4.7044997,4.683244836747646,-0.02125488477945403
2025-02-13,4306,4308,2,4.778,4.6120800881683826,-0.16591978976130495
2025-02-18,4306,4309,3,4.6425004,4.6642082576453685,0.021707857102155614
2025-02-19,4306,4310,4,4.6140003,4.586065396040677,-0.027934924393893112
2025-02-20,4306,4311,5,4.666,4.67993240571022,0.01393251633644077
2025-02-13,4307,4308,1,4.778,4.7404485659003255,-0.037551312029362016
2025-02-18,4307,4309,2,4.6425004,4.661558979719877,0.019058579176664203
2025-02-19,4307,4310,3,4.6140003,4.717711083918809,0.10371076348423891
2025-02-20,4307,4311,4,4.666,4.644013140469789,-0.02198674890399044
2025-02-24,4307,4312,5,4.5635,4.725024316430091,0.1615243889093394
2025-02-18,4308,4309,1,4.6425004,4.801084768891334,0.15858436834812117
2025-02-19,4308,4310,2,4.6140003,4.718328387349843,0.10432806691527308
2025-02-20,4308,4311,3,4.666,4.774321059703826,0.10832117033004707
2025-02-24,4308,4312,4,4.5635,4.7017399728000155,0.1382400452792636
2025-02-25,4308,4313,5,4.5035,4.78269279462099,0.27919280987977935
2025-02-19,4309,4310,1,4.6140003,4.750189955830574,0.13618963539600326
2025-02-20,4309,4311,2,4.666,4.7376123463213435,0.07161245694756424
2025-02-24,4309,4312,3,4.5635,4.751413308680057,0.187913381159305
2025-02-25,4309,4313,4,4.5035,4.714514527529477,0.21101454278826637
2025-02-26,4309,4314,5,4.5615,4.773687500476837,0.2121874279975886
2025-02-20,4310,4311,1,4.666,4.70207446706295,0.03607457768917044
2025-02-24,4310,4312,2,4.5635,4.713393502831458,0.14989357531070624
2025-02-25,4310,4313,3,4.5035,4.713100273281335,0.20960028854012425
2025-02-26,4310,4314,4,4.5615,4.701530314713716,0.14003024223446836
2025-02-27,4310,4315,5,4.6185,4.727953902631998,0.10945366993546468
2025-02-24,4311,4312,1,4.5635,4.703412235707044,0.1399123081862923
2025-02-25,4311,4313,2,4.5035,4.69576992753148,0.19226994279026943
2025-02-26,4311,4314,3,4.5615,4.705484224468469,0.14398415198922088
2025-02-27,4311,4315,4,4.6185,4.693151285529137,0.07465105283260343
2025-03-03,4311,4316,5,4.607,4.7114492679536335,0.10444939383864327
2025-02-25,4312,4313,1,4.5035,4.648694184482097,0.1451941997408861
2025-02-26,4312,4314,2,4.5615,4.672531225174665,0.11103115269541686
2025-02-27,4312,4315,3,4.6185,4.663531349629164,0.04503111693263051
2025-03-03,4312,4316,4,4.607,4.6655141399204725,0.058514265805482246
2025-03-04,4312,4317,5,4.5565,4.677138076066971,0.12063811802864066
2025-02-26,4313,4314,1,4.5615,4.589487866312265,0.02798779383301664
2025-02-27,4313,4315,2,4.6185,4.627709410756826,0.009209178060292977
2025-03-03,4313,4316,3,4.607,4.611381922572851,0.004382048457860499
2025-03-04,4313,4317,4,4.5565,4.62511265155673,0.06861269351839994
2025-03-05,4313,4318,5,4.794,4.6215303326249115,-0.17246981614828183
2025-02-27,4314,4315,1,4.6185,4.593941745996474,-0.02455848670005878
2025-03-03,4314,4316,2,4.607,4.5986573856770985,-0.00834248843789176
2025-03-04,4314,4317,3,4.5565,4.602425187408923,0.04592522937059318
2025-03-05,4314,4318,4,4.794,4.603108972877264,-0.19089117589592952
2025-03-06,4314,4319,5,4.8075,4.6024764556884765,-0.2050234298706055
2025-03-03,4315,4316,1,4.607,4.632660551071167,0.025660676956176687
2025-03-04,4315,4317,2,4.5565,4.604787904828786,0.048287946790456004
2025-03-05,4315,4318,3,4.794,4.627756510883569,-0.16624363788962437
2025-03-06,4315,4319,4,4.8075,4.606511019200086,-0.20098886635899582
2025-03-10,4315,4320,5,4.6665,4.6268826576471325,-0.039617433905601906
2025-03-04,4316,4317,1,4.5565,4.650002150833607,0.0935021927952766
2025-03-05,4316,4318,2,4.794,4.622327908664942,-0.17167224010825155
2025-03-06,4316,4319,3,4.8075,4.645816283375025,-0.1616836021840573
2025-03-10,4316,4320,4,4.6665,4.616502915114164,-0.04999717643857071
2025-03-11,4316,4321,5,4.7660003,4.650971037954092,-0.11502923288941425
2025-03-05,4317,4318,1,4.794,4.630789467275142,-0.16321068149805118
2025-03-06,4317,4319,2,4.8075,4.623905971318483,-0.1835939142405989
2025-03-10,4317,4320,3,4.6665,4.6360773943364615,-0.030422697216272887
2025-03-11,4317,4321,4,4.7660003,4.614886922270059,-0.15111334857344705
2025-03-12,4317,4322,5,4.8494997,4.645170844912529,-0.20432885754108465
2025-03-06,4318,4319,1,4.8075,4.751444361418486,-0.05605552414059645
2025-03-10,4318,4320,2,4.6665,4.662600601106882,-0.0038994904458524715
2025-03-11,4318,4321,3,4.7660003,4.722408383727073,-0.043591887116432915
2025-03-12,4318,4322,4,4.8494997,4.663704744786024,-0.18579495766758924
2025-03-13,4318,4323,5,4.9255,4.714464301288127,-0.21103561478853283
2025-03-10,4319,4320,1,4.6665,4.819930655002594,0.1534305634498594
2025-03-11,4319,4321,2,4.7660003,4.734480396300554,-0.03151987454295213
2025-03-12,4319,4322,3,4.8494997,4.790581440627575,-0.05891826182603843
2025-03-13,4319,4323,4,4.9255,4.7204499771296975,-0.20504993894696266
2025-03-17,4319,4324,5,4.9589996,4.798091201543808,-0.16090843224525475
2025-03-11,4320,4321,1,4.7660003,4.772864707112312,0.006864436268806173
2025-03-12,4320,4322,2,4.8494997,4.758333901196718,-0.09116580125689566
2025-03-13,4320,4323,3,4.9255,4.773439912199974,-0.15206000387668617
2025-03-17,4320,4324,4,4.9589996,4.7355332717001435,-0.223466362088919
2025-03-18,4320,4325,5,5.0165,4.795078043878078,-0.2214219523072245
2025-03-12,4321,4322,1,4.8494997,4.796786986529827,-0.05271271592378657
2025-03-13,4321,4323,2,4.9255,4.761437299370765,-0.16406261670589473
2025-03-17,4321,4324,3,4.9589996,4.788392743587494,-0.17060689020156872
2025-03-18,4321,4325,4,5.0165,4.753250422030687,-0.2632495741546155
2025-03-19,4321,4326,5,5.1,4.795070958018303,-0.3049289466142655
2025-03-13,4322,4323,1,4.9255,4.851297672152519,-0.07420224392414099
2025-03-17,4322,4324,2,4.9589996,4.792163671433925,-0.16683596235513765
2025-03-18,4322,4325,3,5.0165,4.830829540967941,-0.18567045521736159
2025-03-19,4322,4326,4,5.1,4.784763116121292,-0.31523678851127634
2025-03-20,4322,4327,5,5.112,4.836704135537147,-0.27529585301876125
2025-03-17,4323,4324,1,4.9589996,4.920559450566768,-0.0384401832222947
2025-03-18,4323,4325,2,5.0165,4.843581587672233,-0.17291840851306972
2025-03-19,4323,4326,3,5.1,4.891311105489731,-0.20868879914283767
2025-03-20,4323,4327,4,5.112,4.832037888467312,-0.27996210008859634
2025-03-24,4323,4328,5,5.0924997,4.900453531861305,-0.19204620110988646
2025-03-18,4324,4325,1,5.0165,4.970996183633804,-0.045503812551499045
2025-03-19,4324,4326,2,5.1,4.897667121708393,-0.20233278292417545
2025-03-20,4324,4327,3,5.112,4.94236055701971,-0.16963943153619798
2025-03-24,4324,4328,4,5.0924997,4.881104132890701,-0.21139560008049063
2025-03-25,4324,4329,5,5.185,4.957143744587897,-0.2278561981916436
2025-03-19,4325,4326,1,5.1,5.022437441527843,-0.07756246310472559
2025-03-20,4325,4327,2,5.112,4.947901282548904,-0.16409870600700405
2025-03-24,4325,4328,3,5.0924997,4.992258764743805,-0.1002409682273866
2025-03-25,4325,4329,4,5.185,4.93099525475502,-0.25400468802452103
2025-03-26,4325,4330,5,5.2184997,5.008059398412704,-0.21044026207923938
2025-03-20,4326,4327,1,5.112,5.087842011332511,-0.024157977223397076
2025-03-24,4326,4328,2,5.0924997,5.003283528923988,-0.08921620404720354
2025-03-25,4326,4329,3,5.185,5.051684119343757,-0.13331582343578408
2025-03-26,4326,4330,4,5.2184997,4.986536724567413,-0.2319629359245301
2025-03-27,4326,4331,5,5.0985,5.067992017209529,-0.03050775772333214
2025-03-24,4327,4328,1,5.0924997,5.12077875483036,0.028279021859168196
2025-03-25,4327,4329,2,5.185,5.053050023019313,-0.13194991976022763
2025-03-26,4327,4330,3,5.2184997,5.089935674488544,-0.12856398600339958
2025-03-27,4327,4331,4,5.0985,5.032791966736316,-0.06570780819654498
2025-03-31,4327,4332,5,5.034,5.112723799526691,0.07872387963533356
2025-03-25,4328,4329,1,5.185,5.119787984907626,-0.0652119578719148
2025-03-26,4328,4330,2,5.2184997,5.079319806098938,-0.13917985439300562
2025-03-27,4328,4331,3,5.0985,5.099455318689346,0.0009555437564845448
2025-03-31,4328,4332,4,5.034,5.059732822418212,0.025732902526854673
2025-04-01,4328,4333,5,5.035,5.125324959099292,0.09032511168718305
2025-03-26,4329,4330,1,5.2184997,5.1645576974153515,-0.053941963076591826
2025-03-27,4329,4331,2,5.0985,5.10521945720911,0.006719682276248307
2025-03-31,4329,4332,3,5.034,5.134942554891109,0.10094263499975131
2025-04-01,4329,4333,4,5.035,5.092454072415828,0.05745422500371866
2025-04-02,4329,4334,5,5.0405,5.154304458320141,0.1138042942881583
2025-03-27,4330,4331,1,5.0985,5.201336227357387,0.10283645242452533
2025-03-31,4330,4332,2,5.034,5.14178582817316,0.10778590828180246
2025-04-01,4330,4333,3,5.035,5.169860421419143,0.13486057400703366
2025-04-02,4330,4334,4,5.0405,5.126487456917762,0.08598729288577989
2025-04-03,4330,4335,5,4.8285,5.193398397147655,0.36489860314130773
2025-03-31,4331,4332,1,5.034,5.149797851502895,0.11579793161153784
2025-04-01,4331,4333,2,5.035,5.146585456132888,0.1115856087207785
2025-04-02,4331,4334,3,5.0405,5.1421330353021615,0.10163287127017906
2025-04-03,4331,4335,4,4.8285,5.127118932068347,0.2986191380619996
2025-04-07,4331,4336,5,4.186,5.175104374468326,0.9891045041680329
2025-04-01,4332,4333,1,5.035,5.084731318891048,0.04973147147893897
2025-04-02,4332,4334,2,5.0405,5.110615131020546,0.07011496698856323
2025-04-03,4332,4335,3,4.8285,5.090377915501594,0.26187812149524614
2025-04-07,4332,4336,4,4.186,5.100275611162185,0.9142757408618918
2025-04-08,4332,4337,5,4.144,5.1172524975538245,0.9732524441480628
2025-04-02,4333,4334,1,5.0405,5.0522597412467,0.011759577214717432
2025-04-03,4333,4335,2,4.8285,5.071111045956611,0.24261125195026345
2025-04-07,4333,4336,3,4.186,5.055101171016693,0.8691013007163999
2025-04-08,4333,4337,4,4.144,5.06945545566082,0.9254554022550581
2025-04-09,4333,4338,5,4.1925,5.073560252547264,0.8810601381063456
2025-04-03,4334,4335,1,4.8285,5.042909324049949,0.21440953004360175
2025-04-07,4334,4336,2,4.186,5.047367580294608,0.8613677099943153
2025-04-08,4334,4337,3,4.144,5.039852817595005,0.8958527641892431
2025-04-09,4334,4338,4,4.1925,5.047081645011901,0.8545815305709832
2025-04-10,4334,4339,5,4.3364997,5.055671791136264,0.7191721001267428
2025-04-07,4335,4336,1,4.186,4.924677585542201,0.7386777152419084
2025-04-08,4335,4337,2,4.144,4.994129014909267,0.850128961503505
2025-04-09,4335,4338,3,4.1925,4.9505847393274305,0.7580846248865125
2025-04-10,4335,4339,4,4.3364997,4.987222385704517,0.6507226946949958
2025-04-14,4335,4340,5,4.6255,4.977370539724826,0.35187033754587116
2025-04-08,4336,4337,1,4.144,4.506429710507392,0.36242965710163055
2025-04-09,4336,4338,2,4.1925,4.789163018226623,0.5966629037857052
2025-04-10,4336,4339,3,4.3364997,4.625589279830455,0.28908958882093394
2025-04-14,4336,4340,4,4.6255,4.779816769182681,0.1543165670037263
2025-04-15,4336,4341,5,4.6260004,4.673343181341886,0.047342776983976265
2025-04-09,4337,4338,1,4.1925,4.277518092751503,0.08501797831058511
2025-04-10,4337,4339,2,4.3364997,4.521406508773565,0.18490681776404383
2025-04-14,4337,4340,3,4.6255,4.382679962903261,-0.2428202392756944
2025-04-15,4337,4341,4,4.6260004,4.558028732985258,-0.06797167137265259
2025-04-16,4337,4342,5,4.6855,4.382704346597194,-0.3027957983613021
2025-04-10,4338,4339,1,4.3364997,4.206456922769546,-0.13004276823997518
2025-04-14,4338,4340,2,4.6255,4.350951358497142,-0.27454884368181265
2025-04-15,4338,4341,3,4.6260004,4.2693366340100765,-0.3566637703478337
2025-04-16,4338,4342,4,4.6855,4.39724974104762,-0.288250403910876
2025-04-21,4338,4343,5,4.78,4.250864839613437,-0.5291353701949122
2025-04-14,4339,4340,1,4.6255,4.279147006869316,-0.34635319530963926
2025-04-15,4339,4341,2,4.6260004,4.30083077982068,-0.32516962453722975
2025-04-16,4339,4342,3,4.6855,4.293737834185362,-0.3917623107731343
2025-04-21,4339,4343,4,4.78,4.337613061100244,-0.44238714870810547
2025-04-22,4339,4344,5,4.928,4.268676607012749,-0.6593233662843705
2025-04-15,4340,4341,1,4.6260004,4.499808182954788,-0.12619222140312214
2025-04-16,4340,4342,2,4.6855,4.377409125268459,-0.30809101969003727
2025-04-21,4340,4343,3,4.78,4.45890755829215,-0.32109265151619937
2025-04-22,4340,4344,4,4.928,4.398880947649478,-0.529119025647641
2025-04-23,4340,4345,5,4.895,4.429527707993984,-0.46547227293253
2025-04-16,4341,4342,1,4.6855,4.625329187095165,-0.060170957863331154
2025-04-21,4341,4343,2,4.78,4.499589563339948,-0.2804106464684013
2025-04-22,4341,4344,3,4.928,4.585458512991666,-0.34254146030545307
2025-04-23,4341,4345,4,4.895,4.4877882722914215,-0.40721170863509215
2025-04-24,4341,4346,5,4.9105,4.582320310741663,-0.32817973884940166
2025-04-21,4342,4343,1,4.78,4.7180568321943275,-0.06194337761402213
2025-04-22,4342,4344,2,4.928,4.600495541065931,-0.32750443223118797
2025-04-23,4342,4345,3,4.895,4.683099368214607,-0.21190061271190697
2025-04-24,4342,4346,4,4.9105,4.5793275770246975,-0.33117247256636695
2025-04-28,4342,4347,5,4.8645,4.686300509572028,-0.17819953620433893
2025-04-22,4343,4344,1,4.928,4.80463853597641,-0.12336143732070948
2025-04-23,4343,4345,2,4.895,4.689271360486745,-0.20572862043976858
2025-04-24,4343,4346,3,4.9105,4.768822015702724,-0.14167803388834077
2025-04-28,4343,4347,4,4.8645,4.6676313531398765,-0.19686869263649065
2025-04-29,4343,4348,5,4.8725,4.773702089011668,-0.09879785376787265
2025-04-23,4344,4345,1,4.895,4.918673778235912,0.02367379730939856
2025-04-24,4344,4346,2,4.9105,4.785858089864254,-0.12464195972681047
2025-04-28,4344,4347,3,4.8645,4.871997552633285,0.007497506856918079
2025-04-29,4344,4348,4,4.8725,4.764928127348423,-0.10757181543111827
2025-04-30,4344,4349,5,4.609,4.877705421090125,0.2687052150964728
2025-04-24,4345,4346,1,4.9105,4.947532401025295,0.037032351434230115
2025-04-28,4345,4347,2,4.8645,4.862580861806869,-0.001919183969498306
2025-04-29,4345,4348,3,4.8725,4.917518366277218,0.04501842349767671
2025-04-30,4345,4349,4,4.609,4.833573019146919,0.22457281315326671
2025-05-01,4345,4350,5,4.6280003,4.938205742299556,0.31020548290014194
2025-04-28,4346,4347,1,4.8645,4.9597521746158595,0.0952521288394923
2025-04-29,4346,4348,2,4.8725,4.901894045472145,0.029394102692603674
2025-04-30,4346,4349,3,4.609,4.939111898720264,0.33011169272661167
2025-05-01,4346,4350,4,4.6280003,4.8784081716537475,0.25040791225433345
2025-05-05,4346,4351,5,4.699,4.959418722391128,0.2604188406467429
2025-04-29,4347,4348,1,4.8725,4.930721407115459,0.058221464335917794
2025-04-30,4347,4349,2,4.609,4.9111298384666435,0.3021296324729912
2025-05-01,4347,4350,3,4.6280003,4.924249099433422,0.296248840034008
2025-05-05,4347,4351,4,4.699,4.8918333750367164,0.19283349329233168
2025-05-06,4347,4352,5,4.778,4.9466812642216675,0.16868138629198004
2025-04-30,4348,4349,1,4.609,4.9154309553503985,0.3064307493567462
2025-05-01,4348,4350,2,4.6280003,4.903546301245689,0.2755460418462752
2025-05-05,4348,4351,3,4.699,4.911139842033386,0.21213996028900084
2025-05-06,4348,4352,4,4.778,4.892368982672691,0.11436910474300355
2025-05-07,4348,4353,5,4.6595,4.928412667274475,0.2689125452041621
2025-05-01,4349,4350,1,4.6280003,4.7585846155881875,0.1305843561887734
2025-05-05,4349,4351,2,4.699,4.842643753290176,0.14364387154579106
2025-05-06,4349,4352,3,4.778,4.794697074711323,0.01669719678163517
2025-05-07,4349,4353,4,4.6595,4.828320312976837,0.16882019090652456
2025-05-08,4349,4354,5,4.604,4.824669844746589,0.22066975319385485
2025-05-05,4350,4351,1,4.699,4.691176831543445,-0.00782305020093954
2025-05-06,4350,4352,2,4.778,4.75511608722806,-0.022883790701627937
2025-05-07,4350,4353,3,4.6595,4.720302424520254,0.06080230244994134
2025-05-08,4350,4354,4,4.604,4.761439591854811,0.15743950030207632
2025-05-12,4350,4355,5,4.6210003,4.7285609940886495,0.1075607041716573
2025-05-06,4351,4352,1,4.778,4.702326223492622,-0.07567365443706553
2025-05-07,4351,4353,2,4.6595,4.714717933386564,0.055217811316251364
2025-05-08,4351,4354,3,4.604,4.709738658040761,0.10573856648802682
2025-05-12,4351,4355,4,4.6210003,4.725804803043603,0.1048045131266111
2025-05-13,4351,4356,5,4.723,4.708968800216913,-0.014031249374151678
2025-05-07,4352,4353,1,4.6595,4.761820352613926,0.10232023054361328
2025-05-08,4352,4354,2,4.604,4.725764788776636,0.12176469722390149
2025-05-12,4352,4355,3,4.6210003,4.749733126282692,0.12873283636569965
2025-05-13,4352,4356,4,4.723,4.730639443486928,0.007639393895863655
2025-05-14,4352,4357,5,4.6505003,4.749027458012104,0.09852716046571697
2025-05-08,4353,4354,1,4.604,4.731677105128765,0.12767701357603034
2025-05-12,4353,4355,2,4.6210003,4.731855293661355,0.11085500374436297
2025-05-13,4353,4356,3,4.723,4.7361916314363475,0.013191581845283018
2025-05-14,4353,4357,4,4.6505003,4.722769137352705,0.07226883980631804
2025-05-15,4353,4358,5,4.6835,4.749917358636855,0.06641754555702128
2025-05-12,4354,4355,1,4.6210003,4.685060692518949,0.06406040260195667
2025-05-13,4354,4356,2,4.723,4.705259561032056,-0.017740488559008227
2025-05-14,4354,4357,3,4.6505003,4.699742177158594,0.049241879612207384
2025-05-15,4354,4358,4,4.6835,4.699364959329366,0.01586514624953228
2025-05-19,4354,4359,5,4.6705003,4.7105374845266335,0.040037206053733065
2025-05-13,4355,4356,1,4.723,4.669686252474785,-0.053313797116279815
2025-05-14,4355,4357,2,4.6505003,4.6781588566899295,0.02765855914354276
2025-05-15,4355,4358,3,4.6835,4.679632090300321,-0.003867722779513194
2025-05-19,4355,4359,4,4.6705003,4.678394982546568,0.007894704073667214
2025-05-20,4355,4360,5,4.6540003,4.683572036743164,0.029571754455566257
2025-05-14,4356,4357,1,4.6505003,4.721204204380512,0.07070390683412509
2025-05-15,4356,4358,2,4.6835,4.684772673159837,0.0012728600800029355
2025-05-19,4356,4359,3,4.6705003,4.711975288838148,0.04147501036524748
2025-05-20,4356,4360,4,4.6540003,4.687082663446664,0.033082381159066365
2025-05-21,4356,4361,5,4.672,4.7100948266983025,0.038094895362853265
2025-05-15,4357,4358,1,4.6835,4.710339497268199,0.026839684188365354
2025-05-19,4357,4359,2,4.6705003,4.6968796982169145,0.026379419744014143
2025-05-20,4357,4360,3,4.6540003,4.710568745672703,0.056568463385104906
2025-05-21,4357,4361,4,4.672,4.6883095592260355,0.01630962789058632
2025-05-22,4357,4362,5,4.6795,4.7208271949589244,0.04132709196209827
2025-05-19,4358,4359,1,4.6705003,4.723409574031829,0.05290929555892898
2025-05-20,4358,4360,2,4.6540003,4.700634578675031,0.04663429638743377
2025-05-21,4358,4361,3,4.672,4.7205218777656555,0.04852194643020624
2025-05-22,4358,4362,4,4.6795,4.694973810344934,0.015473707348108157
2025-05-27,4358,4363,5,4.7149997,4.72635479080677,0.01135511505603759
2025-05-20,4359,4360,1,4.6540003,4.721263808965682,0.06726352667808477
2025-05-21,4359,4361,2,4.672,4.7047416680455205,0.0327417367100713
2025-05-22,4359,4362,3,4.6795,4.72069735699892,0.04119725400209351
2025-05-27,4359,4363,4,4.7149997,4.697665186613798,-0.017334489136934472
2025-05-28,4359,4364,5,4.6505003,4.7286883311569685,0.0781880336105818
2025-05-21,4360,4361,1,4.672,4.710419525802135,0.03841959446668586
2025-05-22,4360,4362,2,4.6795,4.701610760062932,0.022110657066106043
2025-05-27,4360,4363,3,4.7149997,4.713013575702905,-0.0019861000478273994
2025-05-28,4360,4364,4,4.6505003,4.6947074653804295,0.04420716783404277
2025-05-29,4360,4365,5,4.6755,4.721630606412887,0.046130690336227076
2025-05-22,4361,4362,1,4.6795,4.714479723453521,0.03497962045669478
2025-05-27,4361,4363,2,4.7149997,4.699277428120374,-0.015722247630358233
2025-05-28,4361,4364,3,4.6505003,4.714265688806772,0.06376539126038505
2025-05-29,4361,4365,4,4.6755,4.694475924491882,0.018976008415221735
2025-06-02,4361,4366,5,4.8585,4.720549387574195,-0.1379506162405022
2025-05-27,4362,4363,1,4.7149997,4.7209484882056705,0.005948812454938057
2025-05-28,4362,4364,2,4.6505003,4.7023589434921735,0.05185864594578682
2025-05-29,4362,4365,3,4.6755,4.7190786548554895,0.04357873877882934
2025-06-02,4362,4366,4,4.8585,4.696935343056917,-0.1615646607577803
2025-06-03,4362,4367,5,4.8339996,4.7258629487752914,-0.10813668501377105
2025-05-28,4363,4364,1,4.6505003,4.744397473871707,0.09389717632532069
2025-05-29,4363,4365,2,4.6755,4.713601285248995,0.03810136917233464
2025-06-02,4363,4366,3,4.8585,4.737338081866502,-0.12116192194819497
2025-06-03,4363,4367,4,4.8339996,4.708180602520704,-0.12581903126835847
2025-06-04,4363,4368,5,4.8865,4.742998850196599,-0.14350103154778537
2025-05-29,4364,4365,1,4.6755,4.720050459682941,0.04455054360628097
2025-06-02,4364,4366,2,4.8585,4.71477086892724,-0.1437291348874572
2025-06-03,4364,4367,3,4.8339996,4.723632570207118,-0.11036706358194426
2025-06-04,4364,4368,4,4.8865,4.704920273393392,-0.18157960835099285
2025-06-05,4364,4369,5,4.933,4.73577794227004,-0.19722214546799677
2025-06-02,4365,4366,1,4.8585,4.720555014580488,-0.13794498923420928
2025-06-03,4365,4367,2,4.8339996,4.708171432584524,-0.12582820120453864
2025-06-04,4365,4368,3,4.8865,4.721452001065015,-0.16504788067936982
2025-06-05,4365,4369,4,4.933,4.70313651239872,-0.22986357533931745
2025-06-09,4365,4370,5,4.925,4.728266305685043,-0.19673388504982015
2025-06-03,4366,4367,1,4.8339996,4.822270655989646,-0.011728977799416285
2025-06-04,4366,4368,2,4.8865,4.743912926107645,-0.14258695563674006
2025-06-05,4366,4369,3,4.933,4.794803779423236,-0.138196308314801
2025-06-09,4366,4370,4,4.925,4.743536750316619,-0.18146344041824403
2025-06-10,4366,4371,5,4.9,4.791826884686946,-0.10817321068048535
2025-06-04,4367,4368,1,4.8865,4.860880255460739,-0.025619626283646113
2025-06-05,4367,4369,2,4.933,4.798229584217071,-0.13477050352096587
2025-06-09,4367,4370,3,4.925,4.83887991130352,-0.08612027943134315
2025-06-10,4367,4371,4,4.9,4.783781516134739,-0.11621857923269285
2025-06-11,4367,4372,5,4.8145,4.850998815596103,0.036498960554599336
2025-06-05,4368,4369,1,4.933,4.906545287191867,-0.02645480054617
2025-06-09,4368,4370,2,4.925,4.841418316364288,-0.08358187437057563
2025-06-10,4368,4371,3,4.9,4.883534582793712,-0.016465512573719643
2025-06-11,4368,4372,4,4.8145,4.826878548920154,0.012378693878650537
2025-06-12,4368,4373,5,4.8355,4.895152891933917,0.05965312844514781
2025-06-09,4369,4370,1,4.925,4.949110880494117,0.024110689759253567
2025-06-10,4369,4371,2,4.9,4.884061854124068,-0.015938241243363294
2025-06-11,4369,4372,3,4.8145,4.9249072507619855,0.11040739572048164
2025-06-12,4369,4373,4,4.8355,4.869201972544193,0.03370220905542354
2025-06-16,4369,4374,5,4.836,4.937888545870781,0.10188858020305602
2025-06-10,4370,4371,1,4.9,4.960683756768703,0.06068366140127157
2025-06-11,4370,4372,2,4.8145,4.915304660320282,0.100804805278778
2025-06-12,4370,4373,3,4.8355,4.943510550379752,0.10801078689098276
2025-06-16,4370,4374,4,4.836,4.898679149210452,0.06267918354272783
2025-06-17,4370,4375,5,4.809,4.96111557739973,0.15211556214094113
2025-06-11,4371,4372,1,4.8145,4.94759408968687,0.13309423464536607
2025-06-12,4371,4373,2,4.8355,4.92515984082222,0.08966007733345016
2025-06-16,4371,4374,3,4.836,4.939331560373306,0.10333159470558151
2025-06-17,4371,4375,4,4.809,4.910415833890438,0.10141581863164895
2025-06-18,4371,4376,5,4.8529997,4.958285818457603,0.10528613126277886
2025-06-12,4372,4373,1,4.8355,4.88950129354,0.05400153005123087
2025-06-16,4372,4374,2,4.836,4.905298175871372,0.06929821020364724
2025-06-17,4372,4375,3,4.809,4.897013555347919,0.08801354008912998
2025-06-18,4372,4376,4,4.8529997,4.893106745719909,0.040107058525085115
2025-06-23,4372,4377,5,4.843,4.917933514297008,0.07493357914686172
2025-06-16,4373,4374,1,4.836,4.870710010230541,0.03471004456281612
2025-06-17,4373,4375,2,4.809,4.877234419822693,0.06823440456390362
2025-06-18,4373,4376,3,4.8529997,4.874327966868877,0.021328279674052375
2025-06-23,4373,4377,4,4.843,4.874159573495388,0.03115963834524127
2025-06-24,4373,4378,5,4.867,4.886372261226176,0.019372158229350234
2025-06-17,4374,4375,1,4.809,4.863232760906219,0.05423274564742986
2025-06-18,4374,4376,2,4.8529997,4.861839764237404,0.008840077042579608
2025-06-23,4374,4377,3,4.843,4.863263188421726,0.02026325327157963
2025-06-24,4374,4378,4,4.867,4.859560201466083,-0.007439901530743143
2025-06-25,4374,4379,5,4.913,4.87427919948101,-0.03872090733051348
2025-06-18,4375,4376,1,4.8529997,4.847616359591484,-0.005383327603340149
2025-06-23,4375,4377,2,4.843,4.849011023521423,0.006011088371276507
2025-06-24,4375,4378,3,4.867,4.849359897911548,-0.01764020508527775
2025-06-25,4375,4379,4,4.913,4.845061281919479,-0.06793882489204428
2025-06-26,4375,4380,5,5.0924997,4.861676372647285,-0.2308233603239067
2025-06-23,4376,4377,1,4.843,4.866320528507233,0.02332059335708614
2025-06-24,4376,4378,2,4.867,4.846408012092113,-0.020592090904712812
2025-06-25,4376,4379,3,4.913,4.85976360732317,-0.05323649948835385
2025-06-26,4376,4380,4,5.0924997,4.844380622565746,-0.24811911040544565
2025-06-30,4376,4381,5,5.0825,4.867603485941887,-0.21489649498462704
2025-06-24,4377,4378,1,4.867,4.8715532275438305,0.004553124547004295
2025-06-25,4377,4379,2,4.913,4.852309699654579,-0.06069040715694474
2025-06-26,4377,4380,3,5.0924997,4.865431878328323,-0.22706785464286838
2025-06-30,4377,4381,4,5.0825,4.84644302457571,-0.23605695635080348
2025-07-01,4377,4382,5,5.0994997,4.876546674609184,-0.22295302784442939
2025-06-25,4378,4379,1,4.913,4.888102878272533,-0.024897228538990568
2025-06-26,4378,4380,2,5.0924997,4.860797726035118,-0.23170200693607335
2025-06-30,4378,4381,3,5.0825,4.87891085088253,-0.2035891300439836
2025-07-01,4378,4382,4,5.0994997,4.85470805478096,-0.2447916476726535
2025-07-02,4378,4383,5,5.1974998,4.888999864757061,-0.308499887287617
2025-06-26,4379,4380,1,5.0924997,4.921422675013542,-0.17107705795764971
2025-06-30,4379,4381,2,5.0825,4.879952889084816,-0.20254709184169783
2025-07-01,4379,4382,3,5.0994997,4.906008845925331,-0.19349085652828268
2025-07-02,4379,4383,4,5.1974998,4.873183392107486,-0.32431635993719166
2025-07-03,4379,4384,5,5.1415,4.915514735221862,-0.22598526096344074
2025-06-30,4380,4381,1,5.0825,5.036763382732868,-0.045736598193645506
2025-07-01,4380,4382,2,5.0994997,4.93689902639389,-0.16260067605972317
2025-07-02,4380,4383,3,5.1974998,4.995685819983482,-0.2018139320611958
2025-07-03,4380,4384,4,5.1415,4.930844367623329,-0.21065562856197406
2025-07-07,4380,4385,5,5.026,4.999901489734649,-0.02609853315353483
2025-07-01,4381,4382,1,5.0994997,5.0864998661279675,-0.01299983632564583
2025-07-02,4381,4383,2,5.1974998,5.005774000227451,-0.19172575181722706
2025-07-03,4381,4384,3,5.1415,5.051793324947357,-0.08970667123794573
2025-07-07,4381,4385,4,5.026,4.986199104189872,-0.039800918698311705
2025-07-08,4381,4386,5,5.6855,5.071398231685161,-0.614101913273335
2025-07-02,4382,4383,1,5.1974998,5.114658656060695,-0.0828410959839827
2025-07-03,4382,4384,2,5.1415,5.05104264062643,-0.0904573555588728
2025-07-07,4382,4385,3,5.026,5.086549883961677,0.06054986107349336
2025-07-08,4382,4386,4,5.6855,5.0308337685465805,-0.6546663764119156
2025-07-09,4382,4387,5,5.4865,5.1086931957602495,-0.37780659061670363
2025-07-03,4383,4384,1,5.1415,5.1746775556206694,0.03317755943536671
2025-07-07,4383,4385,2,5.026,5.096233336567878,0.07023331367969465
2025-07-08,4383,4386,3,5.6855,5.138422545671463,-0.5470775992870331
2025-07-09,4383,4387,4,5.4865,5.080265143156051,-0.40623464322090186
2025-07-10,4383,4388,5,5.591,5.157136301338672,-0.43386377876997084
2025-07-07,4384,4385,1,5.026,5.167264079034328,0.14126405614614423
2025-07-08,4384,4386,2,5.6855,5.127710392951965,-0.5577897520065314
2025-07-09,4384,4387,3,5.4865,5.1456380349993704,-0.3408617513775827
2025-07-10,4384,4388,4,5.591,5.106797936677932,-0.48420214343071066
2025-07-14,4384,4389,5,5.5505,5.174448307216167,-0.37605160886049305
2025-07-08,4385,4386,1,5.6855,5.094377258121967,-0.591122886836529
2025-07-09,4385,4387,2,5.4865,5.110844796240329,-0.3756549901366242
2025-07-10,4385,4388,3,5.591,5.096625559747219,-0.4943745203614238
2025-07-14,4385,4389,4,5.5505,5.093143484890461,-0.4573564311861995
2025-07-15,4385,4390,5,5.5775,5.12814096313715,-0.44935890334844597
2025-07-09,4386,4387,1,5.4865,5.417877601206302,-0.06862218517065077
2025-07-10,4386,4388,2,5.591,5.201210349142551,-0.3897897309660916
2025-07-14,4386,4389,3,5.5505,5.317990736842155,-0.23250917923450487
2025-07-15,4386,4390,4,5.5775,5.209027719736099,-0.3684721467494967
2025-07-16,4386,4391,5,5.526,5.307929649591445,-0.2180703732967384
2025-07-10,4387,4388,1,5.591,5.465743417620659,-0.12525666248798384
2025-07-14,4387,4389,2,5.5505,5.343489828467368,-0.20701008760929174
2025-07-15,4387,4390,3,5.5775,5.399844504892825,-0.1776553615927705
2025-07-16,4387,4391,4,5.526,5.303227973222732,-0.22277204966545128
2025-07-17,4387,4392,5,5.5125003,5.447562351882457,-0.06493793421983796
2025-07-14,4388,4389,1,5.5505,5.536793750405311,-0.013706165671349524
2025-07-15,4388,4390,2,5.5775,5.421849850833415,-0.1556500156521805
2025-07-16,4388,4391,3,5.526,5.474204351007938,-0.05179567188024592
2025-07-17,4388,4392,4,5.5125003,5.388396673202514,-0.12410361289978056
2025-07-21,4388,4393,5,5.6375,5.515555761396884,-0.12194404786825253
2025-07-15,4389,4390,1,5.5775,5.5315422946810715,-0.0459575718045242
2025-07-16,4389,4391,2,5.526,5.468758659362792,-0.05724136352539144
2025-07-17,4389,4392,3,5.5125003,5.488291457056999,-0.0242088290452962
2025-07-21,4389,4393,4,5.6375,5.4361445308923715,-0.20135527837276523
2025-07-22,4389,4394,5,5.7215,5.536799169003963,-0.18470075088739435
2025-07-16,4390,4391,1,5.526,5.533745997071265,0.00774597418308165
2025-07-17,4390,4392,2,5.5125003,5.486957648158073,-0.025542637944221624
2025-07-21,4390,4393,3,5.6375,5.495449009060859,-0.1420508002042773
2025-07-22,4390,4394,4,5.7215,5.463240441858768,-0.2582594780325893
2025-07-23,4390,4395,5,5.8195,5.5398690135478965,-0.27963095593452536
2025-07-17,4391,4392,1,5.5125003,5.500787995994091,-0.011712290108204293
2025-07-21,4391,4393,2,5.6375,5.486123600780964,-0.151376208484173
2025-07-22,4391,4394,3,5.7215,5.47511717647314,-0.2463827434182173
2025-07-23,4391,4395,4,5.8195,5.465837617874145,-0.35366235160827664
2025-07-24,4391,4396,5,5.8015,5.5215462306141845,-0.27995361298322763
2025-07-21,4392,4393,1,5.6375,5.475519820034504,-0.16197998923063306
2025-07-22,4392,4394,2,5.7215,5.469741092979907,-0.25175882691145013
2025-07-23,4392,4395,3,5.8195,5.453987559437751,-0.36551241004467094
2025-07-24,4392,4396,4,5.8015,5.456373410105705,-0.345126433491707
2025-07-28,4392,4397,5,5.5975,5.495436921417713,-0.10206292599439681
2025-07-22,4393,4394,1,5.7215,5.531734863340854,-0.18976505655050335
2025-07-23,4393,4395,2,5.8195,5.478483793497085,-0.3410161759853372
2025-07-24,4393,4396,3,5.8015,5.489292230546474,-0.3122076130509379
2025-07-28,4393,4397,4,5.5975,5.4708777482509605,-0.12662209916114886
2025-07-29,4393,4398,5,5.607,5.521901357233523,-0.08509851688146686
2025-07-23,4394,4395,1,5.8195,5.605161043226718,-0.21433892625570383
2025-07-24,4394,4396,2,5.8015,5.523955006122589,-0.2775448374748235
2025-07-28,4394,4397,3,5.5975,5.549076463103294,-0.04842338430881554
2025-07-29,4394,4398,4,5.607,5.509263934731483,-0.09773593938350711
2025-07-30,4394,4399,5,5.586,5.587066258251666,0.0010662925839417525
2025-07-24,4395,4396,1,5.8015,5.691393455803394,-0.11010638779401827
2025-07-28,4395,4397,2,5.5975,5.588365054666996,-0.009134792745113529
2025-07-29,4395,4398,3,5.607,5.624211585640907,0.01721171152591694
2025-07-30,4395,4399,4,5.586,5.567067044258117,-0.018932921409607673
2025-07-31,4395,4400,5,4.3545003,5.66752661281824,1.3130263190865508
2025-07-28,4396,4397,1,5.5975,5.716228977501392,0.11872913008928254
2025-07-29,4396,4398,2,5.607,5.642101714313029,0.03510184019803919
2025-07-30,4396,4399,3,5.586,5.659878469228744,0.07387850356101922
2025-07-31,4396,4400,4,4.3545003,5.613407733559608,1.2589074398279188
2025-08-04,4396,4401,5,4.4375,5.713953999698162,1.2764539996981616
2025-07-29,4397,4398,1,5.607,5.609409224569797,0.0024093504548066136
2025-07-30,4397,4399,2,5.586,5.630240401864051,0.04424043619632645
2025-07-31,4397,4400,3,4.3545003,5.595111209988594,1.2406109162569043
2025-08-04,4397,4401,4,4.4375,5.601780254483223,1.1642802544832227
2025-08-05,4397,4402,5,4.386,5.657281710028648,1.2712815536260598
2025-07-30,4398,4399,1,5.586,5.559142135322094,-0.02685783034563105
2025-07-31,4398,4400,2,4.3545003,5.579594010710716,1.2250937169790266
2025-08-04,4398,4401,3,4.4375,5.546110405564308,1.108610405564308
2025-08-05,4398,4402,4,4.386,5.570330707907676,1.184330551505088
2025-08-06,4398,4403,5,4.413,5.590024813115596,1.1770247063040724
2025-07-31,4399,4400,1,4.3545003,5.525151682794093,1.170651389062404
2025-08-04,4399,4401,2,4.4375,5.541197820663451,1.1036978206634513
2025-08-05,4399,4402,3,4.386,5.510076724529266,1.1240765681266778
2025-08-06,4399,4403,4,4.413,5.536312328755855,1.1233122219443317
2025-08-07,4399,4404,5,4.3985,5.550266887545585,1.1517669218778606
2025-08-04,4400,4401,1,4.4375,4.826429638862609,0.3889296388626091
2025-08-05,4400,4402,2,4.386,5.272457001924514,0.8864568455219262
2025-08-06,4400,4403,3,4.413,5.003080123066901,0.5900800162553779
2025-08-07,4400,4404,4,4.3985,5.246351444065571,0.8478514783978461
2025-08-11,4400,4405,5,4.44,5.099570359706878,0.6595703024864195
2025-08-05,4401,4402,1,4.386,4.5407290231585495,0.15472886675596165
2025-08-06,4401,4403,2,4.413,4.876747579574585,0.4637474727630613
2025-08-07,4401,4404,3,4.3985,4.678845559865236,0.28034559419751126
2025-08-11,4401,4405,4,4.44,4.939331977188587,0.4993319199681281
2025-08-12,4401,4406,5,4.5255003,4.675256780296563,0.14975648275017672
2025-08-06,4402,4403,1,4.413,4.394636726051568,-0.018363380759955028
2025-08-07,4402,4404,2,4.3985,4.62680408796668,0.22830412229895547
2025-08-11,4402,4405,3,4.44,4.486321499317884,0.04632144209742517
2025-08-12,4402,4406,4,4.5255003,4.6926825767457485,0.1671822791993618
2025-08-13,4402,4407,5,4.4975004,4.469311892926693,-0.028188526690006377
2025-08-07,4403,4404,1,4.3985,4.378970515310764,-0.019529450356960965
2025-08-11,4403,4405,2,4.44,4.495479347854852,0.05547929063439305
2025-08-12,4403,4406,3,4.5255003,4.426379293769598,-0.0991210037767889
2025-08-13,4403,4407,4,4.4975004,4.547151938229799,0.04965151861309991
2025-08-14,4403,4408,5,4.4795003,4.405007298648357,-0.0744929950833324
2025-08-11,4404,4405,1,4.44,4.393987327843904,-0.04601272937655487
2025-08-12,4404,4406,2,4.5255003,4.442502542465925,-0.08299775508046192
2025-08-13,4404,4407,3,4.4975004,4.418748031198978,-0.07875238841772081
2025-08-14,4404,4408,4,4.4795003,4.473101994276046,-0.006398299455643297
2025-08-18,4404,4409,5,4.5360003,4.403215409755706,-0.1327848420143134
2025-08-12,4405,4406,1,4.5255003,4.442369369983672,-0.08313092756271434
2025-08-13,4405,4407,2,4.4975004,4.436112347394228,-0.06138807222247156
2025-08-14,4405,4408,3,4.4795003,4.449374159187078,-0.030126134544611105
2025-08-18,4405,4409,4,4.5360003,4.452881868183613,-0.08311838358640689
2025-08-19,4405,4410,5,4.4885,4.435059055179357,-0.05344106307625829
2025-08-13,4406,4407,1,4.4975004,4.522788043022155,0.02528762340545576
2025-08-14,4406,4408,2,4.4795003,4.469327106684446,-0.01017318704724346
2025-08-18,4406,4409,3,4.5360003,4.512849916279316,-0.02315033549070389
2025-08-19,4406,4410,4,4.4885,4.475717510163784,-0.012782608091831626
2025-08-20,4406,4411,5,4.5105,4.499991790086031,-0.010508164137601916
2025-08-14,4407,4408,1,4.4795003,4.55092265766859,0.07142236393690027
2025-08-18,4407,4409,2,4.5360003,4.5079748447537416,-0.02802540701627798
2025-08-19,4407,4410,3,4.4885,4.54611323454976,0.057613116294144895
2025-08-20,4407,4411,4,4.5105,4.500871270328759,-0.009628683894873369
2025-08-21,4407,4412,5,4.5115004,4.545157685518264,0.03365732693672108
2025-08-18,4408,4409,1,4.5360003,4.552747474968433,0.016747223198413153
2025-08-19,4408,4410,2,4.4885,4.526229269981384,0.03772915172576852
2025-08-20,4408,4411,3,4.5105,4.554851975321769,0.04435202109813652
2025-08-21,4408,4412,4,4.5115004,4.516327197760343,0.00482683917879978
2025-08-25,4408,4413,5,4.5265,4.5576475554108615,0.031147330343722857
2025-08-19,4409,4410,1,4.4885,4.5808695851564405,0.09236946690082526
2025-08-20,4409,4411,2,4.5105,4.542851654976606,0.03235170075297322
2025-08-21,4409,4412,3,4.5115004,4.577193899601697,0.06569354102015446
2025-08-25,4409,4413,4,4.5265,4.536440202325582,0.0099399772584432
2025-08-26,4409,4414,5,4.51,4.576713728398084,0.06671349951624794
2025-08-20,4410,4411,1,4.5105,4.566383795291185,0.055883841067552176
2025-08-21,4410,4412,2,4.5115004,4.551807348102331,0.04030698952078815
2025-08-25,4410,4413,3,4.5265,4.571128195226192,0.04462797015905373
2025-08-26,4410,4414,4,4.51,4.541474914103746,0.03147468522190966
2025-08-27,4410,4415,5,4.4715,4.577879560738801,0.106379640847444
2025-08-21,4411,4412,1,4.5115004,4.569478648751974,0.0579782901704311
2025-08-25,4411,4413,2,4.5265,4.552214576631784,0.025714351564645632
2025-08-26,4411,4414,3,4.51,4.5725589136779305,0.06255868479609461
2025-08-27,4411,4415,4,4.4715,4.5456599479317665,0.07416002804040911
2025-08-28,4411,4416,5,4.539,4.576263567894697,0.03726353356242118
2025-08-25,4412,4413,1,4.5265,4.570346458166838,0.04384623309969893
2025-08-26,4412,4414,2,4.51,4.554396187812089,0.044395958930253165
2025-08-27,4412,4415,3,4.4715,4.57324269914627,0.10174277925491282
2025-08-28,4412,4416,4,4.539,4.548092898726463,0.009092864394187217
2025-09-02,4412,4417,5,4.6410003,4.577709708511829,-0.06329056233167663
2025-08-26,4413,4414,1,4.51,4.579012256264686,0.0690120273828505
2025-08-27,4413,4415,2,4.4715,4.558917174756527,0.08741725486516927
2025-08-28,4413,4416,3,4.539,4.579885692685842,0.04088565835356661
2025-09-02,4413,4417,4,4.6410003,4.553128652542829,-0.08787161830067713
2025-09-03,4413,4418,5,4.63,4.583811884224414,-0.046188230216503534
2025-08-27,4414,4415,1,4.4715,4.574029229581356,0.10252930968999863
2025-08-28,4414,4416,2,4.539,4.561078987210989,0.02207895287871331
2025-09-02,4414,4417,3,4.6410003,4.577725755900144,-0.06327451494336156
2025-09-03,4414,4418,4,4.63,4.553995836734772,-0.07600427770614626
2025-09-04,4414,4419,5,4.5585,4.583696843206882,0.02519703012704788
2025-08-28,4415,4416,1,4.539,4.549460052847862,0.010460018515586533
2025-09-02,4415,4417,2,4.6410003,4.551334262758493,-0.0896660080850129
2025-09-03,4415,4418,3,4.63,4.559414852201939,-0.07058526223897932
2025-09-04,4415,4419,4,4.5585,4.544272369861602,-0.014227443218231883
2025-09-08,4415,4420,5,4.5595,4.5667547608911985,0.007254543453454332
2025-09-02,4416,4417,1,4.6410003,4.574134683847427,-0.06686558699607925
2025-09-03,4416,4418,2,4.63,4.550674027353525,-0.0793260870873933
2025-09-04,4416,4419,3,4.5585,4.573547599524259,0.01504778644442517
2025-09-08,4416,4420,4,4.5595,4.548822533875703,-0.010677683562041018
2025-09-09,4416,4421,5,4.5695,4.573742043852806,0.004242074370384152
2025-09-03,4417,4418,1,4.63,4.644531867086887,0.014531752645969398
2025-09-04,4417,4419,2,4.5585,4.583585761934518,0.025085948854684403
2025-09-08,4417,4420,3,4.5595,4.6278382066786286,0.06833798924088441
2025-09-09,4417,4421,4,4.5695,4.58068264350295,0.011182674020528083
2025-09-10,4417,4422,5,4.618,4.625830407470464,0.00783037695288602
2025-09-04,4418,4419,1,4.5585,4.675115063101053,0.1166152500212192
2025-09-08,4418,4420,2,4.5595,4.624411568254232,0.06491135081648824
2025-09-09,4418,4421,3,4.5695,4.662414909899234,0.09291494041681236
2025-09-10,4418,4422,4,4.618,4.6124074965715405,-0.005592533946037648
2025-09-11,4418,4423,5,4.658,4.669662285596132,0.01166229322552681
2025-09-08,4419,4420,1,4.5595,4.647927035957575,0.0884268185198307
2025-09-09,4419,4421,2,4.5695,4.635059739828109,0.06555977034568716
2025-09-10,4419,4422,3,4.618,4.651305740624665,0.03330571010708727
2025-09-11,4419,4423,4,4.658,4.620082107931375,-0.0379178844392305
2025-09-15,4419,4424,5,4.7174997,4.664412288725376,-0.053087444245815796
2025-09-09,4420,4421,1,4.5695,4.62983579391241,0.06033582442998853
2025-09-10,4420,4422,2,4.618,4.6246758291423316,0.006675798624753426
2025-09-11,4420,4423,3,4.658,4.636269129365682,-0.02173086300492333
2025-09-15,4420,4424,4,4.7174997,4.616529591292142,-0.10097014167904916
2025-09-16,4420,4425,5,4.694,4.644134225308894,-0.04986554199457238
2025-09-10,4421,4422,1,4.618,4.624106459468603,0.006106428951024867
2025-09-11,4421,4423,2,4.658,4.616064425438642,-0.04193556693196321
2025-09-15,4421,4424,3,4.7174997,4.628545959025621,-0.0889537739455708
2025-09-16,4421,4425,4,4.694,4.611309813529252,-0.08268995377421451
2025-09-17,4421,4426,5,4.632,4.633977895766496,0.0019779262840744494
2025-09-11,4422,4423,1,4.658,4.649116418361664,-0.008883574008941686
2025-09-15,4422,4424,2,4.7174997,4.6219110933840275,-0.0955886395871639
2025-09-16,4422,4425,3,4.694,4.645141876250505,-0.04885789105296201
2025-09-17,4422,4426,4,4.632,4.618573653429746,-0.013426316052675524
2025-09-18,4422,4427,5,4.6005,4.6479297452569,0.04742963844537673
2025-09-15,4423,4424,1,4.7174997,4.685374346017837,-0.03212538695335443
2025-09-16,4423,4425,2,4.694,4.644056072443723,-0.049943694859743815
2025-09-17,4423,4426,3,4.632,4.675305964499712,0.043305995017290044
2025-09-18,4423,4427,4,4.6005,4.638119372397661,0.037619265586137374
2025-09-22,4423,4428,5,4.6075,4.679268210560083,0.07176813426613737
2025-09-16,4424,4425,1,4.694,4.736807892829179,0.04280812552571245
2025-09-17,4424,4426,2,4.632,4.679438271194696,0.04743830171227437
2025-09-18,4424,4427,3,4.6005,4.71994021204114,0.11944010522961612
2025-09-22,4424,4428,4,4.6075,4.671214088886976,0.06371401259303067
2025-09-23,4424,4429,5,4.6195,4.724362413763999,0.10486225354671408
2025-09-17,4425,4426,1,4.632,4.747705319941043,0.1157053504586214
2025-09-18,4425,4427,2,4.6005,4.708801865696906,0.10830175888538296
2025-09-22,4425,4428,3,4.6075,4.738274665802717,0.1307745895087713
2025-09-23,4425,4429,4,4.6195,4.695343108683824,0.07584294846653883
2025-09-24,4425,4430,5,4.7885,4.749281298518181,-0.03921853363513961
2025-09-18,4426,4427,1,4.6005,4.714797128289938,0.11429702147841425
2025-09-22,4426,4428,2,4.6075,4.709243481487035,0.10174340519308966
2025-09-23,4426,4429,3,4.6195,4.719292272686958,0.09979211246967257
2025-09-24,4426,4430,4,4.7885,4.695868712753057,-0.09263111940026292
2025-09-25,4426,4431,5,4.7325,4.733389590710401,0.0008895144164560165
2025-09-22,4427,4428,1,4.6075,4.6767983716130255,0.06929829531908016
2025-09-23,4427,4429,2,4.6195,4.687334419876336,0.0678342596590511
2025-09-24,4427,4430,3,4.7885,4.68777832815051,-0.10072150400281021
2025-09-25,4427,4431,4,4.7325,4.679769639343023,-0.052730436950922055
2025-09-29,4427,4432,5,4.892,4.698560089021921,-0.1934401093423368
2025-09-23,4428,4429,1,4.6195,4.660633024573325,0.041132864356040244
2025-09-24,4428,4430,2,4.7885,4.665468707054853,-0.1230311250984677
2025-09-25,4428,4431,3,4.7325,4.668780304461717,-0.06371977183222821
2025-09-29,4428,4432,4,4.892,4.66295531091094,-0.22904488745331797
2025-09-30,4428,4433,5,4.8564997,4.67507734131813,-0.18142233061790503
2025-09-24,4429,4430,1,4.7885,4.661201977431774,-0.12729785472154642
2025-09-25,4429,4431,2,4.7325,4.6550906317830085,-0.07740944451093679
2025-09-29,4429,4432,3,4.892,4.664609650760888,-0.22739054760336952
2025-09-30,4429,4433,4,4.8564997,4.653266022890806,-0.20323364904522911
2025-10-01,4429,4434,5,4.8825,4.6695199431777,-0.21298022848367726
2025-09-25,4430,4431,1,4.7325,4.758319104254245,0.02581902796030011
2025-09-29,4430,4432,2,4.892,4.687069742172956,-0.20493045619130168
2025-09-30,4430,4433,3,4.8564997,4.73453333184123,-0.12196634009480523
2025-10-01,4430,4434,4,4.8825,4.688088855534792,-0.19441131612658502
2025-10-02,4430,4435,5,4.9495,4.730570043742656,-0.21893004018068396
2025-09-29,4431,4432,1,4.892,4.778091153919696,-0.1139090444445614
2025-09-30,4431,4433,2,4.8564997,4.731027081698179,-0.12547259023785617
2025-10-01,4431,4434,3,4.8825,4.764016552329063,-0.11848361933231377
2025-10-02,4431,4435,4,4.9495,4.717375130802393,-0.23212495312094727
2025-10-06,4431,4436,5,5.038,4.775784498155117,-0.2622156086564065
2025-09-30,4432,4433,1,4.8564997,4.874278782665729,0.017779110729693848
2025-10-01,4432,4434,2,4.8825,4.783566022634505,-0.09893414902687159
2025-10-02,4432,4435,3,4.9495,4.8421385731697075,-0.10736151075363232
2025-10-06,4432,4436,4,5.038,4.7746290861964225,-0.263371020615101
2025-10-07,4432,4437,5,5.0975,4.8448924717307085,-0.2526073756814009
2025-10-01,4433,4434,1,4.8825,4.897910541832447,0.015410370171069943
2025-10-02,4433,4435,2,4.9495,4.836774577319622,-0.11272550660371827
2025-10-06,4433,4436,3,5.038,4.876662966072559,-0.1613371407389641
2025-10-07,4433,4437,4,5.0975,4.817905349552631,-0.27959449785947843
2025-10-08,4433,4438,5,5.0944996,4.892451928913593,-0.20204765909910272
2025-10-02,4434,4435,1,4.9495,4.918522891104221,-0.030977192819118926
2025-10-06,4434,4436,2,5.038,4.86807907217741,-0.1699210346341138
2025-10-07,4434,4437,3,5.0975,4.901147946119308,-0.19635190129280122
2025-10-08,4434,4438,4,5.0944996,4.85178617966175,-0.24271340835094524
2025-10-09,4434,4439,5,5.123,4.916033670246601,-0.2069664747118951
2025-10-06,4435,4436,1,5.038,4.959759260475635,-0.07824084633588857
2025-10-07,4435,4437,2,5.0975,4.900566905617714,-0.1969329417943957
2025-10-08,4435,4438,3,5.0944996,4.937153283715248,-0.15734630429744723
2025-10-09,4435,4439,4,5.123,4.887685646176338,-0.2353144987821585
2025-10-13,4435,4440,5,5.144,4.949710677683353,-0.19428937572240912
2025-10-07,4436,4437,1,5.0975,5.025422672569751,-0.07207717484235854
2025-10-08,4436,4438,2,5.0944996,4.948220146238803,-0.14627944177389196
2025-10-09,4436,4439,3,5.123,4.993421262562275,-0.1295788823962214
2025-10-13,4436,4440,4,5.144,4.935152153551578,-0.20884789985418362
2025-10-14,4436,4441,5,5.0230002,5.006244167864322,-0.016756072461605598
2025-10-08,4437,4438,1,5.0944996,5.087265138983726,-0.007234449028969081
2025-10-09,4437,4439,2,5.123,5.0053997001051895,-0.11760044485330656
2025-10-13,4437,4440,3,5.144,5.051635768771171,-0.09236428463459045
2025-10-14,4437,4441,4,5.0230002,4.988532436132431,-0.03446780419349693
2025-10-15,4437,4442,5,5.0145,5.06904114127159,0.054541000127791506
2025-10-09,4438,4439,1,5.123,5.110825622737408,-0.012174522221088502
2025-10-13,4438,4440,2,5.144,5.050378237068653,-0.09362181633710875
2025-10-14,4438,4441,3,5.0230002,5.083067809104919,0.06006756877899111
2025-10-15,4438,4442,4,5.0145,5.030100590467453,0.015600449323653898
2025-10-16,4438,4443,5,4.999,5.1066691407561295,0.1076690682768815
2025-10-13,4439,4440,1,5.144,5.131590109586715,-0.01240994381904681
2025-10-14,4439,4441,2,5.0230002,5.079917102396488,0.056916862070560015
2025-10-15,4439,4442,3,5.0145,5.1065374271273605,0.09203728598356165
2025-10-16,4439,4443,4,4.999,5.062629688620567,0.06362961614131901
2025-10-20,4439,4444,5,5.0360003,5.129288872420787,0.09328862065076748
2025-10-14,4440,4441,1,5.0230002,5.147791302740574,0.12479106241464599
2025-10-15,4440,4442,2,5.0145,5.10314038258791,0.08864024144411076
2025-10-16,4440,4443,3,4.999,5.124397545099258,0.12539747262001022
2025-10-20,4440,4444,4,5.0360003,5.087768651843071,0.05176840007305117
2025-10-21,4440,4445,5,4.9659996,5.14752995955944,0.181530356287956
2025-10-15,4441,4442,1,5.0145,5.084831354558467,0.07033121341466853
2025-10-16,4441,4443,2,4.999,5.094584415316581,0.0955843428373333
2025-10-20,4441,4444,3,5.0360003,5.084179872274398,0.04817962050437874
2025-10-21,4441,4445,4,4.9659996,5.0775875217914574,0.11158791851997307
2025-10-22,4441,4446,5,4.9955,5.114584462940693,0.11908437520265558
2025-10-16,4442,4443,1,4.999,5.046522695720196,0.04752262324094758
2025-10-20,4442,4444,2,5.0360003,5.0611658333539955,0.02516558158397597
2025-10-21,4442,4445,3,4.9659996,5.0485596719980235,0.0825600687265391
2025-10-22,4442,4446,4,4.9955,5.054761466562748,0.0592613788247105
2025-10-23,4442,4447,5,5.1105,5.069590920627117,-0.04090893822908459
2025-10-20,4443,4444,1,5.0360003,5.019386770486832,-0.01661348128318796
2025-10-21,4443,4445,2,4.9659996,5.03194124674797,0.0659416434764859
2025-10-22,4443,4446,3,4.9955,5.02048507875204,0.0249849910140032
2025-10-23,4443,4447,4,5.1105,5.029293219268322,-0.08120663958787944
2025-10-27,4443,4448,5,5.146,5.038245577871799,-0.10775433057546646
2025-10-21,4444,4445,1,4.9659996,5.030126433014869,0.06412682974338502
2025-10-22,4444,4446,2,4.9955,5.019269645392894,0.02376955765485711
2025-10-23,4444,4447,3,5.1105,5.021740943193435,-0.08875891566276639
2025-10-27,4444,4448,4,5.146,5.018506873428821,-0.12749303501844444
2025-10-28,4444,4449,5,5.145,5.035239922881126,-0.10976005804538769
2025-10-22,4445,4446,1,4.9955,4.9999152446389195,0.004415156900882344
2025-10-23,4445,4447,2,5.1105,5.0069031528234476,-0.10359670603275362
2025-10-27,4445,4448,3,5.146,4.999764774322509,-0.14623513412475653
2025-10-28,4445,4449,4,5.145,5.000850994944572,-0.1441489859819418
2025-10-29,4445,4450,5,5.237,5.0190679067969315,-0.21793208175897671
2025-10-23,4446,4447,1,5.1105,5.0031993322372434,-0.10730052661895773
2025-10-27,4446,4448,2,5.146,4.994092751979827,-0.15190715646743858
2025-10-28,4446,4449,3,5.145,4.997368503272533,-0.14763147765398088
2025-10-29,4446,4450,4,5.237,4.991757752776145,-0.245242235779763
2025-10-30,4446,4451,5,5.1039996,5.010540699779987,-0.09345891493558955
2025-10-27,4447,4448,1,5.146,5.069930625081062,-0.07606928336620378
2025-10-28,4447,4449,2,5.145,5.014686761379242,-0.13031321954727204
2025-10-29,4447,4450,3,5.237,5.044289816260338,-0.19271017229557064
2025-10-30,4447,4451,4,5.1039996,5.01304492598772,-0.09095468872785606
2025-11-03,4447,4452,5,5.069,5.0525840235352515,-0.016415743768215307
2025-10-28,4448,4449,1,5.145,5.123980313003063,-0.02101966792345067
2025-10-29,4448,4450,2,5.237,5.059118436694145,-0.17788155186176358
2025-10-30,4448,4451,3,5.1039996,5.093420667052269,-0.01057894766330758
2025-11-03,4448,4452,4,5.069,5.048496316075324,-0.020503451228142566
2025-11-04,4448,4453,5,4.9484997,5.109493064284324,0.16099338471889446
2025-10-29,4449,4450,1,5.237,5.148237711906432,-0.08876227664947578
2025-10-30,4449,4451,2,5.1039996,5.0959649075269695,-0.00803470718860666
2025-11-03,4449,4452,3,5.069,5.1227027741670605,0.05370300686359375
2025-11-04,4449,4453,4,4.9484997,5.080313493728637,0.13181381416320725
2025-11-05,4449,4454,5,4.986,5.144540977180004,0.15854091614484744
2025-10-30,4450,4451,1,5.1039996,5.206108762323856,0.10210914760827983
2025-11-03,4450,4452,2,5.069,5.1349779841899865,0.06597821688651972
2025-11-04,4450,4453,3,4.9484997,5.1715360188484185,0.22303633928298883
2025-11-05,4450,4454,4,4.986,5.121832880675792,0.13583281964063598
2025-11-06,4450,4455,5,4.9674997,5.190176415026188,0.22267668205499636
2025-11-03,4451,4452,1,5.069,5.1561534509062765,0.08715368360280973
2025-11-04,4451,4453,2,4.9484997,5.147720027327537,0.1992203477621075
2025-11-05,4451,4454,3,4.986,5.147160244405269,0.16116018337011262
2025-11-06,4451,4455,4,4.9674997,5.127249395251273,0.15974966228008203
2025-11-10,4451,4456,5,5.106,5.179448423326015,0.07344847673177668
2025-11-04,4452,4453,1,4.9484997,5.108050049781799,0.15955037021636898
2025-11-05,4452,4454,2,4.986,5.120711230754852,0.13471116971969543
2025-11-06,4452,4455,3,4.9674997,5.108551895380019,0.1410521624088279
2025-11-10,4452,4456,4,5.106,5.109968650519847,0.003968703925608885
2025-11-11,4452,4457,5,5.066,5.133808817327022,0.06780883258581127
2025-11-05,4453,4454,1,4.986,5.015432443916797,0.02943238288164096
2025-11-06,4453,4455,2,4.9674997,5.067566865622997,0.10006713265180522
2025-11-10,4453,4456,3,5.106,5.0327682082653045,-0.07323173832893382
2025-11-11,4453,4457,4,5.066,5.06112665271759,-0.0048733320236209465
2025-11-12,4453,4458,5,5.1054997,5.058273968935012,-0.04722577548027118
2025-11-06,4454,4455,1,4.9674997,4.993511294662952,0.02601156169176022
2025-11-10,4454,4456,2,5.106,5.017548198282718,-0.08845174831152036
2025-11-11,4454,4457,3,5.066,4.999735597252846,-0.06626438748836527
2025-11-12,4454,4458,4,5.1054997,5.0218213885426515,-0.08367835587263173
2025-11-13,4454,4459,5,5.1019998,5.012335506379604,-0.08966425329446803
2025-11-10,4455,4456,1,5.106,4.9780307751297945,-0.12796917146444375
2025-11-11,4455,4457,2,5.066,4.9905602424740785,-0.07543974226713246
2025-11-12,4455,4458,3,5.1054997,4.979725962877273,-0.12577378153801
2025-11-13,4455,4459,4,5.1019998,4.99245300066471,-0.10954675900936195
2025-11-17,4455,4460,5,5.0864997,4.993151999890804,-0.09334769111871744
2025-11-11,4456,4457,1,5.066,5.053295527219772,-0.012704457521438783
2025-11-12,4456,4458,2,5.1054997,5.002969250202178,-0.1025304942131049
2025-11-13,4456,4459,3,5.1019998,5.029227779269218,-0.07277198040485455
2025-11-17,4456,4460,4,5.0864997,5.0060736904144285,-0.08042600059509297
2025-11-18,4456,4461,5,5.0505,5.034600111424923,-0.015899804651737348
2025-11-12,4457,4458,1,5.1054997,5.071659991681575,-0.03383975273370776
2025-11-13,4457,4459,2,5.1019998,5.0333546673655505,-0.06864509230852178
2025-11-17,4457,4460,3,5.0864997,5.052631957292556,-0.033867733716965276
2025-11-18,4457,4461,4,5.0505,5.023301082789898,-0.027198833286762536
2025-11-19,4457,4462,5,5.0969996,5.070755919337272,-0.026243725895882086
2025-11-13,4458,4459,1,5.1019998,5.101939537763595,-6.022191047705405e-05
2025-11-17,4458,4460,2,5.0864997,5.056562525391578,-0.029937165617943684
2025-11-18,4458,4461,3,5.0505,5.08053357219696,0.030033656120299845
2025-11-19,4458,4462,4,5.0969996,5.046361388206481,-0.05063825702667302
2025-11-20,4458,4463,5,5.0485,5.097125738084316,0.04862567704915932
2025-11-17,4459,4460,1,5.0864997,5.111434173047542,0.024934482038020178
2025-11-18,4459,4461,2,5.0505,5.07591525888443,0.02541534280776947
2025-11-19,4459,4462,3,5.0969996,5.09353529125452,-0.0034643539786340938
2025-11-20,4459,4463,4,5.0485,5.06371174108982,0.015211680054664
2025-11-24,4459,4464,5,5.026,5.113358192384243,0.08735816949605901
2025-11-18,4460,4461,1,5.0505,5.104729699254036,0.0542297831773757
2025-11-19,4460,4462,2,5.0969996,5.082900249361991,-0.014099395871163267
2025-11-20,4460,4463,3,5.0485,5.092119369745254,0.043619308710098004
2025-11-24,4460,4464,4,5.026,5.0710743662118904,0.045074343323706856
2025-11-25,4460,4465,5,5.0625,5.113390287160873,0.05089028716087274
2025-11-19,4461,4462,1,5.0969996,5.07918850928545,-0.01781113594770467
2025-11-20,4461,4463,2,5.0485,5.074912401318549,0.02641234028339312
2025-11-24,4461,4464,3,5.026,5.0737161414623255,0.04771611857414193
2025-11-25,4461,4465,4,5.0625,5.064756280183792,0.002256280183791759
2025-11-26,4461,4466,5,5.194,5.09560936409235,-0.09839040321111714
2025-11-20,4462,4463,1,5.0485,5.091527492046356,0.043027431011199546
2025-11-24,4462,4464,2,5.026,5.070342021763325,0.04434199887514101
2025-11-25,4462,4465,3,5.0625,5.078607468783855,0.01610746878385516
2025-11-26,4462,4466,4,5.194,5.065134331643581,-0.12886543565988617
2025-12-01,4462,4467,5,5.303,5.094846175312996,-0.20815379798412348
2025-11-24,4463,4464,1,5.026,5.071298196017742,0.04529817312955853
2025-11-25,4463,4465,2,5.0625,5.066063412904739,0.0035634129047386054
2025-11-26,4463,4466,3,5.194,5.064842977762222,-0.12915678954124488
2025-12-01,4463,4467,4,5.303,5.057504527926445,-0.24549544537067458
2025-12-02,4463,4468,5,5.243,5.086048455178737,-0.15695157533884085
2025-11-25,4464,4465,1,5.0625,5.049542105615139,-0.01295789438486139
2025-11-26,4464,4466,2,5.194,5.050699601650238,-0.1433001656532289
2025-12-01,4464,4467,3,5.303,5.046451420307159,-0.25654855298996004
2025-12-02,4464,4468,4,5.243,5.044271059572696,-0.19872897094488184
2025-12-03,4464,4469,5,5.389,5.065766223609447,-0.32323371535539636
2025-11-26,4465,4466,1,5.194,5.059542337834834,-0.13445742946863248
2025-12-01,4465,4467,2,5.303,5.043281123280525,-0.25971885001659434
2025-12-02,4465,4468,3,5.243,5.0492449163198465,-0.19375511419773161
2025-12-03,4465,4469,4,5.389,5.039961189568042,-0.3490387493968017
2025-12-04,4465,4470,5,5.3735,5.063947241723537,-0.30955262857675603
2025-12-01,4466,4467,1,5.303,5.138872289359569,-0.16412768393754984
2025-12-02,4466,4468,2,5.243,5.072276461482048,-0.17072356903553043
2025-12-03,4466,4469,3,5.389,5.106608702540397,-0.28239123642444675
2025-12-04,4466,4470,4,5.3735,5.069157849550247,-0.30434202075004624
2025-12-08,4466,4471,5,5.4445,5.1168986213803285,-0.3276013481020934
2025-12-02,4467,4468,1,5.243,5.238827094614505,-0.004172935903072883
2025-12-03,4467,4469,2,5.389,5.139218246042728,-0.24978169292211572
2025-12-04,4467,4470,3,5.3735,5.191056728899478,-0.18244314140081475
2025-12-08,4467,4471,4,5.4445,5.127561589896678,-0.31693837958574367
2025-12-09,4467,4472,5,5.32,5.207178727149963,-0.11282144451141374
2025-12-03,4468,4469,1,5.389,5.251596647560596,-0.13740329140424734
2025-12-04,4468,4470,2,5.3735,5.192536839962005,-0.18096303033828764
2025-12-08,4468,4471,3,5.4445,5.220165857672691,-0.22433411180973106
2025-12-09,4468,4472,4,5.32,5.1694456902146335,-0.15055448144674344
2025-12-10,4468,4473,5,5.3535,5.250953084766865,-0.10254680460691468
2025-12-04,4469,4470,1,5.3735,5.330928266346454,-0.04257160395383863
2025-12-08,4469,4471,2,5.4445,5.240465178668498,-0.20403479081392373
2025-12-09,4469,4472,3,5.32,5.284940619587898,-0.035059552073478883
2025-12-10,4469,4473,4,5.3535,5.22465162372589,-0.1288482656478891
2025-12-11,4469,4474,5,5.5014997,5.307143952786922,-0.19435570007562664
2025-12-08,4470,4471,1,5.4445,5.353834766924381,-0.090665202558041
2025-12-09,4470,4472,2,5.32,5.289254657745361,-0.030745513916015987
2025-12-10,4470,4473,3,5.3535,5.316169254064559,-0.037330635309220206
2025-12-11,4470,4474,4,5.5014997,5.266820825695991,-0.23467882716655808
2025-12-15,4470,4475,5,5.412,5.349469877302647,-0.06253030198812493
2025-12-09,4471,4472,1,5.32,5.398229762494563,0.07822959083318626
2025-12-10,4471,4473,2,5.3535,5.328002639889717,-0.0254972494840624
2025-12-11,4471,4474,3,5.5014997,5.3566370160579675,-0.14486263680458134
2025-12-15,4471,4475,4,5.412,5.3089212531447405,-0.10307892614603098
2025-12-16,4471,4476,5,5.3589997,5.388022789895534,0.02902306073904004
2025-12-10,4472,4473,1,5.3535,5.345124577999115,-0.00837531137466474
2025-12-11,4472,4474,2,5.5014997,5.336696156203747,-0.16480349665880212
2025-12-15,4472,4475,3,5.412,5.328990492105484,-0.0830096871852879
2025-12-16,4472,4476,4,5.3589997,5.313890941739082,-0.04510878741741209
2025-12-17,4472,4477,5,5.4355,5.3709125226140015,-0.06458762234449456
2025-12-11,4473,4474,1,5.5014997,5.333680914461612,-0.16781873840093642
2025-12-15,4473,4475,2,5.412,5.321179373741149,-0.09082080554962246
2025-12-16,4473,4476,3,5.3589997,5.316121737122535,-0.04287799203395881
2025-12-17,4473,4477,4,5.4355,5.310242140769958,-0.12525800418853805
2025-12-18,4473,4478,5,5.4375,5.347028590202331,-0.09047140979766866
2025-12-15,4474,4475,1,5.412,5.407959064781665,-0.0040411145091061584
2025-12-16,4474,4476,2,5.3589997,5.341780052185058,-0.017219676971436115
2025-12-17,4474,4477,3,5.4355,5.36580611860752,-0.06969402635097577
2025-12-18,4474,4478,4,5.4375,5.335453629851341,-0.10204637014865892
2025-12-22,4474,4479,5,5.5095,5.38936576873064,-0.12013425797224109
2025-12-16,4475,4476,1,5.3589997,5.395564228773116,0.036564499616622115
2025-12-17,4475,4477,2,5.4355,5.3666226597428315,-0.06887748521566461
2025-12-18,4475,4478,3,5.4375,5.368478738188743,-0.06902126181125734
2025-12-22,4475,4479,4,5.5095,5.348305295407772,-0.16119473129510897
2025-12-23,4475,4480,5,5.552,5.407400115489959,-0.14459993028640827
2025-12-17,4476,4477,1,5.4355,5.358623140871524,-0.07687700408697218
2025-12-18,4476,4478,2,5.4375,5.356379424214363,-0.08112057578563725
2025-12-22,4476,4479,3,5.5095,5.344425995588302,-0.16507403111457908
2025-12-23,4476,4480,4,5.552,5.3418179823756216,-0.21018206340074563
2025-12-29,4476,4481,5,5.537,5.38116451126337,-0.15583566802740112
2025-12-18,4477,4478,1,5.4375,5.3801353943347925,-0.05736460566520751
2025-12-22,4477,4479,2,5.5095,5.3508641244173045,-0.15863590228557634
2025-12-23,4477,4480,3,5.552,5.354283260166644,-0.19771678560972283
2025-12-29,4477,4481,4,5.537,5.3442846952080725,-0.192715484082699
2025-12-30,4477,4482,5,5.7815003,5.381368750751018,-0.4001315887570387
2025-12-22,4478,4479,1,5.5095,5.392071733534336,-0.11742829316854486
2025-12-23,4478,4480,2,5.552,5.361182803511619,-0.19081724226474783
2025-12-29,4478,4481,3,5.537,5.364646538496017,-0.17235364079475435
2025-12-30,4478,4482,4,5.7815003,5.350778260469436,-0.43072207903862036
2026-01-05,4478,4483,5,5.9755,5.39596270418167,-0.5795374026298532
2025-12-23,4479,4480,1,5.552,5.438010612905025,-0.11398943287134244
2025-12-29,4479,4481,2,5.537,5.383520351231097,-0.15347982805967408
2025-12-30,4479,4482,3,5.7815003,5.4001500304937355,-0.3813503090143211
2026-01-05,4479,4483,4,5.9755,5.372931575834751,-0.6025685309767725
2026-01-06,4479,4484,5,6.0625,5.429723491489887,-0.6327765085101129
2025-12-29,4480,4481,1,5.537,5.481893759310245,-0.05510641998052623
2025-12-30,4480,4482,2,5.7815003,5.419118877112865,-0.36238146239519153
2026-01-05,4480,4483,3,5.9755,5.439389021039009,-0.5361110857725144
2026-01-06,4480,4484,4,6.0625,5.404087684452533,-0.6584123155474666
2026-01-20,4480,4485,5,5.8125,5.473146057009696,-0.33935394299030364
2025-12-30,4481,4482,1,5.7815003,5.491831469237804,-0.289668870270253
2026-01-05,4481,4483,2,5.9755,5.446370676994324,-0.5291294298171998
2026-01-06,4481,4484,3,6.0625,5.456074136734008,-0.6064258632659918
2026-01-20,4481,4485,4,5.8125,5.427604819417,-0.3848951805830003
2026-01-21,4481,4486,5,5.768,5.495406910717487,-0.27259321516752255
2026-01-05,4482,4483,1,5.9755,5.625563317596912,-0.34993678921461147
2026-01-06,4482,4484,2,6.0625,5.5044272102117535,-0.5580727897882465
2026-01-20,4482,4485,3,5.8125,5.554926882386207,-0.2575731176137932
2026-01-21,4482,4486,4,5.768,5.4913016970157615,-0.2766984288692482
2026-01-22,4482,4487,5,5.7790003,5.584228579819202,-0.1947717024683957
2026-01-06,4483,4484,1,6.0625,5.788660636126995,-0.2738393638730052
2026-01-20,4483,4485,2,5.8125,5.619479898571967,-0.19302010142803283
2026-01-21,4483,4486,3,5.768,5.691554763317107,-0.07644536256790246
2026-01-22,4483,4487,4,5.7790003,5.59313092058897,-0.18586936169862778
2026-01-23,4483,4488,5,5.9475,5.733669779300689,-0.21383044958114716
2026-01-20,4484,4485,1,5.8125,5.903035999655723,0.09053599965572268
2026-01-21,4484,4486,2,5.768,5.742069857656955,-0.025930268228054665
2026-01-22,4484,4487,3,5.7790003,5.804207429289817,0.025207147002219266
2026-01-23,4484,4488,4,5.9475,5.700947695672512,-0.24655253320932413
2026-01-26,4484,4489,5,5.9909997,5.865102474570274,-0.125897224068642
2026-01-21,4485,4486,1,5.768,5.807423159182071,0.039423033297061316
2026-01-22,4485,4487,2,5.7790003,5.782767701685428,0.0037674193978300963
2026-01-23,4485,4488,3,5.9475,5.766916216552257,-0.18058401232957877
2026-01-26,4485,4489,4,5.9909997,5.734439637124538,-0.25656006151437794
2026-01-27,4485,4490,5,5.8335,5.848161017477512,0.014661109030246422
2026-01-22,4486,4487,1,5.7790003,5.725966199278831,-0.05303408300876633
2026-01-23,4486,4488,2,5.9475,5.7419218882322305,-0.20557834064960545
2026-01-26,4486,4489,3,5.9909997,5.704610668361187,-0.28638903027772944
2026-01-27,4486,4490,4,5.8335,5.717679077863693,-0.11582083058357284
2026-01-28,4486,4491,5,5.898,5.7673772142529485,-0.13062254923582106
2026-01-23,4487,4488,1,5.9475,5.689667006909847,-0.257833221971989
2026-01-26,4487,4489,2,5.9909997,5.699439241170882,-0.2915604574680337
2026-01-27,4487,4490,3,5.8335,5.665039476037025,-0.16846043241024056
2026-01-28,4487,4491,4,5.898,5.68863830679655,-0.2093614566922195
2026-01-29,4487,4492,5,6.2035,5.716759166538715,-0.4867406274676327
2026-01-26,4488,4489,1,5.9909997,5.768164161503314,-0.22283553713560167
2026-01-27,4488,4490,2,5.8335,5.705565592169761,-0.1279343162775044
2026-01-28,4488,4491,3,5.898,5.711011700630188,-0.18698806285858183
2026-01-29,4488,4492,4,6.2035,5.6988719555735585,-0.5046278384327891
2026-01-30,4488,4493,5,5.9240003,5.754082890868187,-0.16991737234592463
2026-01-27,4489,4490,1,5.8335,5.831785178720951,-0.001714729726314701
2026-01-28,4489,4491,2,5.898,5.7521396980285635,-0.14586006546020602
2026-01-29,4489,4492,3,6.2035,5.7657078690528865,-0.4377919249534612
2026-01-30,4489,4493,4,5.9240003,5.732794467210769,-0.19120579600334242
2026-02-02,4489,4494,5,5.8255,5.820268572509288,-0.0052314389348033785
2026-01-28,4490,4491,1,5.898,5.775112472236156,-0.12288729125261355
2026-01-29,4490,4492,2,6.2035,5.763767177104949,-0.43973261690139864
2026-01-30,4490,4493,3,5.9240003,5.740227117300033,-0.18377314591407856
2026-02-02,4490,4494,4,5.8255,5.736412423849106,-0.08908758759498614
2026-02-03,4490,4495,5,6.0865,5.80688921880722,-0.2796109490394594
2026-01-29,4491,4492,1,6.2035,5.779060546576976,-0.42443924742937167
2026-01-30,4491,4493,2,5.9240003,5.750981368362903,-0.17301889485120814
2026-02-02,4491,4494,3,5.8255,5.738191391468048,-0.087308619976044
2026-02-03,4491,4495,4,6.0865,5.736377411365509,-0.35012275648117086
2026-02-04,4491,4496,5,5.85,5.79029955381155,-0.059700350821018766
2026-01-30,4492,4493,1,5.9240003,5.942688887774944,0.018688624560832423
2026-02-02,4492,4494,2,5.8255,5.80636069703102,-0.019139314413071595
2026-02-03,4492,4495,3,6.0865,5.8505114388465875,-0.23598872900009216
2026-02-04,4492,4496,4,5.85,5.793772041916847,-0.05622786271572178
2026-02-05,4492,4497,5,5.821,5.894521713912487,0.07352161473035768
2026-02-02,4493,4494,1,5.8255,5.867778011858463,0.04227800041437124
2026-02-03,4493,4495,2,6.0865,5.848049310982227,-0.23845085686445255
2026-02-04,4493,4496,3,5.85,5.824728912830352,-0.02527099180221626
2026-02-05,4493,4497,4,5.821,5.8100949451327315,-0.010905154049397403
2026-02-06,4493,4498,5,5.882,5.904496103584766,0.022496134102343746
2026-02-03,4494,4495,1,6.0865,5.775186665356158,-0.31131350249052137
2026-02-04,4494,4496,2,5.85,5.804122398972511,-0.04587750566005777
2026-02-05,4494,4497,3,5.821,5.757528702795505,-0.0634713963866238
2026-02-06,4494,4498,4,5.882,5.782764783978462,-0.09923518550395993
2026-02-09,4494,4499,5,5.9625,5.823148766100406,-0.13935132926702565
2026-02-04,4495,4496,1,5.85,5.8691997687816615,0.019199864149093138
2026-02-05,4495,4497,2,5.821,5.798409528732299,-0.022590570449829706
2026-02-06,4495,4498,3,5.882,5.806480739831924,-0.07551922965049762
2026-02-09,4495,4499,4,5.9625,5.793428586125374,-0.16907150924205805
2026-02-10,4495,4500,5,5.9135003,5.849419799625873,-0.0640805093646053
2026-02-05,4496,4497,1,5.821,5.788715655744075,-0.032284443438054033
2026-02-06,4496,4498,2,5.882,5.80045692539215,-0.0815430440902718
2026-02-09,4496,4499,3,5.9625,5.760886983513831,-0.2016131118536002
2026-02-10,4496,4500,4,5.9135003,5.776328322410583,-0.1371719865798955
2026-02-11,4496,4501,5,5.9655,5.830459706127643,-0.13504017180204464
2026-02-06,4497,4498,1,5.882,5.737716638863086,-0.14428333061933607
2026-02-09,4497,4499,2,5.9625,5.756479578733444,-0.20602051663398768
2026-02-10,4497,4500,3,5.9135003,5.716836694180965,-0.19666361480951355
2026-02-11,4497,4501,4,5.9655,5.744991315960884,-0.22050856196880364
2026-02-12,4497,4502,5,5.7855,5.772144330620765,-0.01335571897029908
2026-02-09,4498,4499,1,5.9625,5.74747428458929,-0.2150258107781413
2026-02-10,4498,4500,2,5.9135003,5.732262610912322,-0.18123769807815648
2026-02-11,4498,4501,3,5.9655,5.712145438194274,-0.2533544397354133
2026-02-12,4498,4502,4,5.7855,5.726778989076614,-0.058721060514450585
2026-02-13,4498,4503,5,5.803,5.758303562402725,-0.044696410894394134
2026-02-10,4499,4500,1,5.9135003,5.799831285655498,-0.11366902333498086
2026-02-11,4499,4501,2,5.9655,5.745882883846759,-0.21961699408292823
2026-02-12,4499,4502,3,5.7855,5.746734437465667,-0.0387656121253972
2026-02-13,4499,4503,4,5.803,5.736008529841899,-0.0669914434552199
2026-02-17,4499,4504,5,5.704,5.793925013124942,0.08992501693963906
2026-02-11,4500,4501,1,5.9655,5.800100965142249,-0.16539891278743823
2026-02-12,4500,4502,2,5.7855,5.764122720539569,-0.021377329051495586
2026-02-13,4500,4503,3,5.803,5.7546822712421415,-0.04831770205497765
2026-02-17,4500,4504,4,5.704,5.7450175753235815,0.04101757913827875
2026-02-18,4500,4505,5,5.863,5.811837233006954,-0.05116268306970628
2026-02-12,4501,4502,1,5.7855,5.826877178788185,0.04137712919712033
2026-02-13,4501,4503,2,5.803,5.777065251827239,-0.02593472146987974
2026-02-17,4501,4504,3,5.704,5.775563883185386,0.07156388700008343
2026-02-18,4501,4505,4,5.863,5.759989580214023,-0.10301033586263753
2026-02-19,4501,4506,5,5.7985,5.829108390986919,0.03060832995176277
2026-02-13,4502,4503,1,5.803,5.739836561381816,-0.06316341191530306
2026-02-17,4502,4504,2,5.704,5.760013755500316,0.05601375931501362
2026-02-18,4502,4505,3,5.863,5.719629773378371,-0.14337014269828874
2026-02-19,4502,4506,4,5.7985,5.738373122930526,-0.06012693810462988
2026-02-20,4502,4507,5,5.8995,5.783302892506122,-0.11619700068235428
2026-02-17,4503,4504,1,5.704,5.7084712114930145,0.004471215307711773
2026-02-18,4503,4505,2,5.863,5.7179650131464,-0.14503490293026022
2026-02-19,4503,4506,3,5.7985,5.6855034390687935,-0.11299662196636273
2026-02-20,4503,4507,4,5.8995,5.709685811221599,-0.18981408196687788
2026-02-23,4503,4508,5,5.8105,5.734397955596447,-0.07610218936204927
2026-02-18,4504,4505,1,5.863,5.642353887557983,-0.22064602851867754
2026-02-19,4504,4506,2,5.7985,5.6748767334818835,-0.12362332755327277
2026-02-20,4504,4507,3,5.8995,5.630129528999328,-0.2693703641891485
2026-02-23,4504,4508,4,5.8105,5.66687471371889,-0.14362543123960592
2026-02-24,4504,4509,5,5.961,5.680430380284785,-0.2805695853829393
2026-02-19,4505,4506,1,5.7985,5.703087625324725,-0.0954124357104309
2026-02-20,4505,4507,2,5.8995,5.662187625885009,-0.23731226730346755
2026-02-23,4505,4508,3,5.8105,5.659645886301994,-0.15085425865650226
2026-02-24,4505,4509,4,5.961,5.661604084491729,-0.2993958811759958
2026-02-25,4505,4510,5,6.0154996,5.695615794599056,-0.3198837972283366
2026-02-20,4506,4507,1,5.8995,5.700903513252735,-0.19859637993574175
2026-02-23,4506,4508,2,5.8105,5.675068051695823,-0.13543209326267291
2026-02-24,4506,4509,3,5.961,5.663316361665725,-0.29768360400199967
2026-02-25,4506,4510,4,6.0154996,5.6611860187649725,-0.35431357306242006
2026-02-26,4506,4511,5,6.0049996,5.713145378053188,-0.291854259550572
2026-02-23,4507,4508,1,5.8105,5.7561536291837685,-0.0543465157747276
2026-02-24,4507,4509,2,5.961,5.694298241496085,-0.2667017241716394
2026-02-25,4507,4510,3,6.0154996,5.703293948888778,-0.31220564293861486
2026-02-26,4507,4511,4,6.0049996,5.68176835733652,-0.32323128026723946
2026-02-27,4507,4512,5,6.0595,5.747719371974467,-0.3117808454632769
2026-02-24,4508,4509,1,5.961,5.73193791180849,-0.22906205385923428
2026-02-25,4508,4510,2,6.0154996,5.708083156466484,-0.307416435360909
2026-02-26,4508,4511,3,6.0049996,5.694916795372962,-0.3100828422307975
2026-02-27,4508,4512,4,6.0595,5.687329089999198,-0.37217112743854575
2026-03-02,4508,4513,5,5.948,5.750685012698173,-0.1973149415254598
2026-02-25,4509,4510,1,6.0154996,5.799920484125614,-0.21557910770177902
2026-02-26,4509,4511,2,6.0049996,5.7275576000213615,-0.27744203758239827
2026-02-27,4509,4512,3,6.0595,5.741084089517593,-0.31841612792015095
2026-03-02,4509,4513,4,5.948,5.713754345178604,-0.2342456090450291
2026-03-03,4509,4514,5,5.826,5.786512370169162,-0.039487843453884786
2026-02-26,4510,4511,1,6.0049996,5.858261702179909,-0.14673793542385116
2026-02-27,4510,4512,2,6.0595,5.775046198606491,-0.2844540188312532
2026-03-02,4510,4513,3,5.948,5.791555001437663,-0.1564449527859697
2026-03-03,4510,4514,4,5.826,5.752829527318477,-0.0731706863045698
2026-03-04,4510,4515,5,5.9075003,5.846540439665317,-0.060959827363491925
2026-02-27,4511,4512,1,6.0595,5.876571147024631,-0.18292907041311324
2026-03-02,4511,4513,2,5.948,5.812908448278903,-0.13509150594472974
2026-03-03,4511,4514,3,5.826,5.816958642363548,-0.009041571259499115
2026-03-04,4511,4515,4,5.9075003,5.785330282032489,-0.12216998499631959
2026-03-05,4511,4516,5,5.8045,5.88004446876049,0.07554436576366363
2026-03-02,4512,4513,1,5.948,5.90861007040739,-0.0393898838162432
2026-03-03,4512,4514,2,5.826,5.841137263178825,0.015137049555778326
2026-03-04,4512,4515,3,5.9075003,5.845986492156982,-0.061513774871826854
2026-03-05,4512,4516,4,5.8045,5.815987462759018,0.011487359762191396
2026-03-06,4512,4517,5,5.807,5.907907319843768,0.100907159626483
2026-03-03,4513,4514,1,5.826,5.8586622616648665,0.0326620480418196
2026-03-04,4513,4515,2,5.9075003,5.844464699566363,-0.06303556746244521
2026-03-05,4513,4516,3,5.8045,5.8188334774971,0.014333374500274054
2026-03-06,4513,4517,4,5.807,5.817214566946029,0.01021440672874352
2026-03-09,4513,4518,5,5.8485,5.888513321638107,0.040013546705245595
2026-03-04,4514,4515,1,5.9075003,5.767238831579685,-0.14026143544912362
2026-03-05,4514,4516,2,5.8045,5.800641574561595,-0.0038585284352308236
2026-03-06,4514,4517,3,5.807,5.750379487097263,-0.0566206731200225
2026-03-09,4514,4518,4,5.8485,5.782241680800914,-0.06625809413194705
2026-03-10,4514,4519,5,5.952,5.815078388631343,-0.13692175251245597
2026-03-05,4515,4516,1,5.8045,5.769620514094829,-0.034879588901997494
2026-03-06,4515,4517,2,5.807,5.762637190878391,-0.044362969338894054
2026-03-09,4515,4518,3,5.8485,5.736153164744376,-0.11234661018848513
2026-03-10,4515,4519,4,5.952,5.757258189678192,-0.19474195146560724
2026-03-11,4515,4520,5,5.8915,5.784668379366397,-0.10683161681890585
2026-03-06,4516,4517,1,5.807,5.719721055924892,-0.08727910429239305
2026-03-09,4516,4518,2,5.8485,5.736168586909771,-0.11233118802309061
2026-03-10,4516,4519,3,5.952,5.697046304643154,-0.2549538365006452
2026-03-11,4516,4520,4,5.8915,5.725210096359253,-0.16628989982605002
2026-03-12,4516,4521,5,5.868,5.752522334456443,-0.11547769606113523
2026-03-09,4517,4518,1,5.8485,5.702819196283817,-0.1456805786490447
2026-03-10,4517,4519,2,5.952,5.705410953700542,-0.24658918744325664
2026-03-11,4517,4520,3,5.8915,5.6764685510396955,-0.21503144514560724
2026-03-12,4517,4521,4,5.868,5.698982411623001,-0.16901761889457756
2026-03-13,4517,4522,5,5.757,5.7242280795574185,-0.03277188992500335
2026-03-10,4518,4519,1,5.952,5.720689734637737,-0.23131040650606227
2026-03-11,4518,4520,2,5.8915,5.696237266182899,-0.1952627300024039
2026-03-12,4518,4521,3,5.868,5.683101749420166,-0.18489828109741246
2026-03-13,4518,4522,4,5.757,5.689551549077033,-0.06744842040538845
2026-03-16,4518,4523,5,5.8315,5.727681394159793,-0.10381865924596845
2026-03-11,4519,4520,1,5.8915,5.788052502632141,-0.10344749355316196
2026-03-12,4519,4521,2,5.868,5.720553852856159,-0.14744617766141932
2026-03-13,4519,4522,3,5.757,5.73090295946598,-0.026097010016441935
2026-03-16,4519,4523,4,5.8315,5.709783345997333,-0.12171670740842888
2026-03-17,4519,4524,5,5.7669997,5.775495942294597,0.008496220767497675
2026-03-12,4520,4521,1,5.868,5.78725013321638,-0.08074989730119775
2026-03-13,4520,4522,2,5.757,5.746420575559139,-0.01057939392328322
2026-03-16,4520,4523,3,5.8315,5.740994474232196,-0.09050557917356539
2026-03-17,4520,4524,4,5.7669997,5.725066295087337,-0.04193342643976283
2026-03-18,4520,4525,5,5.594,5.797965620458125,0.20396575778722692
2026-03-13,4521,4522,1,5.757,5.771702089607715,0.014702120125293483
2026-03-16,4521,4523,2,5.8315,5.747327148795128,-0.08417290461063409
2026-03-17,4521,4524,3,5.7669997,5.7332087815999975,-0.03379093992710214
2026-03-18,4521,4525,4,5.594,5.728299531221389,0.1342996685504909
2026-03-19,4521,4526,5,5.469,5.788810689628123,0.31981082695722485
2026-03-16,4522,4523,1,5.8315,5.701739644706248,-0.12976040869951344
2026-03-17,4522,4524,2,5.7669997,5.720012409806251,-0.0469873117208488
2026-03-18,4522,4525,3,5.594,5.682535714268684,0.08853585159778543
2026-03-19,4522,4526,4,5.469,5.703345633983612,0.2343457713127135
2026-03-20,4522,4527,5,5.3745,5.739416411578655,0.3649166137576101
2026-03-17,4523,4524,1,5.7669997,5.71011012917757,-0.056889592349529394
2026-03-18,4523,4525,2,5.594,5.694563336014747,0.10056347334384874
2026-03-19,4523,4526,3,5.469,5.676750734984874,0.2077508723139756
2026-03-20,4523,4527,4,5.3745,5.688000162601471,0.31350036478042576
2026-03-23,4523,4528,5,5.4465,5.720938156545162,0.27443833202123624
2026-03-18,4524,4525,1,5.594,5.682001357078551,0.08800149440765281
2026-03-19,4524,4526,2,5.469,5.680786340534686,0.21178647786378768
2026-03-20,4524,4527,3,5.3745,5.654724131464958,0.28022433364391297
2026-03-23,4524,4528,4,5.4465,5.669300161838531,0.22280033731460502
2026-03-24,4524,4529,5,5.4285,5.705016646444797,0.27651647096872267
2026-03-19,4525,4526,1,5.469,5.578001776337623,0.10900191366672463
2026-03-20,4525,4527,2,5.3745,5.630994003891944,0.256494206070899
2026-03-23,4525,4528,3,5.4465,5.5769680744409555,0.13046824991702977
2026-03-24,4525,4529,4,5.4285,5.619704562008381,0.19120438653230654
2026-03-25,4525,4530,5,5.534,5.6297156314253805,0.09571571153402303
2026-03-20,4526,4527,1,5.3745,5.463302964150905,0.08880316632986052
2026-03-23,4526,4528,2,5.4465,5.544024661898613,0.09752483737468687
2026-03-24,4526,4529,3,5.4285,5.477746447265147,0.04924627178907315
2026-03-25,4526,4530,4,5.534,5.543310240507125,0.009310320615767864
2026-03-26,4526,4531,5,5.4505,5.520163654327392,0.06966364288330062
2026-03-23,4527,4528,1,5.4465,5.363249790489673,-0.08325003403425235
2026-03-24,4527,4529,2,5.4285,5.4485960537791245,0.020095878303050263
2026-03-25,4527,4530,3,5.534,5.382334511756897,-0.15166540813446083
2026-03-26,4527,4531,4,5.4505,5.456035372912884,0.005535361468791855
2026-03-27,4527,4532,5,5.4684997,5.415046591818332,-0.05345306867361099
2026-03-24,4528,4529,1,5.4285,5.365614800393581,-0.06288537508249359
2026-03-25,4528,4530,2,5.534,5.389649203121662,-0.14435071676969535
2026-03-26,4528,4531,3,5.4505,5.360195784926414,-0.09030422651767811
2026-03-27,4528,4532,4,5.4684997,5.402953530073165,-0.06554613041877833
2026-03-30,4528,4533,5,5.502,5.379523926317692,-0.12247592872381219
2026-03-25,4529,4530,1,5.534,5.36785268163681,-0.16614723825454725
2026-03-26,4529,4531,2,5.4505,5.3705590632557865,-0.07994094818830533
2026-03-27,4529,4532,3,5.4684997,5.354251165390014,-0.11424849510192914
2026-03-30,4529,4533,4,5.502,5.374208697855472,-0.1277911571860315
2026-03-31,4529,4534,5,5.614,5.378766989767551,-0.23523285382986092
2026-03-26,4530,4531,1,5.4505,5.434204672574997,-0.016295338869094955
2026-03-27,4530,4532,2,5.4684997,5.3842268531322475,-0.08427280735969589
2026-03-30,4530,4533,3,5.502,5.399028380572795,-0.10297147446870891
2026-03-31,4530,4534,4,5.614,5.384213098227978,-0.22978674536943444
2026-04-01,4530,4535,5,5.6465,5.420114648818969,-0.2263854618072516
2026-03-27,4531,4532,1,5.4684997,5.422490912735461,-0.046008747756482116
2026-03-30,4531,4533,2,5.502,5.401099535703659,-0.10090031933784527
2026-03-31,4531,4534,3,5.614,5.39957274132967,-0.21442710226774242
2026-04-01,4531,4535,4,5.6465,5.388347488999366,-0.2581526216268548
2026-04-02,4531,4536,5,5.5835,5.434174661874771,-0.14932524657249502
2026-03-30,4532,4533,1,5.502,5.425774166703223,-0.07622568833828058
2026-03-31,4532,4534,2,5.614,5.401625139772891,-0.21237470382452095
2026-04-01,4532,4535,3,5.6465,5.402292877852916,-0.24420723277330492
2026-04-02,4532,4536,4,5.5835,5.391727027297019,-0.19177288115024638
2026-04-06,4532,4537,5,5.601,5.432974650681018,-0.16802518147230217
2026-03-31,4533,4534,1,5.614,5.4438072630167005,-0.17019258058071163
2026-04-01,4533,4535,2,5.6465,5.409462100684642,-0.2370380099415783
2026-04-02,4533,4536,3,5.5835,5.414907792329788,-0.1685921161174777
2026-04-06,4533,4537,4,5.601,5.399915363490581,-0.20108446866273955
2026-04-07,4533,4538,5,5.563,5.445145656883716,-0.11785454529523864
2026-04-01,4534,4535,1,5.6465,5.5134170821905135,-0.13308302843570718
2026-04-02,4534,4536,2,5.5835,5.441855317056178,-0.14164459139108754
2026-04-06,4534,4537,3,5.601,5.466834640026092,-0.13416519212722822
2026-04-07,4534,4538,4,5.563,5.431469113886356,-0.13153108829259885
2026-04-08,4534,4539,5,5.777,5.495914174914359,-0.28108577549457614
2026-04-02,4535,4536,1,5.5835,5.563014349281787,-0.02048555916547823
2026-04-06,4535,4537,2,5.601,5.489626933217048,-0.11137289893627234
2026-04-07,4535,4538,3,5.563,5.5136175703406325,-0.04938263183832259
2026-04-08,4535,4539,4,5.777,5.471122418820857,-0.3058775315880782
2026-04-09,4535,4540,5,5.7644997,5.551765755295753,-0.21273390901088796
2026-04-06,4536,4537,1,5.601,5.548346619546413,-0.052653212606907474
2026-04-07,4536,4538,2,5.563,5.513475436329841,-0.049524765849113805
2026-04-08,4536,4539,3,5.777,5.514958465099334,-0.26204148530960136
2026-04-09,4536,4540,4,5.7644997,5.49075400173664,-0.27374566257000055
2026-04-10,4536,4541,5,5.8859997,5.5610890794992445,-0.3249106000661852
2026-04-07,4537,4538,1,5.563,5.545636069774627,-0.017364132404328103
2026-04-08,4537,4539,2,5.777,5.516151390433311,-0.2608485599756243
2026-04-09,4537,4540,3,5.7644997,5.514288642942905,-0.25021102136373585
2026-04-10,4537,4541,4,5.8859997,5.499933107852935,-0.3860665717124947
2026-04-13,4537,4542,5,5.9905,5.555469992697239,-0.4350299805998805
2026-04-08,4538,4539,1,5.777,5.520512528717517,-0.2564874216914186
2026-04-09,4538,4540,2,5.7644997,5.509675748229026,-0.2548239160776147
2026-04-10,4538,4541,3,5.8859997,5.496556070446967,-0.3894436091184623
2026-04-13,4538,4542,4,5.9905,5.495000099003314,-0.49549987429380504
2026-04-14,4538,4543,5,6.0835,5.5390620591640465,-0.5444378492832191
2026-04-09,4539,4540,1,5.7644997,5.624836808562279,-0.139662855744362
2026-04-10,4539,4541,2,5.8859997,5.5374689911603925,-0.3485306884050372
2026-04-13,4539,4542,3,5.9905,5.566438486814499,-0.42406148648262043
2026-04-14,4539,4543,4,6.0835,5.529832935214042,-0.5536669732332236
2026-04-15,4539,4544,5,6.085,5.597009386777877,-0.4879906513690955
2026-04-10,4540,4541,1,5.8859997,5.666885967731475,-0.21911371183395456
2026-04-13,4540,4542,2,5.9905,5.592423168241977,-0.3980768050551422
2026-04-14,4540,4543,3,6.0835,5.611467875242233,-0.47203203320503295
2026-04-15,4540,4544,4,6.085,5.570092706382274,-0.5149073317646984
2026-04-16,4540,4545,5,6.0765,5.659078600704669,-0.4174213382601746
2026-04-13,4541,4542,1,5.9905,5.748909796416759,-0.24159017688036055
2026-04-14,4541,4543,2,6.0835,5.648378952443599,-0.43512095600366685
2026-04-15,4541,4544,3,6.085,5.680870537221431,-0.40412950092554123
2026-04-16,4541,4545,4,6.0765,5.62589510256052,-0.4506048364043238
2026-04-17,4541,4546,5,6.1145,5.727310011744499,-0.38719003403186836
2026-04-14,4542,4543,1,6.0835,5.836143399298191,-0.2473565091490748
2026-04-15,4542,4544,2,6.085,5.7207009886503215,-0.36429904949665115
2026-04-16,4542,4545,3,6.0765,5.758035966992377,-0.31846397197246645
2026-04-17,4542,4546,4,6.1145,5.692853976547718,-0.42164606922864944
2026-04-20,4542,4547,5,6.1064997,5.811227015435695,-0.29527265650034007
2026-04-15,4543,4544,1,6.085,5.918532774984836,-0.16646726316213645
2026-04-16,4543,4545,2,6.0765,5.798110255360602,-0.27838968360424143
2026-04-17,4543,4546,3,6.1145,5.834348592698573,-0.280151453077794
2026-04-20,4543,4547,4,6.1064997,5.764907583713531,-0.3415920882225043
2026-04-21,4543,4548,5,6.0715,5.895653784215449,-0.1758460403084765
2026-04-16,4544,4545,1,6.0765,5.947749442100524,-0.1287504968643196
2026-04-17,4544,4546,2,6.1145,5.85813499033451,-0.25636505544185706
2026-04-20,4544,4547,3,6.1064997,5.873938958525657,-0.2325607134103782
2026-04-21,4544,4548,4,6.0715,5.820690806388854,-0.2508090181350715
2026-04-22,4544,4549,5,6.189,5.9451572678685185,-0.24384286183118853
2026-04-17,4545,4546,1,6.1145,5.947107129752635,-0.16739291602373196
2026-04-20,4545,4547,2,6.1064997,5.887417097449302,-0.21908257448673307
2026-04-21,4545,4548,3,6.0715,5.884809501051902,-0.18669032347202386
2026-04-22,4545,4549,4,6.189,5.853538351416587,-0.3354617782831202
2026-04-23,4545,4550,5,6.1425,5.957678398907184,-0.18482152479887048
2026-04-20,4546,4547,1,6.1064997,5.959908360660076,-0.1465913112759596
2026-04-21,4546,4548,2,6.0715,5.903792936205863,-0.16770688831806257
2026-04-22,4546,4549,3,6.189,5.897744112849235,-0.29125601685047187
2026-04-23,4546,4550,4,6.1425,5.876005111873149,-0.2664948118329056
2026-04-24,4546,4551,5,6.0885,5.967569008708,-0.12093101418018382
2026-04-21,4547,4548,1,6.0715,5.957566692411899,-0.11393313211202649
2026-04-22,4547,4549,2,6.189,5.914891059875488,-0.27410906982421945
2026-04-23,4547,4550,3,6.1425,5.900338371157646,-0.2421615525484091
2026-04-24,4547,4551,4,6.0885,5.888508319854735,-0.19999170303344815
2026-04-27,4547,4552,5,6.05,5.971869291961193,-0.07813089877367041
2026-04-22,4548,4549,1,6.189,5.935698061883449,-0.2533020678162581
2026-04-23,4548,4550,2,6.1425,5.911771614313125,-0.23072830939293
2026-04-24,4548,4551,3,6.0885,5.887164924204349,-0.2013350986838347
2026-04-27,4548,4552,4,6.05,5.8880202291607855,-0.1619799615740778
2026-04-28,4548,4553,5,5.9455,5.958289866924285,0.012789969921111144
2026-04-23,4549,4550,1,6.1425,5.987138902962207,-0.1553610207438476
2026-04-24,4549,4551,2,6.0885,5.922590054929256,-0.16590996795892732
2026-04-27,4549,4552,3,6.05,5.920308824896812,-0.12969136583805163
2026-04-28,4549,4553,4,5.9455,5.904262270212173,-0.04123762679100107
2026-04-29,4549,4554,5,5.933,5.983481348872184,0.05048126113414675
2026-04-24,4550,4551,1,6.0885,5.985155695855617,-0.10334432703256624
2026-04-27,4550,4552,2,6.05,5.9418515058755865,-0.10814868485927676
2026-04-28,4550,4553,3,5.9455,5.926742785573005,-0.018757111430169005
2026-04-29,4550,4554,4,5.933,5.916144840240478,-0.016855247497558956
2026-04-30,4550,4555,5,5.9804997,5.999657116293907,0.019157371878623763
2026-04-27,4551,4552,1,6.05,5.954132134497165,-0.09586805623769834
2026-04-28,4551,4553,2,5.9455,5.93604943716526,-0.009450459837913705
2026-04-29,4551,4554,3,5.933,5.9081353178024285,-0.0248647699356086
2026-04-30,4551,4555,4,5.9804997,5.912500207424163,-0.06799953699112038
2026-05-01,4551,4556,5,5.9845,5.980340228915214,-0.004159702420235334
2026-04-28,4552,4553,1,5.9455,5.917719985187053,-0.02777991181612105
2026-04-29,4552,4554,2,5.933,5.91345137989521,-0.019548707842827362
2026-04-30,4552,4555,3,5.9804997,5.879024938583373,-0.10147480583191015
2026-05-01,4552,4556,4,5.9845,5.895360763072967,-0.08913916826248247
2026-05-04,4552,4557,5,5.8465,5.946526089251041,0.10002616935968334
2026-04-29,4553,4554,1,5.933,5.846086111009121,-0.08691397672891643
2026-04-30,4553,4555,2,5.9804997,5.8725718044042585,-0.10792794001102468
2026-05-01,4553,4556,3,5.9845,5.822709025979042,-0.1617909053564075
2026-05-04,4553,4557,4,5.8465,5.8579207472801205,0.011420827388763044
2026-05-05,4553,4558,5,5.993,5.888481643676757,-0.10451838684082126
2026-04-30,4554,4555,1,5.9804997,5.809985739529132,-0.17051400488615087
2026-05-01,4554,4556,2,5.9845,5.826499544143676,-0.15800038719177323
2026-05-04,4554,4557,3,5.8465,5.784420374274253,-0.06207954561710416
2026-05-05,4554,4558,4,5.993,5.819487877488136,-0.17351215302944212
2026-05-06,4554,4559,5,6.1865,5.840353650450706,-0.34614642202854196
2026-05-01,4555,4556,1,5.9845,5.824008239209651,-0.16049169212579795
2026-05-04,4555,4557,2,5.8465,5.806370700597762,-0.04012921929359514
2026-05-05,4555,4558,3,5.993,5.7841961276531215,-0.2088039028644566
2026-05-06,4555,4559,4,6.1865,5.800513612270355,-0.38598646020889316
2026-05-07,4555,4560,5,6.176,5.835038005173206,-0.3409621130824094
2026-05-04,4556,4557,1,5.8465,5.837690617620944,-0.008809302270413433
2026-05-05,4556,4558,2,5.993,5.8076945059299465,-0.1853055245876316
2026-05-06,4556,4559,3,6.1865,5.792728336453437,-0.39377173602581106
2026-05-07,4556,4560,4,6.176,5.795964073479175,-0.38003604477643993
2026-05-08,4556,4561,5,6.2965,5.847144821822643,-0.4493553841710094
2026-05-05,4557,4558,1,5.993,5.772060550749301,-0.2209394797682771
2026-05-06,4557,4559,2,6.1865,5.787733638942241,-0.39876643353700736
2026-05-07,4557,4560,3,6.176,5.748811428010463,-0.4271886902451518
2026-05-08,4557,4561,4,6.2965,5.7712806893587105,-0.5252195166349418
2026-05-11,4557,4562,5,6.4605002,5.809757324755191,-0.6507429155707367
2026-05-06,4558,4559,1,6.1865,5.821485256314277,-0.36501481616497067
2026-05-07,4558,4560,2,6.176,5.777370360612869,-0.39862975764274644
2026-05-08,4558,4561,3,6.2965,5.772856251120567,-0.5236439548730853
2026-05-11,4558,4562,4,6.4605002,5.77098850184679,-0.6895117384791378
2026-05-12,4558,4563,5,6.5309997,5.817921902477741,-0.7130777580142027
2026-05-07,4559,4560,1,6.176,5.949231220424175,-0.22676889783144016
2026-05-08,4559,4561,2,6.2965,5.832972268640995,-0.46352793735265774
2026-05-11,4559,4562,3,6.4605002,5.865255028963088,-0.5952452113628395
2026-05-12,4559,4563,4,6.5309997,5.818384984254837,-0.7126146762371066
2026-05-13,4559,4564,5,6.679,5.914267921030521,-0.7647319797873502
2026-05-08,4560,4561,1,6.2965,6.001630736649036,-0.2948694693446168
2026-05-11,4560,4562,2,6.4605002,5.904326042950153,-0.5561741973757748
2026-05-12,4560,4563,3,6.5309997,5.922762616455555,-0.6082370440363887
2026-05-13,4560,4564,4,6.679,5.872013271927833,-0.806986628890038
2026-05-14,4560,4565,5,6.6115,5.9922432228922835,-0.6192565634846696
2026-05-11,4561,4562,1,6.4605002,6.082406203567981,-0.37809403675794684
2026-05-12,4561,4563,2,6.5309997,5.966832079291343,-0.5641675812006
2026-05-13,4561,4564,3,6.679,5.992923882246017,-0.6860760185718542
2026-05-14,4561,4565,4,6.6115,5.933859489679336,-0.6776402966976169
2026-05-15,4561,4566,5,6.295,6.063336904466151,-0.23166317182779395
2026-05-12,4562,4563,1,6.5309997,6.195514865458011,-0.33548479503393214
2026-05-13,4562,4564,2,6.679,6.049407771408557,-0.6295921294093141
2026-05-14,4562,4565,3,6.6115,6.086869461596011,-0.5246303247809418
2026-05-15,4562,4566,4,6.295,6.011580534219741,-0.2834195420742045
2026-05-18,4562,4567,5,6.3155003,6.1640849092006675,-0.15141535019874652
2026-05-13,4563,4564,1,6.679,6.273368457257747,-0.40563144356012426
2026-05-14,4563,4565,2,6.6115,6.136285830855369,-0.47521395552158374
2026-05-15,4563,4566,3,6.295,6.16297784781456,-0.13202222847938572
2026-05-18,4563,4567,4,6.3155003,6.088993969082832,-0.22650629031658198
2026-05-19,4563,4568,5,6.2065,6.25526241827011,0.048762364864348484
2026-05-14,4564,4565,1,6.6115,6.373354106843471,-0.2381456795334822
2026-05-15,4564,4566,2,6.295,6.220412075817585,-0.0745880004763606
2026-05-18,4564,4567,3,6.3155003,6.250391514897346,-0.06510874450206838
2026-05-19,4564,4568,4,6.2065,6.170855656623839,-0.03564439678192244
2026-05-20,4564,4569,5,6.3305,6.348855788707732,0.018355662822722607
2026-05-15,4565,4566,1,6.295,6.3702292426824565,0.07522916638851118
2026-05-18,4565,4567,2,6.3155003,6.278548220753669,-0.0369520386457447
2026-05-19,4565,4568,3,6.2065,6.270935923278331,0.06443586987256911
2026-05-20,4565,4569,4,6.3305,6.223160138964652,-0.10733998692035751
2026-05-21,4565,4570,5,6.294,6.384567271530628,0.0905671227574345
2026-05-18,4566,4567,1,6.3155003,6.194035171210765,-0.12146508818864898
2026-05-19,4566,4568,2,6.2065,6.241005668401717,0.034505614995955725
2026-05-20,4566,4569,3,6.3305,6.160449446320533,-0.1700506795644765
2026-05-21,4566,4570,4,6.294,6.194961751580237,-0.09903839719295604
2026-05-22,4566,4571,5,6.3789997,6.276459976196288,-0.10253973388671955
2026-05-19,4567,4568,1,6.2065,6.1234800149798385,-0.0830200384259232
2026-05-20,4567,4569,2,6.3305,6.15688275796175,-0.17361736792326
2026-05-21,4567,4570,3,6.294,6.088457111001014,-0.20554303777217964
2026-05-22,4567,4571,4,6.3789997,6.1408303678631775,-0.23816934221983033
2026-05-26,4567,4572,5,6.397,6.172913473665714,-0.2240863623023035
2026-05-20,4568,4569,1,6.3305,6.039796427845954,-0.2907036980390556
2026-05-21,4568,4570,2,6.294,6.0875184429883955,-0.20648170578479785
2026-05-22,4568,4571,3,6.3789997,6.013463705658912,-0.3655360044240954
2026-05-26,4568,4572,4,6.397,6.076136884927749,-0.32086295104026874
2026-05-27,4568,4573,5,6.34,6.093836945831775,-0.24616320675611547
2026-05-21,4569,4570,1,6.294,6.078253056108951,-0.21574709266424197
2026-05-22,4569,4571,2,6.3789997,6.053048236072063,-0.32595147401094504
2026-05-26,4569,4572,3,6.397,6.022209323883056,-0.37479051208496195
2026-05-27,4569,4573,4,6.34,6.048014774739742,-0.2919853778481487
2026-05-28,4569,4574,5,6.426,6.087777702093124,-0.33822241616249116
2026-05-22,4570,4571,1,6.3789997,6.08351826673746,-0.2954814433455475
2026-05-26,4570,4572,2,6.397,6.053993989944457,-0.3430058460235603
2026-05-27,4570,4573,3,6.34,6.026154063701629,-0.31384608888626175
2026-05-28,4570,4574,4,6.426,6.0373647274971,-0.38863539075851516
2026-05-29,4570,4575,5,6.389,6.100724401533603,-0.28827553743124046
2026-05-26,4571,4572,1,6.397,6.134279282093048,-0.26272055387496973
2026-05-27,4571,4573,2,6.34,6.068794683754444,-0.27120546883344687
2026-05-28,4571,4574,3,6.426,6.06161754143238,-0.3643825768232354
2026-05-29,4571,4575,4,6.389,6.049820418536663,-0.3391795204281811
2026-06-01,4571,4576,5,6.5525002,6.133448569238185,-0.4190516787171372
2026-05-27,4572,4573,1,6.34,6.165707571089267,-0.1742925814986238
2026-05-28,4572,4574,2,6.426,6.097561190366744,-0.32843892788887086
2026-05-29,4572,4575,3,6.389,6.090379879891872,-0.29862005907297196
2026-06-01,4572,4576,4,6.5525002,6.070791645765304,-0.4817086021900181
2026-06-02,4572,4577,5,6.6765,6.169601459443569,-0.5068983841538435
2026-05-28,4573,4574,1,6.426,6.147600281655788,-0.27839983659982703
2026-05-29,4573,4575,2,6.389,6.108859385371208,-0.2801405535936361
2026-06-01,4573,4576,3,6.5525002,6.0850083813667295,-0.46749186658859276
2026-06-02,4573,4577,4,6.6765,6.0788390983939165,-0.5976607452034957
2026-06-03,4573,4578,5,6.5074997,6.169823205173015,-0.3376764896512041
2026-05-29,4574,4575,1,6.389,6.181922935962676,-0.20707700300216736
2026-06-01,4574,4576,2,6.5525002,6.118289414286613,-0.4342108336687094
2026-06-02,4574,4577,3,6.6765,6.107374689340591,-0.5691251542568212
2026-06-03,4574,4578,4,6.5074997,6.093143782019615,-0.41435591280460393
2026-06-04,4574,4579,5,6.535,6.186191541254519,-0.34880830615758995
2026-06-01,4575,4576,1,6.5525002,6.176033752858638,-0.3764664950966843
2026-06-02,4575,4577,2,6.6765,6.1311094018816945,-0.5453904417157176
2026-06-03,4575,4578,3,6.5074997,6.108327529072761,-0.399172165751458
2026-06-04,4575,4579,4,6.535,6.10134754037857,-0.4336523070335394
2026-06-05,4575,4580,5,6.2845,6.194632884323596,-0.08986723774671646
2026-06-02,4576,4577,1,6.6765,6.257767894923687,-0.41873194867372554
2026-06-03,4576,4578,2,6.5074997,6.159898833334445,-0.34760086148977365
2026-06-04,4576,4579,3,6.535,6.164675119638442,-0.3703247277736672
2026-06-05,4576,4580,4,6.2845,6.132867528736591,-0.15163259333372192
2026-06-08,4576,4581,5,6.35,6.245444334328174,-0.10455557030439433
2026-06-03,4577,4578,1,6.5074997,6.355192631423472,-0.1523070634007464
2026-06-04,4577,4579,2,6.535,6.22589444720745,-0.3091054002046594
2026-06-05,4577,4580,3,6.2845,6.243310240089893,-0.04118988198041951
2026-06-08,4577,4581,4,6.35,6.188356063008308,-0.1616438416242607
2026-06-09,4577,4582,5,6.322,6.335156320869922,0.013156294167041338
2026-06-04,4578,4579,1,6.535,6.304954719245433,-0.230045128166676
2026-06-05,4578,4580,2,6.2845,6.258813267648219,-0.025686854422093397
2026-06-08,4578,4581,3,6.35,6.229256479263305,-0.12074342536926341
2026-06-09,4578,4582,4,6.322,6.2113359230756755,-0.11066410362720536
2026-06-10,4578,4583,5,6.2669997,6.338883483111858,0.07188376158475851
2026-06-05,4579,4580,1,6.2845,6.29057042390108,0.0060703018307677326
2026-06-08,4579,4581,2,6.35,6.2490210262537,-0.10097887837886876
2026-06-09,4579,4582,3,6.322,6.218182530879973,-0.10381749582290745
2026-06-10,4579,4583,4,6.2669997,6.215307339072226,-0.051692382454873176
2026-06-11,4579,4584,5,6.2749996,6.314835325479507,0.03983570694923344
2026-06-08,4580,4581,1,6.35,6.149936948120593,-0.20006295651197537
2026-06-09,4580,4582,2,6.322,6.199648422598838,-0.12235160410404244
2026-06-10,4580,4583,3,6.2669997,6.120588567376136,-0.14641115415096362
2026-06-11,4580,4584,4,6.2749996,6.169176724672317,-0.1058228938579564
2026-06-12,4580,4585,5,6.445,6.221505799114704,-0.22349437254667315
2026-06-09,4581,4582,1,6.322,6.125356517374515,-0.19664350932836605
2026-06-10,4581,4583,2,6.2669997,6.135030383229255,-0.13196933829784463
2026-06-11,4581,4584,3,6.2749996,6.081874764084815,-0.19312485444545846
2026-06-12,4581,4585,4,6.445,6.124263627707958,-0.32073654395341933
2026-06-15,4581,4586,5,6.496,6.158325355648993,-0.33767445743084057
2026-06-10,4582,4583,1,6.2669997,6.105873737514019,-0.16112598401308098
2026-06-11,4582,4584,2,6.2749996,6.103509978055953,-0.17148964047432003
2026-06-12,4582,4585,3,6.445,6.057794511675834,-0.38720565998554335
2026-06-15,4582,4586,4,6.496,6.090312355816364,-0.4056874572634701
2026-06-16,4582,4587,5,6.5035,6.1348040525317185,-0.3686959322094925
2026-06-11,4583,4584,1,6.2749996,6.075446222007274,-0.1995533965229992
2026-06-12,4583,4585,2,6.445,6.075721320092677,-0.36927885156869955
2026-06-15,4583,4586,3,6.496,6.031021632552147,-0.46497818052768736
2026-06-16,4583,4587,4,6.5035,6.060615517497062,-0.44288446724414854
2026-06-17,4583,4588,5,6.4934998,6.107486812651157,-0.3860129432082182
2026-06-12,4584,4585,1,6.445,6.070258539021014,-0.37474163264036253
2026-06-15,4584,4586,2,6.496,6.054003159880637,-0.44199665319919657
2026-06-16,4584,4587,3,6.5035,6.020365333080291,-0.4831346516609196
2026-06-17,4584,4588,4,6.4934998,6.04021407675743,-0.4532856791019446
2026-06-18,4584,4589,5,6.3855,6.0916995170712465,-0.29380043715238635
2026-06-15,4585,4586,1,6.496,6.160707454979419,-0.335292358100415
2026-06-16,4585,4587,2,6.5035,6.074488797307014,-0.4290111874341971
2026-06-17,4585,4588,3,6.4934998,6.07843937253952,-0.4150603833198554
2026-06-18,4585,4589,4,6.3855,6.058835299432277,-0.3266646547913554
2026-06-22,4585,4590,5,6.3655,6.145489945888519,-0.2200100274086001
2026-06-16,4586,4587,1,6.5035,6.228740878760814,-0.2747591059803973
2026-06-17,4586,4588,2,6.4934998,6.129085346877575,-0.36441440898180044
2026-06-18,4586,4589,3,6.3855,6.1371365508437155,-0.24836340337991736
2026-06-22,4586,4590,4,6.3655,6.098715351879596,-0.2667846214175231
2026-06-23,4586,4591,5,6.148,6.21882359278202,0.07082382929325082
2026-06-17,4587,4588,1,6.4934998,6.259330952227115,-0.23416880363225978
2026-06-18,4587,4589,2,6.3855,6.174035123586654,-0.21146483063697907
2026-06-22,4587,4590,3,6.3655,6.172147783994674,-0.1933521893024448
2026-06-23,4587,4591,4,6.148,6.136711816072463,-0.011287947416306565
2026-06-24,4587,4592,5,5.9485,6.262796354472637,0.31429619807004894
2026-06-18,4588,4589,1,6.3855,6.261037810802459,-0.1244621434211739
2026-06-22,4588,4590,2,6.3655,6.197615614473819,-0.16788435882329988
2026-06-23,4588,4591,3,6.148,6.182158436596393,0.03415867310762355
2026-06-24,4588,4592,4,5.9485,6.160462367594241,0.21196221119165326
2026-06-25,4588,4593,5,6.1375,6.275871849834918,0.1383720405697817
2026-06-22,4589,4590,1,6.3655,6.2002448852658265,-0.16525508803129263
2026-06-23,4589,4591,2,6.148,6.187309856653213,0.03931009316444367
2026-06-24,4589,4592,3,5.9485,6.1441690582633015,0.19566890186071362
2026-06-25,4589,4593,4,6.1375,6.153353582978248,0.015853773713111252
2026-06-26,4589,4594,5,6.207,6.239851090073585,0.032851311326026256
2026-06-23,4590,4591,1,6.148,6.161233892679214,0.013234129190444754
2026-06-24,4590,4592,2,5.9485,6.154826191365718,0.20632603496312996
2026-06-25,4590,4593,3,6.1375,6.109553799629211,-0.02794600963592586
2026-06-26,4590,4594,4,6.207,6.13139033538103,-0.07560944336652842
2026-06-29,4590,4595,5,6.1635003,6.195560715138911,0.03206040614843264
2026-06-24,4591,4592,1,5.9485,6.0308690781593315,0.0823689217567436
2026-06-25,4591,4593,2,6.1375,6.092045890569686,-0.04545391869545057
2026-06-26,4591,4594,3,6.207,6.012345390260219,-0.19465438848733996
2026-06-29,4591,4595,4,6.1635003,6.071965397596359,-0.09153491139411951
2026-06-30,4591,4596,5,6.2539997,6.099375587284564,-0.1546241227984435
2026-06-25,4592,4593,1,6.1375,5.871200898945331,-0.2662989103198061
2026-06-26,4592,4594,2,6.207,5.979762106120586,-0.22723767262697248
2026-06-29,4592,4595,3,6.1635003,5.879815220355987,-0.28368508863449193
2026-06-30,4592,4596,4,6.2539997,5.974168028235435,-0.2798316818475728
2026-07-01,4592,4597,5,6.1795,5.952664944708347,-0.22683515828847955
2026-06-26,4593,4594,1,6.207,5.909384096384048,-0.297615682363511
2026-06-29,4593,4595,2,6.1635003,5.910642044901847,-0.25285826408863166
2026-06-30,4593,4596,3,6.2539997,5.87351172286272,-0.3804879872202882
2026-07-01,4593,4597,4,6.1795,5.921044920682906,-0.25845518231392006
2026-07-02,4593,4598,5,6.169,5.918613637149333,-0.2503865116238604
2026-06-29,4594,4595,1,6.1635003,5.975845709741115,-0.18765459924936323
2026-06-30,4594,4596,2,6.2539997,5.922526699006557,-0.3314730110764508
2026-07-01,4594,4597,3,6.1795,5.9146263821721075,-0.2648737208247187
2026-07-02,4594,4598,4,6.169,5.9171030985713,-0.2518970502018938
2026-07-06,4594,4599,5,6.232,5.969509283840655,-0.26249059027433486
2026-06-30,4595,4596,1,6.2539997,5.9900316010117525,-0.26396810907125534
2026-07-01,4595,4597,2,6.1795,5.945293983280658,-0.234206119716168
2026-07-02,4595,4598,3,6.169,5.933235517203808,-0.23576463156938576
2026-07-06,4595,4599,4,6.232,5.925845382273197,-0.30615449184179333
2026-07-07,4595,4600,5,6.226,6.000043504059314,-0.22595632809400623
2026-07-01,4596,4597,1,6.1795,6.04337311977148,-0.13612698322534644
2026-07-02,4596,4598,2,6.169,5.970379177331924,-0.19862097144126967
2026-07-06,4596,4599,3,6.232,5.9737753882408136,-0.2582244858741767
2026-07-07,4596,4600,4,6.226,5.950241580665111,-0.27575825148820954
2026-07-08,4596,4601,5,6.1075,6.037774456918239,-0.06972561937570632
2026-07-02,4597,4598,1,6.169,6.0247756555676455,-0.14422449320554787
2026-07-06,4597,4599,2,6.232,5.987813726902007,-0.24418614721298315
2026-07-07,4597,4600,3,6.226,5.969648916959762,-0.25635091519355857
2026-07-08,4597,4601,4,6.1075,5.960478147149085,-0.14702192914486023
2026-07-09,4597,4602,5,6.2654996,6.044300950586795,-0.22119864124059774
2026-07-06,4598,4599,1,6.232,6.008314786493778,-0.2236850876212122
2026-07-07,4598,4600,2,6.226,5.981832010805606,-0.2441678213477143
2026-07-08,4598,4601,3,6.1075,5.957969335973262,-0.14953074032068336
2026-07-09,4598,4602,4,6.2654996,5.959207694172859,-0.3062918976545337
2026-07-10,4598,4603,5,6.282,6.0291768081188195,-0.252823256731034
2026-07-07,4599,4600,1,6.226,6.032788512527942,-0.1932113196253784
2026-07-08,4599,4601,2,6.1075,5.984610501468181,-0.12288957482576457
2026-07-09,4599,4602,3,6.2654996,5.971727991580963,-0.2937716002464299
2026-07-10,4599,4603,4,6.282,5.965178573071956,-0.31682149177789753
2026-07-13,4599,4604,5,6.2809997,6.039276659190654,-0.2417230013012892
2026-07-08,4600,4601,1,6.1075,6.040903072416782,-0.06659700387716327
2026-07-09,4600,4602,2,6.2654996,5.996395119905471,-0.26910447192192155
2026-07-10,4600,4603,3,6.282,5.980323973119258,-0.3016760917305952
2026-07-13,4600,4604,4,6.2809997,5.972984272837638,-0.30801538765430525
2026-07-14,4600,4605,5,6.378,6.053137434542179,-0.3248623480200772
2026-07-09,4601,4602,1,6.2654996,5.981197617948054,-0.2843019738793382
2026-07-10,4601,4603,2,6.282,5.982050005197524,-0.29995005965232924
2026-07-13,4601,4604,3,6.2809997,5.941849004983902,-0.3391506555080417
2026-07-14,4601,4605,4,6.378,5.957734668970107,-0.4202651135921487
2026-07-15,4601,4606,5,6.341,6.0187931058406825,-0.3222069742679601
2026-07-10,4602,4603,1,6.282,6.037662333607673,-0.2443377312421804
2026-07-13,4602,4604,2,6.2809997,5.978495404481888,-0.3025042560100557
2026-07-14,4602,4605,3,6.378,5.971930563807487,-0.40606921875476854
2026-07-15,4602,4606,4,6.341,5.9643328548669805,-0.3766672252416621
2026-07-16,4602,4607,5,6.342,6.03397268474102,-0.30802732288837475
2026-07-13,4603,4604,1,6.2809997,6.072554357588291,-0.2084453029036526
2026-07-14,4603,4605,2,6.378,6.007434055805206,-0.37056572675705013
2026-07-15,4603,4606,3,6.341,6.001785791933536,-0.339214288175107
2026-07-16,4603,4607,4,6.342,5.983457173585891,-0.3585428340435035
2026-07-17,4603,4608,5,6.265,6.074448783040046,-0.19055108344554927
2026-07-14,4604,4605,1,6.378,6.08744341623783,-0.2905563663244255
2026-07-15,4604,4606,2,6.341,6.030242187976836,-0.3107578921318064
2026-07-16,4604,4607,3,6.342,6.019750530540943,-0.32224947708845164
2026-07-17,4604,4608,4,6.265,6.00250313103199,-0.2624967354536061
2026-07-20,4604,4609,5,6.341,6.096932632923125,-0.24406744718551732
2026-07-15,4605,4606,1,6.341,6.141823221862316,-0.19917685824632692
2026-07-16,4605,4607,2,6.342,6.059375492036342,-0.2826245155930529
2026-07-17,4605,4608,3,6.265,6.061406632900238,-0.20359323358535786
2026-07-20,4605,4609,4,6.341,6.032508412659167,-0.3084916674494753
2026-07-21,4605,4610,5,6.5525002,6.136763501167296,-0.41573674678802597
2026-07-16,4606,4607,1,6.342,6.143102011144161,-0.19889799648523354
2026-07-17,4606,4608,2,6.265,6.0861483711600295,-0.1788514953255662
2026-07-20,4606,4609,3,6.341,6.072228824853896,-0.2687712552547463
2026-07-21,4606,4610,4,6.5525002,6.053423786640167,-0.4990764613151555
2026-07-22,4606,4611,5,6.4934998,6.156988629043101,-0.3365111268162737
2026-07-17,4607,4608,1,6.265,6.140743670284747,-0.12425619620084838
2026-07-20,4607,4609,2,6.341,6.094184152960777,-0.24681592714786582
2026-07-21,4607,4610,3,6.5525002,6.074313318073749,-0.4781869298815735
2026-07-22,4607,4611,4,6.4934998,6.064613192856311,-0.42888656300306405
2026-07-23,4607,4612,5,6.3435,6.157600513875484,-0.18589962345361766
2026-07-20,4608,4609,1,6.341,6.096149853825569,-0.24485022628307362
2026-07-21,4608,4610,2,6.5525002,6.082734654009341,-0.46976559394598105
2026-07-22,4608,4611,3,6.4934998,6.044866152107715,-0.4486336037516603
2026-07-23,4608,4612,4,6.3435,6.0553290492892256,-0.288171088039876
2026-07-24,4608,4613,5,6.3575,6.129254573881625,-0.22824550241232
2026-07-21,4609,4610,1,6.5525002,6.115938992917537,-0.43656125503778487
2026-07-22,4609,4611,2,6.4934998,6.07341132980585,-0.4200884260535247
2026-07-23,4609,4612,3,6.3435,6.052054131627083,-0.29144600570201895
2026-07-24,4609,4613,4,6.3575,6.053469636321068,-0.3040304399728777
2026-07-27,4609,4614,5,6.3789997,6.127026696205139,-0.2519730138778691
2026-07-22,4610,4611,1,6.4934998,6.236467383623123,-0.2570323722362522
2026-07-23,4610,4612,2,6.3435,6.117420771241187,-0.22607936608791412
2026-07-24,4610,4613,3,6.3575,6.1352904759645455,-0.22220960032939985
2026-07-27,4610,4614,4,6.3789997,6.094079532325267,-0.2849201777577406
2026-07-28,4610,4615,5,6.3595,6.209498601317405,-0.1500013300180445
2026-07-23,4611,4612,1,6.3435,6.257922950208187,-0.085577187120915
2026-07-24,4611,4613,2,6.3575,6.173691667795181,-0.18380840849876456
2026-07-27,4611,4614,3,6.3789997,6.169358456134796,-0.2096412539482122
2026-07-28,4611,4615,4,6.3595,6.133483581721782,-0.22601634961366734
2026-07-29,4611,4616,5,6.3115,6.2647137047648425,-0.046786367714405586
2026-07-24,4612,4613,1,6.3575,6.183389292120933,-0.1741107841730125
2026-07-27,4612,4614,2,6.3789997,6.171159098148346,-0.20784061193466208
2026-07-28,4612,4615,3,6.3595,6.12878232216835,-0.23071760916709927
2026-07-29,4612,4616,4,6.3115,6.133150129497051,-0.17834994298219708
2026-07-30,4612,4617,5,6.4745,6.227041939675807,-0.24745823961496427
2026-07-27,4613,4614,1,6.3789997,6.152720440566539,-0.2262792695164686
2026-07-28,4613,4615,2,6.3595,6.139471133232116,-0.22002879810333287
2026-07-29,4613,4616,3,6.3115,6.099183435440063,-0.21231663703918535
2026-07-30,4613,4617,4,6.4745,6.116089463233947,-0.3584107160568246
2026-07-31,4613,4618,5,6.4655,6.182864521682262,-0.2826353562474253
2026-07-28,4614,4615,1,6.3595,6.15114821332693,-0.20835171800851882
2026-07-29,4614,4616,2,6.3115,6.123365390777587,-0.18813468170166114
2026-07-30,4614,4617,3,6.4745,6.0907933606505384,-0.38370681864023304
2026-07-31,4614,4618,4,6.4655,6.103004797935485,-0.3624950799942024
2026-08-03,4614,4619,5,6.5404997,6.1712403771281235,-0.36925931006670076
2026-07-29,4615,4616,1,6.3115,6.143670547187328,-0.1678295252919204
2026-07-30,4615,4617,2,6.4745,6.1158497944474215,-0.35865038484335
2026-07-31,4615,4618,3,6.4655,6.083803368389606,-0.38169650954008194
2026-08-03,4615,4619,4,6.5404997,6.093610615134239,-0.4468890720605856
2026-08-04,4615,4620,5,6.6435,6.16587763172388,-0.47762221950292627
2026-07-30,4616,4617,1,6.4745,6.117013542711734,-0.35748663657903723
2026-07-31,4616,4618,2,6.4655,6.101420066237449,-0.36407981169223813
2026-08-03,4616,4619,3,6.5404997,6.064073417067527,-0.47642627012729744
2026-08-04,4616,4620,4,6.6435,6.079260915458201,-0.5642389357686053
2026-08-05,4616,4621,5,6.7275,6.145788802444934,-0.5817111594080933
2026-07-31,4617,4618,1,6.4655,6.191969434678554,-0.2735304432511336
2026-08-03,4617,4619,2,6.5404997,6.113044627606868,-0.42745505958795604
2026-08-04,4617,4620,3,6.6435,6.110260718345642,-0.5332391328811648
2026-08-05,4617,4621,4,6.7275,6.094325453341007,-0.6331745085120204
2026-08-06,4617,4622,5,6.709,6.1832388218045224,-0.5257612888216983
2026-08-03,4618,4619,1,6.5404997,6.2209126709699625,-0.31958701622486174
2026-08-04,4618,4620,2,6.6435,6.148807795524596,-0.49469205570221053
2026-08-05,4618,4621,3,6.7275,6.13986502367258,-0.5876349381804475
2026-08-06,4618,4622,4,6.709,6.117908861935138,-0.5910912486910824
2026-08-07,4618,4623,5,6.591,6.226483824014663,-0.36451625609397986
2026-08-04,4619,4620,1,6.6435,6.270837554872036,-0.372662296354771
2026-08-05,4619,4621,2,6.7275,6.182988315820693,-0.5445116460323343
2026-08-06,4619,4622,3,6.709,6.181439430236816,-0.5275606803894046
2026-08-07,4619,4623,4,6.591,6.150344176650047,-0.4406559034585955
2026-08-10,4619,4624,5,6.616,6.269161123812198,-0.34683905166387596
2026-08-05,4620,4621,1,6.7275,6.341416886389255,-0.3860830754637723
2026-08-06,4620,4622,2,6.709,6.231861574769019,-0.47713853585720134
2026-08-07,4620,4623,3,6.591,6.238890747666359,-0.35210933244228393
2026-08-10,4620,4624,4,6.616,6.19494924712181,-0.42105092835426383
2026-08-11,4620,4625,5,6.634,6.331486262321471,-0.3025135622024546
2026-08-06,4621,4622,1,6.709,6.41017056697607,-0.29882954365015113
2026-08-07,4621,4623,2,6.591,6.291068934977054,-0.2999311451315885
2026-08-10,4621,4624,3,6.616,6.2992481012344355,-0.31675207424163876
2026-08-11,4621,4625,4,6.634,6.247513822197914,-0.38648600232601193
2026-08-12,4621,4626,5,6.6155,6.40088892430067,-0.21461104899644923
2026-08-07,4622,4623,1,6.591,6.423486564755439,-0.16751351535320325
2026-08-10,4622,4624,2,6.616,6.335048365712165,-0.2809518097639092
2026-08-11,4622,4625,3,6.634,6.323669308543205,-0.3103305159807208
2026-08-12,4622,4626,4,6.6155,6.286764483571052,-0.3287354897260668
2026-08-13,4622,4627,5,6.608,6.435202408671379,-0.17279739296436336
2026-08-10,4623,4624,1,6.616,6.361298975288867,-0.2547012001872071
2026-08-11,4623,4625,2,6.634,6.33398381948471,-0.30001600503921555
2026-08-12,4623,4626,3,6.6155,6.289596326589583,-0.3259036467075358
2026-08-13,4623,4627,4,6.608,6.289871841490268,-0.31812796014547384
2026-08-14,4623,4628,5,6.613,6.4030384407043455,-0.2099614753723147
2026-08-11,4624,4625,1,6.634,6.343405928909778,-0.2905938956141476
2026-08-12,4624,4626,2,6.6155,6.31159083533287,-0.3039091379642489
2026-08-13,4624,4627,3,6.608,6.270869649648666,-0.3371301519870764
2026-08-14,4624,4628,4,6.613,6.280191306591033,-0.3328086094856273
2026-08-17,4624,4629,5,6.616,6.372030718326568,-0.24396945714950657
2026-08-12,4625,4626,1,6.6155,6.345404558181762,-0.27009541511535673
2026-08-13,4625,4627,2,6.608,6.303019445896148,-0.3049803557395938
2026-08-14,4625,4628,3,6.613,6.267941105484962,-0.3450588105916985
2026-08-17,4625,4629,4,6.616,6.273673982858657,-0.34232619261741704
2026-08-18,4625,4630,5,6.4925,6.367193576991557,-0.12530625134706597
2026-08-13,4626,4627,1,6.608,6.338892236232757,-0.26910756540298486
2026-08-14,4626,4628,2,6.613,6.299202251553535,-0.3137976645231255
2026-08-17,4626,4629,3,6.616,6.263316956758499,-0.35268321871757546
2026-08-18,4626,4630,4,6.4925,6.268723050951957,-0.22377677738666613
2026-08-19,4626,4631,5,6.496,6.363668153345584,-0.1323316597342501
2026-08-14,4627,4628,1,6.613,6.33311309236288,-0.27988682371378015
2026-08-17,4627,4629,2,6.616,6.293522726535796,-0.32247744894027797
2026-08-18,4627,4630,3,6.4925,6.258624033510684,-0.23387579482793885
2026-08-19,4627,4631,4,6.496,6.263902165412902,-0.23209764766693208
2026-08-20,4627,4632,5,6.469,6.357231691777706,-0.11176817089319258
2026-08-17,4628,4629,1,6.616,6.3336382796168325,-0.28236189585924176
2026-08-18,4628,4630,2,6.4925,6.290016893208026,-0.2024829351305968
2026-08-19,4628,4631,3,6.496,6.257825832247733,-0.23817398083210062
2026-08-20,4628,4632,4,6.469,6.260895259976387,-0.2081046026945117
2026-08-21,4628,4633,5,6.587,6.354998395502567,-0.23200149768590972
2026-08-18,4629,4630,1,6.4925,6.336005373597144,-0.1564944547414786
2026-08-19,4629,4631,2,6.496,6.2897713890075675,-0.2062284240722665
2026-08-20,4629,4632,3,6.469,6.259137966752052,-0.20986189591884674
2026-08-21,4629,4633,4,6.587,6.2600470408797255,-0.32695285230875104
2026-08-24,4629,4634,5,6.605,6.356382222235202,-0.24861779683828455
2026-08-19,4630,4631,1,6.496,6.273298015475272,-0.22270179760456177
2026-08-20,4630,4632,2,6.469,6.269860123038291,-0.19913973963260734
2026-08-21,4630,4633,3,6.587,6.217233859300613,-0.36976603388786344
2026-08-24,4630,4634,4,6.605,6.239562237083911,-0.3654377819895753
2026-08-25,4630,4635,5,6.714,6.317465013086795,-0.3965352119803436
2026-08-20,4631,4632,1,6.469,6.248851382434368,-0.22014848023653055
2026-08-21,4631,4633,2,6.587,6.236509898781776,-0.3504899944067006
2026-08-24,4631,4634,3,6.605,6.190995337367057,-0.41400468170642934
2026-08-25,4631,4635,4,6.714,6.21494846111536,-0.49905176395177886
2026-08-26,4631,4636,5,6.7015,6.280342193722724,-0.4211577452421196
2026-08-21,4632,4633,1,6.587,6.2269168950915335,-0.3600829980969431
2026-08-24,4632,4634,2,6.605,6.212647223949432,-0.3923527951240544
2026-08-25,4632,4635,3,6.714,6.169030005693435,-0.5449702193737034
2026-08-26,4632,4636,4,6.7015,6.191676413536071,-0.5098235254287724
2026-08-27,4632,4637,5,6.689,6.256821724236011,-0.4321784054636959
2026-08-24,4633,4634,1,6.605,6.282832665026187,-0.32216735404729935
2026-08-25,4633,4635,2,6.714,6.216165144920349,-0.4978350801467899
2026-08-26,4633,4636,3,6.7015,6.201182302832603,-0.500317636132241
2026-08-27,4633,4637,4,6.689,6.195571969151496,-0.4934281605482109
2026-08-28,4633,4638,5,6.659,6.283868034183978,-0.3751318857073791
2026-08-25,4634,4635,1,6.714,6.318514970779418,-0.3954852542877205
2026-08-26,4634,4636,2,6.7015,6.244729912936687,-0.4567700260281571
2026-08-27,4634,4637,3,6.689,6.2318373994827265,-0.4571627302169805
2026-08-28,4634,4638,4,6.659,6.213953939855098,-0.4450459800362596
2026-08-31,4634,4639,5,6.6875,6.324432080507278,-0.363067919492722
2026-08-26,4635,4636,1,6.7015,6.389194754779338,-0.31230518418550535
2026-08-27,4635,4637,2,6.689,6.285075131237506,-0.40392499846220087
2026-08-28,4635,4638,3,6.659,6.286765317201613,-0.37223460268974407
2026-08-31,4635,4639,4,6.6875,6.250231457829475,-0.4372685421705249
2026-09-01,4635,4640,5,6.6005,6.381752934753894,-0.21874717205762906
2026-08-27,4636,4637,1,6.689,6.408998482406139,-0.28000164729356847
2026-08-28,4636,4638,2,6.659,6.325003534257411,-0.33399638563394607
2026-08-31,4636,4639,3,6.6875,6.312932980537414,-0.3745670194625861
2026-09-01,4636,4640,4,6.6005,6.2823070609569545,-0.318193045854569
2026-09-02,4636,4641,5,6.593,6.4190958325862875,-0.17390410256385902
2026-08-28,4637,4638,1,6.659,6.406034925758838,-0.2529649941325198
2026-08-31,4637,4639,2,6.6875,6.342323459625243,-0.34517654037475687
2026-09-01,4637,4640,3,6.6005,6.3181894380450245,-0.2823106687664989
2026-09-02,4637,4641,4,6.593,6.300867428600787,-0.2921325065493594
2026-09-03,4637,4642,5,6.6644998,6.4260283043384545,-0.23847145533561775
2026-08-31,4638,4639,1,6.6875,6.384969081461429,-0.3025309185385714
2026-09-01,4638,4640,2,6.6005,6.341636548042297,-0.2588635587692263
2026-09-02,4638,4641,3,6.593,6.306038022160529,-0.28696191298961704
2026-09-03,4638,4642,4,6.6644998,6.303831402063369,-0.36066835761070326
2026-09-04,4638,4643,5,6.6825004,6.413118284642696,-0.2693820777535443
2026-09-01,4639,4640,1,6.6005,6.388947166502475,-0.2115529403090486
2026-09-02,4639,4641,2,6.593,6.338079863250255,-0.25492007189989163
2026-09-03,4639,4642,3,6.6644998,6.30647151005268,-0.358028249621392
2026-09-04,4639,4643,4,6.6825004,6.304799247145652,-0.3777011152505878
2026-09-08,4639,4644,5,6.8235,6.409453644692897,-0.41404651170969053
2026-09-02,4640,4641,1,6.593,6.345727173209189,-0.24727276194095715
2026-09-03,4640,4642,2,6.6644998,6.3255324728488915,-0.33896728682518074
2026-09-04,4640,4643,3,6.6825004,6.277879649043083,-0.4046207133531574
2026-09-08,4640,4644,4,6.8235,6.291951332926749,-0.5315488234758385
2026-09-09,4640,4645,5,6.8884997,6.383735308229922,-0.5047644285559665
2026-09-03,4641,4642,1,6.6644998,6.324092376053333,-0.3404073836207395
2026-09-04,4641,4643,2,6.6825004,6.301542252540588,-0.38095810985565226
2026-09-08,4641,4644,3,6.8235,6.257148924231529,-0.5663512321710593
2026-09-09,4641,4645,4,6.8884997,6.274448842465877,-0.6140508943200116
2026-09-10,4641,4646,5,6.5475,6.355316842377185,-0.19218329113721921
2026-09-04,4642,4643,1,6.6825004,6.353556214630603,-0.32894414776563696
2026-09-08,4642,4644,2,6.8235,6.2978534373044965,-0.5256467190980914
2026-09-09,4642,4645,3,6.8884997,6.271621584415435,-0.6168781523704538
2026-09-10,4642,4646,4,6.5475,6.272183451414108,-0.27531668210029636
2026-09-11,4642,4647,5,6.548,6.365513811409473,-0.18248604744672825
2026-09-08,4643,4644,1,6.8235,6.377680649459362,-0.44581950694322625
2026-09-09,4643,4645,2,6.8884997,6.313102207541465,-0.575397529244424
2026-09-10,4643,4646,3,6.5475,6.2908105095028874,-0.25668962401151685
2026-09-11,4643,4647,4,6.548,6.281369643390178,-0.26663021546602295
2026-09-14,4643,4648,5,6.4044995,6.390163016676902,-0.014336514115334431
2026-09-09,4644,4645,1,6.8884997,6.460355543613433,-0.42814419317245545
2026-09-10,4644,4646,2,6.5475,6.35019043123722,-0.19730970227718458
2026-09-11,4644,4647,3,6.548,6.350760634541511,-0.1972392243146901
2026-09-14,4644,4648,4,6.4044995,6.31507416063547,-0.089425370156766
2026-09-15,4644,4649,5,6.4435,6.450685012280941,0.007184970319270789
2026-09-10,4645,4646,1,6.5475,6.525701759278774,-0.02179837423563047
2026-09-11,4645,4647,2,6.548,6.407031531095504,-0.1409683277606968
2026-09-14,4645,4648,3,6.4044995,6.40822862458229,0.003729093790053817
2026-09-15,4645,4649,4,6.4435,6.361188102424144,-0.0823119395375258
2026-09-16,4645,4650,5,6.509,6.520504072725772,0.011504248201846146
2026-09-11,4646,4647,1,6.548,6.373128609776496,-0.17487124907970486
2026-09-14,4646,4648,2,6.4044995,6.395142292022705,-0.009357238769531762
2026-09-15,4646,4649,3,6.4435,6.321466856598853,-0.12203318536281671
2026-09-16,4646,4650,4,6.509,6.345001914620399,-0.16399790990352692
2026-09-17,4646,4651,5,6.6615,6.448733483135699,-0.21276649397611713
2026-09-14,4647,4648,1,6.4044995,6.303930187284946,-0.1005693435072903
2026-09-15,4647,4649,2,6.4435,6.323347527146339,-0.12015251481533085
2026-09-16,4647,4650,3,6.509,6.256080626666545,-0.2529191978573806
2026-09-17,4647,4651,4,6.6615,6.30001629179716,-0.36148368531465636
2026-09-18,4647,4652,5,6.6915,6.354429442644118,-0.33707074427604766
2026-09-15,4648,4649,1,6.4435,6.202163069188594,-0.24133697277307586
2026-09-16,4648,4650,2,6.509,6.2521842374205585,-0.25681558710336727
2026-09-17,4648,4651,3,6.6615,6.170490526437759,-0.4910094506740572
2026-09-18,4648,4652,4,6.6915,6.234698419570922,-0.45680176734924416
2026-09-21,4648,4653,5,6.7625,6.26472662603855,-0.49777318322658637
2026-09-16,4649,4650,1,6.509,6.187401972830295,-0.32159785169363087
2026-09-17,4649,4651,2,6.6615,6.194555356681346,-0.46694462043047036
2026-09-18,4649,4652,3,6.6915,6.1399792310595505,-0.5515209558606156
2026-09-21,4649,4653,4,6.7625,6.185878512978553,-0.576621296286584
2026-09-22,4649,4654,5,6.836,6.219289175450801,-0.6167107902169233
2026-09-17,4650,4651,1,6.6615,6.223647396028041,-0.4378525810837752
2026-09-18,4650,4652,2,6.6915,6.1831154444813725,-0.5083847424387935
2026-09-21,4650,4653,3,6.7625,6.155444328427314,-0.6070554808378228
2026-09-22,4650,4654,4,6.836,6.1696910747289655,-0.6663088909387591
2026-09-23,4650,4655,5,6.7535,6.233637624680996,-0.5198623600602152
2026-09-18,4651,4652,1,6.6915,6.324552540123462,-0.3669476467967039
2026-09-21,4651,4653,2,6.7625,6.220201584100723,-0.542298225164414
2026-09-22,4651,4654,3,6.836,6.226034080326556,-0.6099658853411682
2026-09-23,4651,4655,4,6.7535,6.197212137281894,-0.5562878474593171
2026-09-24,4651,4656,5,6.79,6.307735710799693,-0.48226425105333437
2026-09-21,4652,4653,1,6.7625,6.3836982116699215,-0.37880159759521526
2026-09-22,4652,4654,2,6.836,6.278154747128486,-0.5578452185392386
2026-09-23,4652,4655,3,6.7535,6.281439251542091,-0.47206073319912
2026-09-24,4652,4656,4,6.79,6.2399440398812285,-0.5500559219717989
2026-09-25,4652,4657,5,6.779,6.378785209953785,-0.4002145954966547
