date,closed_copper_price,volume_copper,close_dollar_index,close_t_bill,close_Nasdaq,close_Dow_Jones_Index,close_wti_oil,close_gold,close_silver
2006-01-26,2.2015,7820.0,88.62,4.525,2283.0,10809.47,66.26,559.9,9.605
2006-01-27,2.233,8640.0,89.32,4.515,2304.23,10907.21,67.76,558.8,9.605
2006-01-30,2.2165,190.0,89.42,4.531,2306.78,10899.92,68.35,570.6,9.775
2006-01-31,2.2155,60.0,88.96,4.519,2305.82,10864.86,67.92,575.5,9.885
2006-02-01,2.238,60.0,89.51,4.561,2310.56,10953.95,66.56,574.0,9.795
2006-02-02,2.2955,190.0,89.37,4.563,2281.57,10851.98,64.68,576.8,9.877
2006-02-03,2.2955,120.0,89.89,4.529,2262.58,10793.62,65.37,571.6,9.76
2006-02-06,2.319,70.0,90.29,4.547,2258.8,10798.27,65.11,574.3,9.758
2006-02-07,2.2685,130.0,90.24,4.571,2244.96,10749.76,63.09,554.8,9.41
2006-02-08,2.264,220.0,90.43,4.591,2266.98,10858.62,62.55,553.8,9.44
2006-02-09,2.294,50.0,90.29,4.549,2255.87,10883.35,62.62,568.1,9.66
2006-02-10,2.2145,260.0,90.55,4.59,2261.88,10919.05,61.84,553.5,9.38
2006-02-13,2.226,100.0,90.54,4.585,2239.81,10892.32,61.24,542.1,9.118
2006-02-14,2.2565,70.0,90.54,4.612,2262.17,11028.39,59.57,548.9,9.315
2006-02-15,2.178,210.0,90.72,4.6,2276.43,11058.97,57.65,542.7,9.215
2006-02-16,2.2115,130.0,90.73,4.588,2294.63,11120.68,58.46,548.8,9.37
2006-02-17,2.1935,50.0,90.64,4.539,2282.36,11115.32,59.88,554.6,9.42
2006-02-21,2.2685,740.0,90.55,4.571,2262.96,11069.06,61.1,556.6,9.545
2006-02-22,2.2625,160.0,90.67,4.527,2283.17,11137.17,61.01,556.6,9.575
2006-02-23,2.2045,720.0,90.39,4.563,2279.32,11069.22,60.54,550.9,9.467
2006-02-24,2.2105,930.0,90.61,4.577,2287.04,11061.85,62.91,561.2,9.825
2006-02-27,2.1305,16360.0,90.63,4.594,2307.18,11097.55,61.0,557.0,9.695
2006-02-28,2.1785,10070.0,90.11,4.557,2281.39,10993.41,61.41,563.9,9.805
2006-03-01,2.2355,9800.0,90.22,4.589,2314.64,11053.53,61.97,565.8,9.79
2006-03-02,2.2675,8960.0,89.56,4.632,2311.11,11025.51,63.36,570.4,10.208
2006-03-03,2.264,6020.0,89.66,4.684,2302.6,11021.59,63.67,568.0,10.235
2006-03-06,2.1965,8470.0,89.89,4.754,2286.03,10958.59,62.41,556.8,10.025
2006-03-07,2.177,13450.0,90.77,4.728,2268.38,10980.69,61.58,554.5,10.107
2006-03-08,2.1635,10200.0,90.62,4.732,2267.46,11005.74,60.02,544.3,9.845
2006-03-09,2.1955,6360.0,90.75,4.73,2249.72,10972.28,60.47,547.0,9.97
2006-03-10,2.21,9190.0,90.85,4.763,2262.04,11076.34,59.96,541.3,9.96
2006-03-13,2.2455,5630.0,90.54,4.773,2267.03,11076.02,61.77,547.5,10.157
2006-03-14,2.254,7960.0,90.0,4.698,2295.9,11151.34,63.1,553.0,10.245
2006-03-15,2.2505,8240.0,89.7,4.731,2311.84,11209.77,62.17,554.4,10.35
2006-03-16,2.2655,7110.0,89.07,4.648,2299.56,11253.24,63.58,555.4,10.342
2006-03-17,2.36,14800.0,88.92,4.676,2306.48,11279.65,62.77,555.1,10.365
2006-03-20,2.334,8990.0,89.13,4.662,2314.11,11274.53,60.42,556.1,10.362
2006-03-21,2.324,7630.0,89.62,4.725,2294.23,11235.47,60.57,553.2,10.565
2006-03-22,2.339,8070.0,89.72,4.705,2303.35,11317.43,61.77,551.7,10.495
2006-03-23,2.398,9830.0,90.46,4.737,2300.15,11270.29,63.91,550.8,10.69
2006-03-24,2.3945,7960.0,90.07,4.675,2312.82,11279.97,64.26,560.5,10.735
2006-03-27,2.43,9130.0,90.07,4.709,2315.58,11250.11,64.16,567.4,10.895
2006-03-28,2.4285,7950.0,90.25,4.794,2304.46,11154.54,66.07,567.0,10.87
2006-03-29,2.4385,8670.0,90.25,4.808,2337.78,11215.7,66.45,573.3,11.115
2006-03-30,2.4785,70.0,89.39,4.861,2340.82,11150.7,67.15,591.8,11.66
2006-03-31,2.459,70.0,89.73,4.853,2339.79,11109.32,66.63,586.7,11.52
2006-04-03,2.5435,150.0,89.63,4.866,2336.74,11144.94,66.74,594.3,11.765
2006-04-04,2.5315,120.0,88.83,4.868,2345.36,11203.85,66.23,590.6,11.73
2006-04-05,2.593,20.0,88.63,4.847,2359.75,11239.55,67.07,592.5,11.705
2006-04-06,2.644,460.0,88.96,4.901,2361.17,11216.5,67.94,599.7,12.045
2006-04-07,2.639,210.0,89.63,4.986,2339.02,11120.04,67.39,592.7,12.07
2006-04-10,2.708,290.0,89.72,4.957,2333.27,11141.33,68.74,601.8,12.56
2006-04-11,2.7205,500.0,89.44,4.924,2310.35,11089.63,68.98,599.4,12.6
2006-04-12,2.7695,80.0,89.62,4.982,2314.68,11129.97,68.62,601.3,12.663
2006-04-13,2.8115,370.0,89.62,5.053,2326.11,11137.65,69.32,600.1,12.855
2006-04-17,2.893,290.0,88.64,5.009,2311.16,11073.78,70.4,618.8,13.365
2006-04-18,2.964,240.0,88.24,4.987,2356.14,11268.77,71.35,623.3,13.785
2006-04-19,2.9495,850.0,87.79,5.028,2370.88,11278.77,72.17,636.0,14.522
2006-04-20,2.9515,160.0,88.25,5.047,2362.55,11342.89,71.95,623.1,12.525
2006-04-21,3.133,260.0,88.05,5.016,2342.86,11347.45,75.17,635.5,12.965
2006-04-24,3.104,980.0,87.45,4.985,2333.38,11336.32,73.33,623.9,11.775
2006-04-25,3.3025,1690.0,87.32,5.073,2330.3,11283.25,72.88,634.2,12.56
2006-04-26,3.361,1490.0,87.22,5.111,2333.63,11354.49,71.93,642.0,12.815
2006-04-27,3.181,12470.0,86.63,5.073,2344.95,11382.51,70.97,636.3,12.59
2006-04-28,3.2205,9810.0,86.11,5.057,2322.57,11367.14,71.88,654.5,13.63
2006-05-01,3.3205,4970.0,85.97,5.143,2304.79,11343.29,73.7,660.2,13.965
2006-05-02,3.2765,8460.0,85.79,5.114,2309.84,11416.45,74.61,667.4,14.21
2006-05-03,3.305,6660.0,85.84,5.148,2303.97,11400.28,72.28,668.5,13.795
2006-05-04,3.4795,11140.0,85.84,5.161,2323.9,11438.86,69.94,676.5,13.825
2006-05-05,3.4935,7400.0,85.12,5.106,2342.57,11577.74,70.19,684.3,13.89
2006-05-08,3.5015,6820.0,85.23,5.119,2344.99,11584.54,69.77,679.9,13.77
2006-05-09,3.596,10810.0,84.83,5.13,2338.25,11639.77,70.69,701.5,14.465
2006-05-10,3.688,8119.999999999999,84.5,5.13,2320.74,11642.65,72.13,705.7,14.28
2006-05-11,3.923,11070.0,84.27,5.162,2272.7,11500.73,73.32,721.5,14.935
2006-05-12,3.864,9020.0,83.96,5.2,2243.78,11380.99,72.04,711.8,14.235
2006-05-15,3.7465,8910.0,84.54,5.161,2238.52,11428.77,69.41,685.0,13.335
2006-05-16,3.842,7270.0,84.17,5.103,2229.13,11419.89,69.53,692.9,13.54
2006-05-17,3.6715,10300.0,84.85,5.151,2195.8,11205.61,68.69,691.8,13.24
2006-05-18,3.711,5870.0,84.51,5.063,2180.32,11128.29,69.45,680.9,12.52
2006-05-19,3.469,9590.0,84.88,5.064,2193.88,11144.06,68.53,657.0,12.36
2006-05-22,3.4615,9870.0,84.35,5.044,2172.86,11125.33,69.23,657.7,12.43
2006-05-23,3.8855,10760.0,84.35,5.016,2158.76,11098.35,71.76,673.7,13.17
2006-05-24,3.639,10200.0,84.95,5.042,2169.17,11117.32,69.86,637.5,12.515
2006-05-25,3.7075,6420.0,84.65,5.076,2198.24,11211.05,71.32,648.5,12.6
2006-05-26,3.815,6060.0,85.26,5.056,2210.37,11278.61,71.37,651.0,12.73
2006-05-30,3.656,150.0,84.28,5.078,2164.74,11094.43,72.03,660.5,13.07
2006-05-31,3.6065,380.0,84.72,5.123,2178.88,11168.31,71.29,649.0,12.455
2006-06-01,3.454,370.0,84.79,5.104,2219.86,11260.28,70.34,633.5,11.905
2006-06-02,3.5695,60.0,84.05,4.994,2219.41,11247.87,72.33,641.0,12.085
2006-06-05,3.586,190.0,84.14,5.026,2169.62,11048.72,72.6,648.7,12.295
2006-06-06,3.4675,30.0,84.73,5.004,2162.78,11002.14,72.5,634.7,11.845
2006-06-07,3.567,150.0,84.99,5.024,2151.8,10930.9,70.82,632.6,11.89
2006-06-08,3.342,480.0,85.91,5.0,2145.32,10938.82,70.35,613.8,11.075
2006-06-09,3.2525,440.0,85.72,4.977,2135.06,10891.92,71.63,612.8,11.21
2006-06-12,3.2135,110.0,85.85,4.983,2091.32,10792.58,70.36,611.3,11.065
2006-06-13,2.9895,90.0,86.43,4.969,2072.47,10706.14,68.56,566.8,9.625
2006-06-14,3.021,1130.0,86.14,5.07,2086.0,10816.92,69.14,566.5,9.735
2006-06-15,3.175,220.0,86.02,5.1,2144.15,11015.19,69.5,570.3,9.97
2006-06-16,3.2615,530.0,85.92,5.135,2129.95,11014.55,69.88,581.7,10.13
2006-06-19,3.1265,130.0,86.31,5.139,2110.42,10942.11,68.98,572.4,9.97
2006-06-20,3.134,470.0,86.18,5.157,2107.06,10974.84,68.94,580.5,10.27
2006-06-21,3.155,80.0,85.78,5.159,2141.2,11079.46,70.33,591.0,10.42
2006-06-22,3.0965,300.0,86.39,5.214,2122.98,11019.11,70.84,585.4,10.21
2006-06-23,3.2035,190.0,86.82,5.228,2121.47,10989.09,70.87,588.0,10.285
2006-06-26,3.283,340.0,86.49,5.239,2133.67,11045.28,71.8,587.7,10.24
2006-06-27,3.133,1200.0,86.47,5.208,2100.25,10924.74,71.92,584.4,10.195
2006-06-28,3.242,70.0,86.63,5.253,2111.84,10973.56,72.19,581.0,10.155
2006-06-29,3.321,10010.0,85.87,5.2,2174.38,11190.8,73.52,588.9,10.42
2006-06-30,3.355,1140.0,85.22,5.145,2172.09,11150.22,73.93,616.0,11.0
2006-07-05,3.404,6180.0,85.6,5.227,2153.34,11151.82,75.19,629.7,11.415
2006-07-06,3.617,9540.0,85.35,5.183,2155.09,11225.3,75.14,636.3,11.585
2006-07-07,3.5475,4820.0,84.98,5.132,2130.06,11090.67,74.09,634.8,11.405
2006-07-10,3.5825,4670.0,85.5,5.13,2116.93,11103.55,73.61,626.1,11.11
2006-07-11,3.635,4930.0,85.36,5.108,2128.86,11134.77,74.16,642.9,11.55
2006-07-12,3.665,7900.0,85.91,5.106,2090.24,11013.18,74.95,651.2,11.555
2006-07-13,3.6765,5130.0,85.79,5.067,2054.11,10846.29,76.7,654.4,11.485
2006-07-14,3.7125,4290.0,86.09,5.067,2037.35,10739.35,77.03,668.0,11.53
2006-07-17,3.5995,5840.0,86.96,5.069,2037.72,10747.36,75.3,651.9,11.09
2006-07-18,3.5745,5560.0,87.01,5.136,2043.22,10799.23,73.54,629.5,10.525
2006-07-19,3.5935,6830.0,86.46,5.055,2080.71,11011.42,72.66,642.8,11.125
2006-07-20,3.4095,7460.0,86.22,5.03,2039.42,10928.1,73.08,632.5,11.065
2006-07-21,3.323,6930.0,85.93,5.049,2020.39,10868.38,74.43,620.2,10.845
2006-07-24,3.382,8570.0,86.34,5.049,2061.84,11051.05,75.05,613.2,10.92
2006-07-25,3.461,6000.0,86.64,5.069,2073.9,11103.71,73.75,618.0,10.945
2006-07-26,3.4495,5260.0,85.93,5.038,2070.46,11102.51,73.94,621.9,11.08
2006-07-27,3.4785,6090.0,85.87,5.04,2054.47,11100.43,74.54,632.5,11.39
2006-07-28,3.5275,130.0,85.44,4.994,2094.14,11219.7,73.24,647.8,11.365
2006-07-31,3.55,110.0,85.3,4.988,2091.47,11185.68,74.4,646.8,11.37
2006-08-01,3.573,160.0,85.05,4.981,2061.99,11125.73,74.91,658.8,11.74
2006-08-02,3.572,50.0,85.05,4.965,2078.81,11199.93,75.81,664.1,12.245
2006-08-03,3.4705,150.0,85.02,4.963,2092.34,11242.59,75.46,657.0,12.09
2006-08-04,3.6145,230.0,84.57,4.899,2085.05,11240.35,74.76,656.0,12.485
2006-08-07,3.5945,450.0,84.75,4.923,2072.5,11219.38,76.98,659.5,12.265
2006-08-08,3.5875,350.0,84.66,4.925,2060.85,11173.59,76.31,657.3,12.26
2006-08-09,3.692,120.0,84.71,4.941,2060.28,11076.18,76.35,662.0,12.57
2006-08-10,3.61,70.0,85.08,4.939,2071.74,11124.37,74.0,646.0,12.105
2006-08-11,3.4605,170.0,85.52,4.975,2057.71,11088.03,74.35,644.4,11.885
2006-08-14,3.527,670.0,85.64,4.999,2069.04,11097.87,73.53,639.3,12.16
2006-08-15,3.5165,400.0,85.22,4.935,2115.01,11230.26,73.05,632.9,12.085
2006-08-16,3.455,210.0,84.88,4.865,2149.54,11327.12,71.89,639.0,12.285
2006-08-17,3.3425,140.0,85.04,4.869,2157.61,11334.96,70.06,625.3,11.995
2006-08-18,3.4245,90.0,85.09,4.847,2163.95,11381.47,71.14,621.7,12.03
2006-08-21,3.5145,80.0,84.63,4.817,2147.75,11345.05,72.45,635.2,12.345
2006-08-22,3.493,280.0,85.18,4.811,2150.02,11339.84,72.63,634.0,12.265
2006-08-23,3.469,560.0,85.13,4.821,2134.66,11297.9,71.76,633.0,12.515
2006-08-24,3.4285,910.0,85.28,4.805,2137.11,11304.46,72.36,628.5,12.31
2006-08-25,3.4425,130.0,85.38,4.785,2140.29,11284.05,72.51,630.8,12.37
2006-08-28,3.457,60.0,85.23,4.793,2160.7,11352.01,70.61,623.9,12.025
2006-08-29,3.389,690.0,84.91,4.785,2172.3,11369.94,69.71,619.1,12.15
2006-08-30,3.3575,30.0,84.97,4.753,2185.73,11382.91,70.03,626.1,12.67
2006-08-31,3.461,30.0,85.05,4.732,2183.75,11381.15,70.26,634.2,13.03
2006-09-01,3.469,100.0,84.94,4.724,2193.16,11464.15,69.19,632.6,13.07
2006-09-05,3.6345,200.0,85.0,4.785,2205.7,11469.28,68.6,646.9,13.14
2006-09-06,3.6865,140.0,85.1,4.799,2167.84,11406.2,67.5,641.8,13.2
2006-09-07,3.656,10.0,85.53,4.793,2155.29,11331.44,67.32,624.9,12.695
2006-09-08,3.5735,50.0,85.95,4.777,2165.79,11392.11,66.25,617.3,12.295
2006-09-11,3.4275,150.0,85.92,4.805,2173.25,11396.84,65.61,597.3,11.24
2006-09-12,3.383,160.0,85.92,4.775,2215.82,11498.09,63.76,594.3,11.14
2006-09-13,3.39,200.0,85.87,4.765,2227.67,11543.32,63.97,596.3,11.2
2006-09-14,3.378,40.0,85.66,4.793,2228.73,11527.39,63.22,586.0,10.95
2006-09-15,3.3135,100.0,85.99,4.796,2235.59,11560.77,63.33,583.0,10.875
2006-09-18,3.416,40.0,85.81,4.81,2235.75,11555.0,63.8,592.8,11.29
2006-09-19,3.3765,80.0,85.94,4.739,2222.37,11540.91,61.66,583.2,10.945
2006-09-20,3.374,370.0,85.81,4.733,2252.89,11613.19,60.46,586.2,11.14
2006-09-21,3.4285,80.0,85.18,4.642,2237.75,11533.23,61.59,588.3,11.245
2006-09-22,3.4435,100.0,85.2,4.591,2218.93,11508.1,60.55,595.4,11.31
2006-09-25,3.45,240.0,85.29,4.544,2249.07,11575.81,61.45,595.9,11.325
2006-09-26,3.4685,230.0,85.63,4.587,2261.34,11669.39,61.01,597.1,11.495
2006-09-27,3.4855,140.0,85.66,4.604,2263.39,11689.24,62.96,603.3,11.7
2006-09-28,3.428,7110.0,85.72,4.618,2270.02,11718.45,62.76,610.9,11.735
2006-09-29,3.4605,8220.0,85.97,4.633,2258.43,11679.07,62.91,604.2,11.54
2006-10-02,3.4295,7230.0,85.59,4.612,2237.6,11670.35,61.03,603.3,11.64
2006-10-03,3.2825,13320.0,85.71,4.618,2243.65,11727.34,58.68,581.5,11.045
2006-10-04,3.2055,14620.0,85.84,4.563,2290.95,11850.61,59.41,566.7,10.795
2006-10-05,3.3,7160.0,85.92,4.61,2306.34,11866.69,60.03,575.5,11.07
2006-10-06,3.3885,9860.0,86.44,4.696,2299.99,11850.21,59.76,576.8,11.175
2006-10-09,3.413,5210.0,86.52,4.704,2311.77,11857.81,59.96,582.8,11.42
2006-10-10,3.378,5970.0,87.02,4.758,2315.43,11867.17,58.52,576.2,11.22
2006-10-11,3.41,5170.0,87.12,4.782,2308.27,11852.13,57.59,576.5,11.33
2006-10-12,3.3865,7520.0,86.92,4.776,2346.18,11947.7,57.86,580.3,11.38
2006-10-13,3.4135,5160.0,87.12,4.802,2357.29,11960.51,58.57,592.7,11.68
2006-10-16,3.581,11900.0,87.0,4.782,2363.84,11980.6,59.94,598.5,11.91
2006-10-17,3.496,9540.0,86.87,4.772,2344.95,11950.02,58.93,593.5,11.78
2006-10-18,3.496,4950.0,86.88,4.76,2337.15,11992.68,57.65,592.6,11.82
2006-10-19,3.5095,4780.0,86.24,4.79,2340.94,12011.73,58.5,602.5,12.16
2006-10-20,3.462,5540.0,86.27,4.792,2342.3,12002.37,56.82,596.4,11.965
2006-10-23,3.451,6540.0,86.71,4.834,2355.56,12116.91,58.81,582.9,11.67
2006-10-24,3.418,8600.0,86.63,4.826,2344.84,12127.88,59.35,587.6,11.85
2006-10-25,3.4045,7250.0,86.38,4.767,2356.59,12134.68,61.4,590.8,11.89
2006-10-26,3.4,5470.0,85.89,4.723,2379.1,12163.66,60.36,599.8,12.24
2006-10-27,3.405,6180.0,85.56,4.677,2350.62,12090.26,60.75,601.0,12.08
2006-10-30,3.3605,50.0,85.59,4.675,2363.77,12086.5,58.36,607.4,12.25
2006-10-31,3.349,10.0,85.32,4.604,2366.71,12080.73,58.73,606.8,12.27
2006-11-01,3.2435,180.0,85.32,4.57,2334.35,12031.02,58.71,619.3,12.475
2006-11-02,3.2985,30.0,85.34,4.6,2334.02,12018.54,57.88,627.8,12.65
2006-11-03,3.3275,10.0,85.71,4.723,2330.79,11986.04,59.14,629.2,12.635
2006-11-06,3.342,40.0,85.75,4.697,2365.95,12105.55,60.02,627.9,12.76
2006-11-07,3.3725,190.0,85.43,4.667,2375.88,12156.77,58.93,627.9,12.675
2006-11-08,3.254,70.0,85.41,4.641,2384.94,12176.54,59.83,618.3,12.55
2006-11-09,3.319,140.0,85.18,4.623,2376.01,12103.3,61.16,636.8,13.05
2006-11-10,3.1,180.0,85.05,4.593,2389.72,12108.43,59.59,630.1,13.115
2006-11-13,3.0885,270.0,85.36,4.613,2406.38,12131.88,58.58,625.8,12.885
2006-11-14,3.1,400.0,85.24,4.568,2430.66,12218.01,58.28,625.3,12.89
2006-11-15,3.105,90.0,85.34,4.625,2442.75,12251.71,58.76,623.8,12.945
2006-11-16,3.054,50.0,85.5,4.672,2449.06,12305.82,56.26,621.7,12.945
2006-11-17,3.071,290.0,85.37,4.605,2445.86,12342.56,55.81,622.5,12.8
2006-11-20,3.0565,50.0,85.42,4.601,2452.72,12316.54,58.8,622.1,12.74
2006-11-21,3.1295,390.0,85.24,4.578,2454.84,12321.59,60.17,628.7,13.085
2006-11-22,3.122,20.0,84.65,4.562,2465.98,12326.95,59.24,629.0,13.04
2006-11-24,3.122,30.0,83.71,4.56,2460.26,12280.17,59.24,629.0,13.1
2006-11-27,3.1995,700.0,83.51,4.534,2405.92,12121.71,60.32,640.6,13.49
2006-11-28,3.1505,100.0,83.21,4.505,2412.61,12136.45,60.99,637.3,13.62
2006-11-29,3.1485,170.0,83.44,4.524,2432.23,12226.73,62.46,641.8,13.76
2006-11-30,3.189,100.0,82.92,4.462,2431.77,12221.93,63.13,652.9,14.115
2006-12-01,3.1655,40.0,82.48,4.439,2413.21,12194.13,63.43,650.6,14.19
2006-12-04,3.1695,20.0,82.49,4.429,2448.39,12283.85,62.44,650.9,14.245
2006-12-05,3.2425,80.0,82.45,4.446,2452.38,12331.6,62.43,647.9,14.025
2006-12-06,3.1565,40.0,82.77,4.489,2445.86,12309.25,62.19,635.9,13.795
2006-12-07,3.107,40.0,82.8,4.487,2427.69,12278.41,62.49,637.0,14.035
2006-12-08,3.117,40.0,83.33,4.55,2437.36,12307.49,62.03,631.0,13.895
2006-12-11,3.131,10.0,83.12,4.522,2442.86,12328.48,61.22,634.8,14.025
2006-12-12,3.0945,20.0,82.97,4.493,2431.6,12315.58,61.02,631.7,13.98
2006-12-13,3.033,220.0,82.97,4.587,2432.41,12317.5,61.37,632.4,13.915
2006-12-14,3.0575,60.0,83.65,4.601,2453.85,12416.76,62.51,630.9,13.95
2006-12-15,3.0165,200.0,84.06,4.599,2457.2,12445.52,63.43,619.1,12.98
2006-12-18,3.0295,70.0,83.98,4.585,2435.57,12441.27,62.21,617.9,12.525
2006-12-19,3.0175,130.0,83.46,4.593,2429.55,12471.32,63.15,625.4,12.71
2006-12-20,2.9575,230.0,83.52,4.599,2427.61,12463.87,63.72,624.3,12.645
2006-12-21,2.8805,150.0,83.57,4.549,2415.85,12421.25,62.66,621.6,12.49
2006-12-22,2.854,140.0,83.94,4.628,2401.18,12343.22,62.41,622.3,12.635
2006-12-26,2.873,30.0,84.07,4.604,2413.51,12407.63,61.1,626.9,12.725
2006-12-27,2.9045,100.0,83.94,4.654,2431.22,12510.57,60.34,630.3,12.925
2006-12-28,2.895,2700.0,83.82,4.686,2425.57,12501.52,60.53,636.9,12.94
2006-12-29,2.871,2420.0,83.72,4.7,2415.29,12463.15,61.05,638.0,12.935
2007-01-03,2.649,16750.0,83.92,4.664,2423.16,12474.52,58.32,629.8,12.67
2007-01-04,2.602,11450.0,84.32,4.608,2453.43,12480.69,55.59,626.2,12.835
2007-01-05,2.535,11010.0,84.63,4.648,2434.25,12398.01,56.31,606.9,12.23
2007-01-08,2.528,10190.0,84.6,4.658,2438.2,12423.49,56.09,609.4,12.36
2007-01-09,2.556,8360.0,84.74,4.662,2443.83,12416.6,55.64,615.0,12.595
2007-01-10,2.664,14120.0,85.08,4.69,2459.33,12442.16,54.02,613.4,12.445
2007-01-11,2.659,7960.0,85.31,4.739,2484.85,12514.98,51.88,613.9,12.46
2007-01-12,2.603,6900.0,85.03,4.783,2502.82,12556.08,52.99,626.9,12.88
2007-01-16,2.5775,9990.0,85.05,4.753,2497.78,12582.59,51.21,625.9,12.625
2007-01-17,2.5695,8990.0,84.98,4.785,2479.42,12577.15,52.24,633.3,12.89
2007-01-18,2.492,11520.0,84.91,4.749,2443.21,12567.93,50.48,628.1,12.685
2007-01-19,2.517,7190.0,84.86,4.783,2451.31,12565.53,51.99,636.4,12.92
2007-01-22,2.5295,5890.0,85.02,4.761,2431.07,12477.17,51.13,634.1,13.0
2007-01-23,2.5795,9380.0,84.67,4.81,2431.41,12533.8,55.04,645.9,13.26
2007-01-24,2.6015,8540.0,84.94,4.814,2466.28,12621.77,55.37,648.2,13.273
2007-01-25,2.6545,8870.0,85.11,4.879,2434.24,12502.56,54.23,648.1,13.49
2007-01-26,2.637,6500.0,85.28,4.877,2435.49,12487.02,55.42,644.7,13.375
2007-01-29,2.542,11720.0,85.1,4.894,2441.09,12490.78,54.01,643.2,13.25
2007-01-30,2.5705,70.0,85.03,4.875,2448.64,12523.31,56.97,650.2,13.375
2007-01-31,2.6015,120.0,84.61,4.814,2463.93,12621.69,58.14,657.9,13.57
2007-02-01,2.5395,40.0,84.63,4.843,2468.38,12673.68,57.3,663.0,13.725
2007-02-02,2.432,220.0,84.96,4.827,2475.88,12653.49,59.02,651.5,13.375
2007-02-05,2.4235,20.0,85.08,4.81,2470.6,12661.74,58.74,656.1,13.56
2007-02-06,2.502,40.0,84.78,4.769,2471.49,12666.31,58.88,658.7,13.675
2007-02-07,2.462,40.0,84.75,4.749,2490.5,12666.87,57.71,657.3,13.71
2007-02-08,2.459,60.0,84.7,4.74,2488.67,12637.63,59.71,662.8,13.77
2007-02-09,2.5275,40.0,84.87,4.786,2459.82,12580.83,59.89,672.3,13.915
2007-02-12,2.489,70.0,85.15,4.81,2450.38,12552.55,57.81,667.3,13.715
2007-02-13,2.595,30.0,84.73,4.816,2459.88,12654.85,59.06,668.5,13.915
2007-02-14,2.587,30.0,84.2,4.742,2488.38,12741.86,58.0,672.0,13.965
2007-02-15,2.6745,80.0,84.01,4.71,2497.1,12765.01,57.99,671.4,13.962
2007-02-16,2.6545,70.0,84.09,4.696,2496.31,12767.57,59.39,672.8,13.99
2007-02-20,2.5955,170.0,84.19,4.68,2513.04,12786.64,58.07,661.0,13.83
2007-02-21,2.6625,130.0,84.21,4.694,2518.42,12738.41,60.07,684.0,14.273
2007-02-22,2.774,220.0,84.32,4.734,2524.94,12686.02,60.95,683.0,14.25
2007-02-23,2.849,130.0,84.07,4.672,2515.1,12647.48,61.14,686.7,14.595
2007-02-26,2.8665,280.0,83.93,4.631,2504.52,12632.26,61.39,689.8,14.69
2007-02-27,2.825,12410.0,83.48,4.513,2407.86,12216.24,61.46,687.2,14.69
2007-02-28,2.752,11150.0,83.57,4.577,2416.15,12268.63,61.79,672.5,14.235
2007-03-01,2.7545,9840.0,83.68,4.554,2404.21,12234.34,62.0,665.1,13.65
2007-03-02,2.707,8220.0,83.74,4.503,2368.0,12114.1,61.64,644.1,12.96
2007-03-05,2.6705,9410.0,84.15,4.495,2340.68,12050.41,60.07,639.2,12.75
2007-03-06,2.7135,5820.0,84.07,4.534,2385.14,12207.59,60.69,646.2,12.985
2007-03-07,2.782,8700.0,83.78,4.493,2374.64,12192.45,61.82,652.9,13.105
2007-03-08,2.8335,10880.0,84.1,4.518,2387.73,12260.7,61.64,655.5,13.12
2007-03-09,2.784,6330.0,84.24,4.591,2387.55,12276.32,60.05,652.0,12.97
2007-03-12,2.849,5660.0,83.86,4.559,2402.29,12318.62,58.91,650.3,13.085
2007-03-13,2.8245,8140.000000000001,83.73,4.491,2350.57,12075.96,57.93,649.4,12.96
2007-03-14,2.826,9920.0,83.61,4.54,2371.74,12133.4,58.16,642.5,12.83
2007-03-15,2.988,16340.0,83.68,4.544,2378.7,12159.68,57.55,647.1,13.075
2007-03-16,3.011,11100.0,83.23,4.549,2372.66,12110.41,57.11,653.9,13.215
2007-03-19,3.0215,7950.0,83.39,4.569,2394.41,12226.17,56.59,654.3,13.233
2007-03-20,3.034,9060.0,83.11,4.555,2408.21,12288.1,56.73,659.0,13.37
2007-03-21,3.019,10480.0,82.77,4.54,2455.92,12447.52,59.61,660.0,13.32
2007-03-22,3.073,10750.0,83.09,4.589,2451.74,12461.14,61.69,664.2,13.48
2007-03-23,3.069,9040.0,83.28,4.617,2448.93,12481.01,62.28,657.3,13.227
2007-03-26,3.1385,8150.0,83.08,4.607,2455.63,12469.07,62.91,663.9,13.41
2007-03-27,3.0575,10440.0,83.01,4.605,2437.43,12397.29,62.93,662.5,13.28
2007-03-28,3.0625,8480.0,83.03,4.624,2417.1,12300.36,64.08,666.8,13.455
2007-03-29,3.086,170.0,83.09,4.642,2417.88,12348.75,66.03,667.6,13.34
2007-03-30,3.144,90.0,82.93,4.648,2421.64,12354.35,65.87,669.0,13.45
2007-04-02,3.1765,150.0,82.87,4.646,2422.26,12382.3,65.94,671.5,13.35
2007-04-03,3.3095,340.0,83.15,4.67,2450.33,12510.3,64.64,669.7,13.43
2007-04-04,3.3835,250.0,82.96,4.654,2458.69,12530.05,64.38,677.4,13.62
2007-04-05,3.375,80.0,82.68,4.684,2471.34,12560.2,64.28,679.4,13.74
2007-04-09,3.5075,130.0,83.1,4.751,2469.18,12569.14,61.51,676.9,13.81
2007-04-10,3.528,310.0,82.7,4.726,2477.61,12573.85,61.89,681.5,13.93
2007-04-11,3.586,160.0,82.67,4.737,2459.31,12484.62,62.01,681.7,13.89
2007-04-12,3.503,160.0,82.37,4.74,2480.32,12552.96,63.85,679.7,13.855
2007-04-13,3.535,190.0,82.13,4.765,2491.94,12612.13,63.63,689.9,14.09
2007-04-16,3.5415,240.0,82.07,4.737,2518.33,12720.46,63.61,694.5,14.08
2007-04-17,3.6785,170.0,81.83,4.684,2516.95,12773.04,63.1,692.5,14.02
2007-04-18,3.6215,90.0,81.74,4.656,2510.5,12803.84,63.13,693.3,13.975
2007-04-19,3.5915,230.0,81.64,4.67,2505.35,12808.63,61.83,688.3,13.735
2007-04-20,3.617,220.0,81.64,4.674,2526.39,12961.98,63.38,695.8,13.955
2007-04-23,3.6415,360.0,81.74,4.646,2523.67,12919.4,65.89,694.2,14.05
2007-04-24,3.5605,180.0,81.55,4.624,2524.54,12953.94,64.58,687.7,13.782
2007-04-25,3.6005,250.0,81.43,4.658,2547.89,13089.89,65.84,687.4,13.765
2007-04-26,3.5005,480.0,81.75,4.7,2554.46,13105.5,65.06,678.0,13.325
2007-04-27,3.5325,10790.0,81.53,4.699,2557.21,13120.94,66.46,681.8,13.575
2007-04-30,3.5565,9240.0,81.45,4.628,2525.09,13062.91,65.71,683.5,13.575
2007-05-01,3.6345,10610.0,81.59,4.642,2531.53,13136.14,64.4,677.3,13.37
2007-05-02,3.6445,7830.0,81.74,4.65,2557.84,13211.88,63.68,675.1,13.335
2007-05-03,3.7265,8850.0,81.95,4.682,2565.46,13241.38,63.19,684.4,13.51
2007-05-04,3.7585,10100.0,81.74,4.644,2572.15,13264.62,61.93,689.7,13.53
2007-05-07,3.7155,5720.0,81.68,4.632,2570.95,13312.97,61.47,690.4,13.64
2007-05-08,3.7225,9140.0,81.94,4.638,2571.75,13309.07,62.26,687.4,13.6
2007-05-09,3.679,13040.0,82.02,4.672,2576.34,13362.87,61.55,682.5,13.47
2007-05-10,3.5665,11300.0,82.29,4.642,2533.74,13215.13,61.81,667.0,13.14
2007-05-11,3.604,8600.0,82.12,4.676,2562.22,13326.22,62.37,672.3,13.305
2007-05-14,3.497,10820.0,82.07,4.7,2546.44,13346.78,62.46,670.1,13.235
2007-05-15,3.5375,9550.0,81.75,4.708,2525.29,13383.84,63.17,674.5,13.315
2007-05-16,3.4225,12050.0,82.16,4.716,2547.42,13487.53,62.55,661.5,12.93
2007-05-17,3.3065,15960.0,82.32,4.76,2539.38,13476.73,64.86,657.2,12.883
2007-05-18,3.3235,11690.0,82.2,4.806,2558.45,13556.53,64.94,662.0,13.003
2007-05-21,3.4005,9230.0,82.36,4.788,2578.79,13542.88,66.27,663.8,13.13
2007-05-22,3.3025,12140.0,82.39,4.832,2588.02,13539.95,64.97,659.9,12.99
2007-05-23,3.3005,11400.0,82.31,4.849,2577.05,13525.65,65.77,662.6,13.105
2007-05-24,3.1805,13220.0,82.41,4.845,2537.92,13441.13,64.18,653.3,12.92
2007-05-25,3.3205,10140.0,82.33,4.865,2557.19,13507.28,65.2,655.3,13.0
2007-05-29,3.32,11320.0,82.31,4.888,2572.06,13521.34,63.15,657.2,13.223
2007-05-30,3.3,110.0,82.43,4.87,2592.59,13633.08,63.49,659.3,13.22
2007-05-31,3.3915,150.0,82.3,4.892,2604.52,13627.64,64.01,666.7,13.47
2007-06-01,3.401,40.0,82.32,4.956,2613.92,13668.11,65.08,676.9,13.74
2007-06-04,3.465,360.0,82.06,4.929,2618.29,13676.32,66.21,676.3,13.745
2007-06-05,3.44,30.0,81.89,4.997,2611.23,13595.46,65.61,675.1,13.812
2007-06-06,3.404,20.0,81.9,4.968,2587.18,13465.67,65.96,674.6,13.717
2007-06-07,3.3785,90.0,82.29,5.141,2541.38,13266.73,66.93,665.2,13.48
2007-06-08,3.2575,130.0,82.69,5.107,2573.54,13424.39,64.76,650.3,13.04
2007-06-11,3.3555,40.0,82.71,5.168,2572.15,13424.96,65.97,659.0,13.275
2007-06-12,3.287,140.0,82.89,5.289,2549.77,13295.01,65.35,653.1,13.09
2007-06-13,3.317,610.0,83.03,5.202,2582.31,13482.35,66.26,652.7,13.06
2007-06-14,3.392,370.0,83.13,5.225,2599.41,13553.72,67.65,655.9,13.165
2007-06-15,3.425,140.0,82.85,5.169,2626.71,13639.48,68.0,658.7,13.26
2007-06-18,3.4215,190.0,82.72,5.14,2626.6,13612.98,69.09,659.9,13.235
2007-06-19,3.3995,200.0,82.54,5.088,2626.76,13635.42,69.1,664.7,13.325
2007-06-20,3.444,390.0,82.52,5.136,2599.96,13489.42,68.19,660.0,13.25
2007-06-21,3.4045,170.0,82.73,5.186,2616.96,13545.84,68.65,654.2,13.09
2007-06-22,3.3865,110.0,82.34,5.136,2588.96,13360.26,69.14,657.0,13.02
2007-06-25,3.401,40.0,82.33,5.086,2577.08,13352.05,69.18,654.7,12.877
2007-06-26,3.3185,240.0,82.3,5.084,2574.16,13337.66,67.77,645.3,12.28
2007-06-27,3.3595,270.0,82.32,5.087,2605.35,13427.73,68.97,644.8,12.21
2007-06-28,3.4275,11390.0,82.33,5.11,2608.37,13422.28,69.57,650.4,12.505
2007-06-29,3.4505,8630.0,81.92,5.027,2603.23,13408.62,70.68,650.9,12.473
2007-07-02,3.527,10110.0,81.39,4.989,2632.3,13535.43,71.09,659.2,12.74
2007-07-03,3.545,8240.0,81.44,5.045,2644.95,13577.3,71.41,655.4,12.685
2007-07-05,3.5935,11700.0,81.54,5.144,2656.65,13565.84,71.81,650.6,12.58
2007-07-06,3.5945,8480.0,81.47,5.187,2666.51,13611.68,72.81,654.8,12.757
2007-07-09,3.6295,10260.0,81.43,5.134,2670.02,13649.97,72.19,662.5,12.82
2007-07-10,3.61,8460.0,80.86,5.029,2639.16,13501.7,72.81,664.4,12.975
2007-07-11,3.6215,8080.0,80.73,5.09,2651.79,13577.87,72.56,662.1,12.975
2007-07-12,3.581,9390.0,80.64,5.13,2701.73,13861.73,72.5,668.3,13.18
2007-07-13,3.593,9160.0,80.58,5.097,2707.0,13907.25,73.93,667.3,13.11
2007-07-16,3.562,5660.0,80.52,5.043,2697.33,13950.98,74.15,666.3,13.065
2007-07-17,3.5525,8310.0,80.54,5.055,2712.29,13971.55,74.02,665.9,13.018
2007-07-18,3.563,10.0,80.42,5.035,2699.49,13918.22,75.05,673.7,13.29
2007-07-19,3.662,12380.0,80.42,5.02,2720.04,14000.41,75.92,678.1,13.375
2007-07-20,3.7055,10350.0,80.29,4.952,2687.6,13851.08,75.57,684.7,13.403
2007-07-23,3.6565,10120.0,80.35,4.954,2690.58,13943.42,74.89,681.5,13.33
2007-07-24,3.6195,13730.0,80.08,4.909,2639.86,13716.95,73.56,684.8,13.443
2007-07-25,3.5555,14860.0,80.65,4.902,2648.17,13785.07,75.88,673.8,13.15
2007-07-26,3.5225,12930.0,80.45,4.806,2599.34,13473.57,74.95,662.8,12.95
2007-07-27,3.547,9740.0,80.95,4.763,2561.56,13265.47,77.02,660.1,12.715
2007-07-30,3.5845,60.0,80.85,4.808,2582.57,13358.31,76.83,676.6,12.903
2007-07-31,3.642,50.0,80.77,4.733,2545.57,13211.99,78.21,679.3,13.017
2007-08-01,3.5805,70.0,80.87,4.794,2553.16,13362.37,76.53,675.9,12.955
2007-08-02,3.57,50.0,80.71,4.771,2575.98,13463.33,76.86,676.6,12.995
2007-08-03,3.48,170.0,80.18,4.678,2511.25,13181.91,75.48,684.4,13.158
2007-08-06,3.4735,150.0,80.25,4.739,2547.33,13468.78,72.06,683.3,13.033
2007-08-07,3.5075,160.0,80.48,4.782,2561.6,13504.3,72.42,682.3,13.095
2007-08-08,3.439,220.0,80.34,4.883,2612.98,13657.86,72.15,686.3,13.17
2007-08-09,3.3595,130.0,80.74,4.78,2556.49,13270.68,71.59,672.8,12.705
2007-08-10,3.3555,120.0,80.68,4.812,2544.89,13239.54,71.47,681.6,12.87
2007-08-13,3.4365,90.0,81.05,4.766,2542.24,13236.53,71.62,680.9,12.855
2007-08-14,3.364,60.0,81.49,4.724,2499.12,13028.92,72.38,679.7,12.748
2007-08-15,3.326,120.0,81.82,4.728,2458.83,12861.47,73.33,679.7,12.555
2007-08-16,3.0925,610.0,81.73,4.702,2451.07,12845.78,71.0,658.0,11.495
2007-08-17,3.1495,190.0,81.43,4.689,2505.03,13079.08,71.98,666.8,11.8
2007-08-20,3.1655,90.0,81.4,4.63,2508.59,13121.35,71.12,666.5,11.735
2007-08-21,3.1585,260.0,81.49,4.596,2521.3,13090.86,69.47,666.2,11.51
2007-08-22,3.22,450.0,81.25,4.649,2552.8,13236.13,69.26,668.7,11.565
2007-08-23,3.2755,600.0,81.14,4.651,2541.7,13235.88,69.83,668.4,11.64
2007-08-24,3.3495,130.0,80.67,4.614,2576.69,13378.87,71.09,677.5,11.94
2007-08-27,3.361,180.0,80.74,4.571,2561.25,13322.13,71.97,676.2,11.765
2007-08-28,3.3165,270.0,80.76,4.506,2500.64,13041.85,71.73,673.5,11.765
2007-08-29,3.351,540.0,80.7,4.565,2563.16,13289.29,73.51,675.4,11.845
2007-08-30,3.352,30.0,80.79,4.512,2565.3,13238.73,73.36,673.9,11.96
2007-08-31,3.403,40.0,80.79,4.527,2596.36,13357.74,74.04,681.9,12.23
2007-09-04,3.3135,60.0,80.88,4.553,2630.24,13448.86,75.08,691.5,12.448
2007-09-05,3.2695,80.0,80.62,4.465,2605.95,13305.47,75.73,690.7,12.355
2007-09-06,3.3065,30.0,80.47,4.519,2614.32,13363.35,76.3,704.6,12.533
2007-09-07,3.2515,90.0,79.96,4.385,2565.7,13113.38,76.7,709.7,12.76
2007-09-10,3.256,20.0,79.82,4.322,2559.11,13127.85,77.49,712.2,12.7
2007-09-11,3.3875,120.0,79.7,4.374,2597.47,13308.39,78.23,721.1,12.835
2007-09-12,3.36,140.0,79.36,4.416,2592.07,13291.65,79.91,720.7,12.793
2007-09-13,3.3965,30.0,79.51,4.466,2601.06,13424.88,80.09,717.9,12.68
2007-09-14,3.3905,80.0,79.62,4.456,2602.18,13442.52,79.1,717.8,12.705
2007-09-17,3.4195,40.0,79.72,4.466,2581.66,13403.42,80.57,723.8,12.9
2007-09-18,3.4475,40.0,79.21,4.47,2651.66,13739.39,81.51,723.7,12.925
2007-09-19,3.5755,40.0,79.3,4.544,2666.48,13815.56,81.93,729.5,13.105
2007-09-20,3.591,250.0,78.58,4.7,2654.29,13766.7,83.32,739.9,13.47
2007-09-21,3.586,70.0,78.6,4.628,2671.22,13820.19,81.62,738.9,13.62
2007-09-24,3.64,30.0,78.53,4.638,2667.95,13759.06,80.95,739.3,13.64
2007-09-25,3.624,30.0,78.31,4.63,2683.45,13778.65,79.53,738.8,13.62
2007-09-26,3.612,60.0,78.49,4.626,2699.03,13878.15,80.3,735.5,13.545
2007-09-27,3.648,8320.0,78.34,4.569,2709.59,13912.94,82.88,739.9,13.645
2007-09-28,3.64,7740.0,77.72,4.594,2701.5,13895.63,81.66,750.0,13.92
2007-10-01,3.6915,8350.0,77.9,4.549,2740.99,14087.55,80.24,754.1,13.855
2007-10-02,3.711,14470.0,78.3,4.527,2747.11,14047.31,80.05,736.3,13.45
2007-10-03,3.7635,11950.0,78.57,4.561,2729.43,13968.05,79.94,735.7,13.47
2007-10-04,3.738,9930.0,78.48,4.516,2733.57,13974.31,81.44,743.8,13.5
2007-10-05,3.7255,7460.0,78.31,4.642,2780.32,14066.01,81.22,747.2,13.49
2007-10-08,3.613,12050.0,78.67,4.652,2787.37,14043.73,79.02,738.7,13.36
2007-10-09,3.6175,9060.0,78.53,4.654,2803.91,14164.53,80.26,743.1,13.583
2007-10-10,3.694,10820.0,78.38,4.655,2811.61,14078.69,81.3,746.0,13.668
2007-10-11,3.669,12400.0,78.08,4.644,2772.2,14015.12,83.08,756.7,13.985
2007-10-12,3.6525,8100.0,78.22,4.687,2805.68,14093.08,83.69,753.8,13.903
2007-10-15,3.686,10450.0,78.09,4.681,2780.05,13984.8,86.13,762.2,13.855
2007-10-16,3.641,11390.0,78.25,4.657,2763.91,13912.94,87.61,762.0,13.658
2007-10-17,3.596,10890.0,78.12,4.554,2792.67,13892.54,87.4,762.3,13.75
2007-10-18,3.5415,10940.0,77.59,4.499,2799.31,13888.96,89.47,768.7,13.803
2007-10-19,3.5515,6770.0,77.41,4.397,2725.16,13522.02,88.6,768.4,13.635
2007-10-22,3.4865,12940.0,78.06,4.413,2753.93,13566.97,87.56,760.0,13.555
2007-10-23,3.5135,7650.0,77.59,4.413,2799.26,13676.23,85.27,763.1,13.65
2007-10-24,3.4525,10400.0,77.55,4.347,2774.76,13675.25,87.1,765.6,13.59
2007-10-25,3.486,5580.0,77.28,4.385,2750.86,13671.92,90.46,771.0,13.905
2007-10-26,3.5375,6420.0,77.03,4.403,2804.19,13806.7,91.86,787.5,14.28
2007-10-29,3.521,6200.0,76.84,4.385,2817.44,13870.26,93.53,792.6,14.43
2007-10-30,3.4885,70.0,76.77,4.387,2816.71,13792.47,90.38,787.8,14.328
2007-10-31,3.4795,30.0,76.48,4.473,2859.12,13930.01,94.53,795.3,14.438
2007-11-01,3.37,50.0,76.59,4.348,2794.83,13567.87,93.49,793.7,14.325
2007-11-02,3.3325,150.0,76.34,4.318,2810.38,13595.1,95.93,808.5,14.599
2007-11-05,3.3115,180.0,76.42,4.338,2795.18,13543.4,93.98,810.8,14.785
2007-11-06,3.3505,30.0,76.04,4.38,2825.18,13660.94,96.7,823.4,15.38
2007-11-07,3.2695,270.0,75.41,4.301,2748.76,13300.02,96.37,833.5,15.325
2007-11-08,3.2155,210.0,75.46,4.289,2696.0,13266.29,95.46,837.5,15.515
2007-11-09,3.1585,100.0,75.4,4.21,2627.94,13042.74,96.32,834.7,15.545
2007-11-12,3.123,190.0,75.9,4.213,2584.13,12987.55,94.62,807.7,14.762
2007-11-13,3.123,360.0,75.88,4.269,2673.65,13307.09,91.17,799.0,14.61
2007-11-14,3.311,210.0,75.81,4.254,2644.32,13231.01,94.09,814.7,15.065
2007-11-15,3.0955,250.0,76.07,4.14,2618.51,13110.05,93.43,787.3,14.482
2007-11-16,3.1755,80.0,75.83,4.175,2637.24,13176.79,95.1,787.0,14.51
2007-11-19,2.9995,260.0,75.78,4.077,2593.38,12958.44,94.64,778.0,14.16
2007-11-20,3.0435,200.0,75.2,4.094,2596.81,13010.14,98.03,791.4,14.5
2007-11-21,2.907,530.0,75.07,4.016,2562.15,12799.04,97.29,798.6,14.42
2007-11-23,3.0095,100.0,75.05,4.006,2596.6,12980.88,98.18,824.7,14.735
2007-11-26,3.0365,430.0,74.86,3.845,2540.99,12743.44,97.7,826.5,14.83
2007-11-27,2.9775,180.0,75.1,3.951,2580.8,12958.44,94.42,814.0,14.485
2007-11-28,3.017,210.0,75.08,4.046,2662.91,13289.45,90.62,800.3,14.335
2007-11-29,3.088,70.0,75.59,3.929,2668.13,13311.73,91.01,802.3,14.445
2007-11-30,3.1785,150.0,76.15,3.949,2660.96,13371.72,88.71,789.1,14.165
2007-12-03,3.0745,50.0,75.94,3.852,2637.13,13314.57,89.31,794.7,14.21
2007-12-04,3.02,100.0,75.69,3.902,2619.83,13248.73,88.32,807.6,14.465
2007-12-05,3.037,60.0,76.41,3.955,2666.36,13444.96,87.49,803.7,14.46
2007-12-06,3.0415,120.0,76.38,4.017,2709.03,13619.89,90.23,807.1,14.625
2007-12-07,3.1175,190.0,76.29,4.109,2706.16,13625.58,88.28,800.2,14.505
2007-12-10,3.086,210.0,76.06,4.162,2718.95,13727.03,87.86,813.5,14.85
2007-12-11,3.083,720.0,76.22,3.973,2652.35,13432.77,90.02,817.1,14.865
2007-12-12,3.0335,90.0,76.14,4.091,2671.14,13473.9,94.39,818.8,14.825
2007-12-13,2.9595,170.0,76.56,4.213,2668.49,13517.96,92.25,804.0,14.237
2007-12-14,2.9565,90.0,77.44,4.242,2635.74,13339.85,91.27,798.0,13.983
2007-12-17,2.888,180.0,77.4,4.151,2574.46,13167.2,90.63,799.3,13.98
2007-12-18,2.8825,110.0,77.41,4.122,2596.03,13232.47,90.49,807.4,14.165
2007-12-19,2.9555,140.0,77.59,4.034,2601.01,13207.27,91.24,805.4,14.222
2007-12-20,2.9645,260.0,77.79,4.054,2640.86,13245.64,91.06,803.2,14.34
2007-12-21,3.096,150.0,77.72,4.172,2691.99,13450.65,93.31,815.4,14.488
2007-12-24,3.151,90.0,77.57,4.214,2713.5,13549.33,94.13,816.5,14.66
2007-12-26,3.165,20.0,77.15,4.285,2724.41,13551.69,95.97,829.5,14.835
2007-12-27,3.12,70.0,76.61,4.203,2676.79,13359.61,96.62,831.8,14.818
2007-12-28,3.072,5980.0,76.22,4.077,2674.46,13365.87,96.0,842.7,14.895
2007-12-31,3.041,5610.0,76.69,4.035,2652.28,13264.82,95.98,838.0,14.92
2008-01-02,3.064,8860.0,75.97,3.905,2609.63,13043.96,99.62,860.0,15.29
2008-01-03,3.188,12610.0,75.89,3.894,2602.68,13056.72,99.18,869.1,15.5
2008-01-04,3.1575,16170.000000000002,75.79,3.875,2504.65,12800.18,97.91,865.7,15.462
2008-01-07,3.141,8780.0,76.17,3.837,2499.46,12827.49,95.09,862.0,15.29
2008-01-08,3.2985,19910.0,76.11,3.78,2440.51,12589.07,96.33,880.3,15.815
2008-01-09,3.2835,12510.0,76.42,3.825,2474.55,12735.31,95.67,881.7,15.84
2008-01-10,3.2815,12890.0,75.93,3.889,2488.52,12853.09,93.71,893.6,16.275
2008-01-11,3.304,9700.0,75.98,3.791,2439.94,12606.3,92.69,897.7,16.37
2008-01-14,3.339,12060.0,75.61,3.772,2478.3,12778.15,94.2,903.4,16.425
2008-01-15,3.2415,14450.0,75.57,3.681,2417.59,12501.11,91.9,902.6,16.3
2008-01-16,3.1725,11950.0,76.26,3.74,2394.59,12466.16,90.84,882.0,15.895
2008-01-17,3.182,12210.0,76.17,3.63,2346.9,12159.21,90.13,880.5,16.01
2008-01-18,3.2345,10100.0,76.38,3.637,2340.02,12099.3,90.57,881.7,16.215
2008-01-22,3.1965,26280.0,76.35,3.415,2292.27,11971.19,89.85,890.3,16.105
2008-01-23,3.072,16850.0,76.4,3.605,2316.41,12270.17,86.99,883.1,15.97
2008-01-24,3.1715,11060.0,75.69,3.704,2360.92,12378.61,89.41,905.8,16.333
2008-01-25,3.184,9340.0,75.97,3.557,2326.2,12207.17,90.71,910.7,16.49
2008-01-28,3.1895,9640.0,75.58,3.583,2349.91,12383.89,90.99,927.1,16.75
2008-01-29,3.299,15690.0,75.55,3.679,2358.06,12480.3,91.64,925.1,16.8
2008-01-30,3.236,20.0,75.03,3.647,2349.0,12442.83,92.33,926.3,16.76
2008-01-31,3.307,110.0,75.18,3.597,2389.86,12650.36,91.75,928.0,16.995
2008-02-01,3.2835,70.0,75.44,3.596,2413.36,12743.19,88.96,913.5,16.87
2008-02-04,3.31,110.0,75.37,3.644,2382.85,12635.16,90.02,909.4,16.78
2008-02-05,3.2235,60.0,76.12,3.568,2309.57,12265.13,88.41,890.3,16.345
2008-02-06,3.319,60.0,76.14,3.598,2278.75,12200.1,87.14,905.0,16.55
2008-02-07,3.4615,150.0,76.94,3.772,2293.03,12247.0,88.11,910.0,16.775
2008-02-08,3.5345,330.0,76.67,3.65,2304.85,12182.13,91.77,922.3,17.11
2008-02-11,3.562,110.0,76.58,3.618,2320.06,12240.01,93.59,926.7,17.47
2008-02-12,3.5655,50.0,76.31,3.662,2320.04,12373.41,92.78,911.1,17.25
2008-02-13,3.537,30.0,76.4,3.736,2373.93,12552.24,93.27,910.2,17.353
2008-02-14,3.4945,50.0,76.16,3.822,2332.54,12376.98,95.46,910.8,17.255
2008-02-15,3.531,150.0,76.1,3.765,2321.8,12348.21,95.5,906.1,17.118
2008-02-19,3.7265,300.0,76.0,3.908,2306.2,12337.22,100.01,929.8,17.508
2008-02-20,3.714,90.0,76.12,3.892,2327.1,12427.26,100.74,937.8,17.76
2008-02-21,3.817,630.0,75.6,3.786,2299.78,12284.3,98.23,949.2,17.95
2008-02-22,3.7975,120.0,75.52,3.805,2303.35,12381.02,98.81,947.8,18.035
2008-02-25,3.748,780.0,75.53,3.91,2327.48,12570.22,99.23,940.5,18.085
2008-02-26,3.787,330.0,74.76,3.858,2344.99,12684.92,100.88,948.9,18.72
2008-02-27,3.8465,490.0,74.21,3.852,2353.78,12694.28,99.64,961.0,19.21
2008-02-28,3.878,12360.0,73.72,3.672,2331.57,12582.18,102.59,967.5,19.71
2008-02-29,3.855,8970.0,73.71,3.519,2271.48,12266.39,101.84,975.0,19.915
2008-03-03,3.9285,13210.0,73.7,3.554,2258.6,12258.9,102.45,984.2,20.18
2008-03-04,3.8215,11690.0,73.66,3.63,2260.28,12213.8,99.52,966.3,19.84
2008-03-05,3.982,13890.0,73.48,3.681,2272.81,12254.99,104.52,988.5,20.785
2008-03-06,3.9035,13520.0,73.0,3.594,2220.5,12040.39,105.47,977.1,20.225
2008-03-07,3.9215,9680.0,73.03,3.541,2212.49,11893.69,105.15,974.2,20.25
2008-03-10,3.795,13540.0,72.99,3.466,2169.34,11740.15,107.9,971.8,19.785
2008-03-11,3.7855,12110.0,73.28,3.6,2255.76,12156.81,108.75,976.0,19.763
2008-03-12,3.837,8080.0,72.4,3.44,2243.87,12110.24,109.92,980.5,19.995
2008-03-13,3.825,7870.0,72.07,3.526,2263.61,12145.74,110.33,993.8,20.42
2008-03-14,3.828,8960.0,71.66,3.466,2212.49,11951.09,110.21,999.5,20.655
2008-03-17,3.685,17380.0,71.46,3.297,2177.01,11972.25,105.68,1002.6,20.3
2008-03-18,3.7465,9000.0,71.57,3.503,2268.26,12392.66,109.42,1004.3,19.96
2008-03-19,3.6335,12400.0,72.14,3.33,2209.96,12099.66,104.48,945.3,18.445
2008-03-20,3.5735,17090.0,72.75,3.341,2258.11,12361.32,101.84,920.0,16.85
2008-03-24,3.6225,7270.0,72.95,3.558,2326.75,12548.64,100.86,918.7,17.11
2008-03-25,3.6785,11450.0,72.28,3.513,2341.05,12532.6,101.22,935.0,17.8
2008-03-26,3.725,10100.0,71.51,3.464,2324.36,12422.86,105.9,949.2,18.383
2008-03-27,3.873,13270.0,71.66,3.524,2280.83,12302.46,107.58,948.8,18.55
2008-03-28,3.8275,20.0,71.68,3.441,2261.18,12216.4,105.62,936.5,17.94
2008-03-31,3.827,80.0,71.8,3.421,2279.1,12262.89,101.58,921.5,17.31
2008-04-01,3.804,60.0,72.56,3.558,2362.75,12654.36,100.98,887.8,16.89
2008-04-02,3.875,50.0,72.26,3.604,2361.4,12605.83,104.83,900.2,17.18
2008-04-03,3.894,320.0,72.22,3.594,2363.3,12626.03,103.83,909.6,17.48
2008-04-04,3.9515,150.0,72.02,3.47,2370.98,12609.42,106.23,913.2,17.755
2008-04-07,3.974,340.0,72.2,3.547,2364.83,12612.43,109.09,926.8,18.12
2008-04-08,3.887,40.0,72.23,3.564,2348.76,12576.44,108.5,918.0,17.708
2008-04-09,3.994,60.0,71.83,3.481,2322.12,12527.26,110.87,937.5,18.2
2008-04-10,3.919,100.0,72.12,3.545,2351.7,12581.98,110.11,931.8,18.043
2008-04-11,3.9435,120.0,71.81,3.479,2290.24,12325.42,110.14,927.0,17.69
2008-04-14,3.8965,100.0,71.88,3.513,2275.82,12302.06,111.76,928.7,17.79
2008-04-15,3.859,30.0,72.02,3.606,2286.04,12362.47,113.79,932.0,17.85
2008-04-16,3.9555,600.0,71.41,3.714,2350.11,12619.27,114.93,948.3,18.325
2008-04-17,3.913,130.0,71.68,3.725,2341.83,12620.49,114.86,942.9,18.305
2008-04-18,3.8905,100.0,72.01,3.708,2402.97,12849.36,116.69,915.2,17.82
2008-04-21,3.8665,130.0,71.65,3.731,2408.04,12825.02,117.48,917.6,17.36
2008-04-22,3.9605,290.0,71.33,3.699,2376.94,12720.23,119.37,925.2,17.71
2008-04-23,3.903,400.0,71.82,3.737,2405.21,12763.22,118.3,909.0,17.165
2008-04-24,3.876,460.0,72.53,3.835,2428.92,12848.95,116.06,889.4,16.66
2008-04-25,3.915,310.0,72.79,3.872,2422.93,12891.86,118.52,889.7,16.85
2008-04-28,3.934,470.0,72.79,3.831,2424.4,12871.75,118.75,895.5,17.013
2008-04-29,3.881,11770.0,72.89,3.825,2426.1,12831.94,115.63,876.8,16.64
2008-04-30,3.9045,9450.0,72.51,3.734,2412.8,12820.13,113.46,865.1,16.593
2008-05-01,3.6945,24640.0,73.28,3.769,2480.71,13010.0,112.52,850.9,16.205
2008-05-02,3.8205,14340.0,73.5,3.859,2476.99,13058.2,116.32,858.0,16.465
2008-05-05,3.9475,19520.0,73.19,3.873,2464.12,12969.54,119.97,874.1,16.83
2008-05-06,3.8785,11010.0,73.0,3.922,2483.31,13020.83,121.84,877.7,16.86
2008-05-07,3.834,8910.0,73.51,3.849,2438.49,12814.35,123.53,871.2,16.695
2008-05-08,3.7875,9590.0,73.48,3.782,2451.24,12866.78,123.69,882.1,16.87
2008-05-09,3.7165,12470.0,73.05,3.779,2445.52,12745.88,125.96,885.8,16.91
2008-05-12,3.7495,10940.0,72.95,3.799,2488.49,12876.31,124.23,884.9,17.225
2008-05-13,3.7315,10110.0,73.27,3.913,2495.12,12832.18,125.8,869.6,16.828
2008-05-14,3.681,9800.0,73.4,3.919,2496.7,12898.38,124.22,866.5,16.613
2008-05-15,3.7385,12260.0,73.35,3.82,2533.73,12992.66,124.12,880.0,16.685
2008-05-16,3.8265,12950.0,72.84,3.854,2528.85,12986.8,126.29,899.9,16.96
2008-05-19,3.7755,9750.0,73.05,3.835,2516.09,13028.16,127.05,905.8,17.028
2008-05-20,3.7765,10270.0,72.41,3.78,2492.26,12828.68,129.07,920.2,17.725
2008-05-21,3.7445,9280.0,71.94,3.807,2448.27,12601.19,133.17,928.6,18.05
2008-05-22,3.7125,12700.0,72.28,3.923,2464.58,12625.62,130.81,918.3,18.025
2008-05-23,3.736,8460.0,71.89,3.85,2444.67,12479.63,132.19,925.8,18.29
2008-05-27,3.716,8700.0,72.34,3.921,2481.24,12548.35,128.85,907.9,17.465
2008-05-28,3.695,12680.0,72.55,3.999,2486.7,12594.03,131.03,900.5,17.415
2008-05-29,3.56,140.0,73.02,4.079,2508.32,12646.22,126.62,881.7,16.515
2008-05-30,3.606,160.0,72.88,4.067,2522.66,12638.32,127.35,891.5,16.865
2008-06-02,3.598,260.0,72.93,3.967,2491.53,12503.82,127.76,897.0,16.91
2008-06-03,3.5795,170.0,73.24,3.894,2480.48,12402.85,124.31,885.5,16.835
2008-06-04,3.5455,100.0,73.42,3.982,2503.14,12390.48,122.3,883.8,16.94
2008-06-05,3.5445,230.0,73.04,4.044,2549.94,12604.45,127.79,875.5,17.17
2008-06-06,3.6245,90.0,72.39,3.928,2474.56,12209.81,138.54,899.0,17.43
2008-06-09,3.614,200.0,72.85,4.025,2459.46,12280.32,134.35,898.1,17.21
2008-06-10,3.562,250.0,73.7,4.097,2448.94,12289.76,131.31,871.2,16.635
2008-06-11,3.58,40.0,73.21,4.075,2394.01,12083.77,136.38,882.9,16.855
2008-06-12,3.539,130.0,73.86,4.215,2404.35,12141.58,136.74,872.0,16.485
2008-06-13,3.59,230.0,74.15,4.261,2454.5,12307.35,134.86,873.1,16.56
2008-06-16,3.665,170.0,73.61,4.279,2474.78,12269.08,134.61,886.3,17.232
2008-06-17,3.65,400.0,73.51,4.199,2457.73,12160.3,134.01,886.9,17.075
2008-06-18,3.7475,150.0,73.44,4.142,2429.71,12029.06,136.68,893.5,17.34
2008-06-19,3.779,610.0,73.48,4.209,2462.06,12063.09,131.93,904.2,17.47
2008-06-20,3.8315,210.0,73.03,4.168,2406.09,11842.69,134.62,903.7,17.397
2008-06-23,3.809,140.0,73.43,4.166,2385.74,11842.36,136.74,887.2,16.79
2008-06-24,3.7875,60.0,73.24,4.103,2368.28,11807.43,137.0,891.6,16.633
2008-06-25,3.7755,80.0,72.93,4.103,2401.26,11811.83,134.55,882.3,16.503
2008-06-26,3.829,130.0,72.49,4.031,2321.37,11453.42,139.64,915.1,17.125
2008-06-27,3.878,13130.0,72.36,3.969,2315.63,11346.51,140.21,931.3,17.71
2008-06-30,3.8825,12240.0,72.46,3.975,2292.98,11350.01,140.0,928.3,17.51
2008-07-01,3.9105,8340.0,72.37,4.008,2304.97,11382.26,140.97,944.5,18.29
2008-07-02,4.0635,22950.0,72.03,3.959,2251.46,11215.51,143.57,946.5,18.425
2008-07-03,3.949,15830.0,72.74,3.99,2245.38,11288.54,145.29,933.6,18.37
2008-07-07,3.849,15010.0,72.67,3.909,2243.32,11231.96,141.37,928.8,17.92
2008-07-08,3.6965,20860.0,73.01,3.888,2294.44,11384.21,136.04,923.3,17.955
2008-07-09,3.739,14010.0,72.58,3.817,2234.89,11147.44,136.05,928.6,18.175
2008-07-10,3.7185,11260.0,72.49,3.8,2257.85,11229.02,141.65,942.0,18.32
2008-07-11,3.74,8630.0,72.1,3.973,2239.08,11100.54,145.08,960.6,18.82
2008-07-14,3.752,7610.0,71.92,3.863,2212.87,11055.19,145.18,973.7,19.25
2008-07-15,3.7,13730.0,71.87,3.828,2215.71,10962.54,138.74,978.7,19.013
2008-07-16,3.6505,13280.0,72.06,3.938,2284.85,11239.28,134.6,962.7,18.805
2008-07-17,3.715,13230.0,72.24,3.997,2312.3,11446.66,129.29,970.7,18.735
2008-07-18,3.669,11160.0,72.19,4.089,2282.78,11496.57,128.88,958.0,18.2
2008-07-21,3.681,6700.0,71.99,4.04,2279.53,11467.34,131.04,963.7,18.425
2008-07-22,3.6905,10890.0,72.45,4.105,2303.96,11602.5,127.95,948.5,18.005
2008-07-23,3.6575,14980.0,72.81,4.12,2325.88,11632.38,124.44,922.8,17.458
2008-07-24,3.577,13260.0,72.93,3.999,2280.11,11349.28,125.49,922.3,17.298
2008-07-25,3.605,9350.0,72.86,4.103,2310.53,11370.69,123.26,926.8,17.375
2008-07-28,3.612,6480.0,72.65,4.007,2264.22,11131.08,124.73,927.7,17.465
2008-07-29,3.5905,10930.0,73.31,4.044,2319.62,11397.56,122.19,916.5,17.375
2008-07-30,3.64,50.0,73.32,4.05,2329.72,11583.69,126.77,912.3,17.465
2008-07-31,3.656,50.0,73.23,3.958,2325.55,11378.02,124.08,922.7,17.79
2008-08-01,3.5735,60.0,73.42,3.942,2310.96,11326.32,125.1,917.5,17.52
2008-08-04,3.4385,300.0,73.46,3.97,2285.56,11284.15,121.41,907.9,17.14
2008-08-05,3.4145,200.0,73.88,4.022,2349.83,11615.77,119.17,886.1,16.572
2008-08-06,3.4225,200.0,74.24,4.06,2378.37,11656.07,118.58,883.0,16.505
2008-08-07,3.418,280.0,74.55,3.928,2355.73,11431.43,120.02,877.9,16.257
2008-08-08,3.334,190.0,75.84,3.935,2414.1,11734.32,115.2,864.8,15.33
2008-08-11,3.293,170.0,76.12,3.998,2439.95,11782.35,114.45,828.3,14.62
2008-08-12,3.228,180.0,76.15,3.901,2430.61,11642.47,113.01,814.6,14.485
2008-08-13,3.35,80.0,76.21,3.939,2428.62,11532.96,116.0,831.5,14.845
2008-08-14,3.305,100.0,76.67,3.897,2453.67,11615.93,115.01,814.5,14.23
2008-08-15,3.3215,60.0,77.18,3.844,2452.52,11659.9,113.77,792.1,12.815
2008-08-18,3.314,70.0,77.12,3.818,2416.98,11479.39,112.87,805.7,13.1
2008-08-19,3.4305,300.0,76.84,3.837,2384.36,11348.55,114.53,816.8,13.105
2008-08-20,3.4005,250.0,76.96,3.805,2389.08,11417.43,114.98,816.3,13.04
2008-08-21,3.546,180.0,76.2,3.833,2380.38,11430.21,121.18,839.0,13.727
2008-08-22,3.4705,210.0,76.81,3.874,2414.71,11628.06,114.59,833.5,13.477
2008-08-25,3.479,190.0,76.79,3.786,2365.59,11386.25,115.11,825.7,13.37
2008-08-26,3.434,290.0,77.25,3.78,2361.97,11412.87,116.27,828.1,13.575
2008-08-27,3.465,540.0,77.05,3.765,2382.46,11502.51,118.15,834.0,13.47
2008-08-28,3.4105,80.0,77.15,3.784,2411.64,11715.18,115.59,837.2,13.705
2008-08-29,3.3995,40.0,77.38,3.825,2367.52,11543.55,115.46,835.2,13.707
2008-09-02,3.289,130.0,78.06,3.738,2349.24,11516.92,109.71,810.5,13.145
2008-09-03,3.328,50.0,78.09,3.705,2333.73,11532.88,109.35,808.2,12.947
2008-09-04,3.279,60.0,78.61,3.628,2259.04,11188.23,107.89,803.2,12.94
2008-09-05,3.111,210.0,78.93,3.699,2255.88,11220.96,106.23,802.8,12.325
2008-09-08,3.1045,80.0,79.59,3.695,2269.76,11510.74,106.34,802.5,12.065
2008-09-09,3.095,60.0,79.25,3.574,2209.81,11230.73,103.26,792.0,11.715
2008-09-10,3.121,30.0,79.84,3.637,2228.7,11268.92,102.58,762.5,10.89
2008-09-11,3.131,110.0,80.15,3.648,2258.22,11433.71,100.87,745.5,10.555
2008-09-12,3.198,290.0,78.97,3.722,2261.27,11421.99,101.18,764.5,10.795
2008-09-15,3.1465,240.0,78.91,3.39,2179.91,10917.51,95.71,787.0,11.135
2008-09-16,3.096,120.0,79.07,3.439,2207.9,11059.02,91.15,780.5,10.517
2008-09-17,3.0525,80.0,78.09,3.421,2098.85,10609.66,97.16,850.5,11.675
2008-09-18,3.077,70.0,78.02,3.549,2199.1,11019.69,97.88,897.0,12.7
2008-09-19,3.1795,120.0,77.68,3.816,2273.9,11388.44,104.55,864.7,12.475
2008-09-22,3.259,140.0,76.15,3.846,2178.98,11015.69,120.92,909.0,13.45
2008-09-23,3.157,130.0,76.47,3.805,2153.33,10854.17,106.61,891.2,13.17
2008-09-24,3.1115,90.0,76.79,3.812,2155.68,10825.17,105.73,895.0,13.44
2008-09-25,3.14,120.0,76.99,3.854,2186.57,11022.06,108.02,882.0,13.275
2008-09-26,3.079,220.0,76.95,3.858,2183.34,11143.13,106.89,888.5,13.503
2008-09-29,2.9065,11560.0,77.47,3.574,1983.73,10365.45,96.37,894.4,13.025
2008-09-30,2.879,13230.0,79.45,3.829,2091.88,10850.66,100.64,880.8,12.275
2008-10-01,2.7895,12930.0,79.46,3.746,2069.4,10831.07,98.53,887.3,12.77
2008-10-02,2.6275,11470.0,80.44,3.631,1976.72,10482.85,93.97,844.3,11.12
2008-10-03,2.69,15140.0,80.31,3.603,1947.39,10325.38,93.88,833.2,11.325
2008-10-06,2.493,16170.000000000002,81.67,3.462,1862.96,9955.5,87.81,866.2,11.285
2008-10-07,2.5345,13070.0,80.97,3.506,1754.88,9447.11,90.06,882.0,11.38
2008-10-08,2.355,15490.0,80.91,3.648,1740.33,9258.1,88.95,906.5,11.772
2008-10-09,2.406,10380.0,81.16,3.785,1645.12,8579.19,86.59,886.5,11.875
2008-10-10,2.1445,17890.0,83.0,3.876,1649.51,8451.19,77.7,859.0,10.6
2008-10-13,2.3125,11180.0,81.88,4.085,1844.25,9387.61,81.19,842.5,10.79
2008-10-14,2.3945,15570.0,81.36,4.081,1779.01,9310.99,78.63,839.5,11.06
2008-10-15,2.2105,13420.0,82.05,3.955,1628.33,8577.91,74.54,839.0,10.18
2008-10-16,2.0855,15880.0,82.45,3.969,1717.71,8979.26,69.85,804.5,9.635
2008-10-17,2.1795,12120.0,82.41,3.938,1711.29,8852.22,71.85,787.7,9.335
2008-10-20,2.1165,11260.0,83.1,3.861,1770.03,9265.43,74.25,790.0,9.69
2008-10-21,2.007,16210.0,83.99,3.737,1696.68,9033.66,70.89,768.0,10.075
2008-10-22,1.8655,14730.0,85.37,3.598,1615.75,8519.21,66.75,735.2,9.46
2008-10-23,1.8045,16950.0,85.36,3.678,1603.91,8691.25,67.84,714.7,9.5
2008-10-24,1.6865,12850.0,86.44,3.682,1552.03,8378.95,64.15,730.3,9.295
2008-10-27,1.805,15610.0,86.93,3.693,1505.9,8175.77,63.22,742.9,9.195
2008-10-28,1.8585,13470.0,87.03,3.847,1649.47,9065.12,62.73,740.5,8.79
2008-10-29,2.088,17020.0,85.07,3.858,1657.21,8990.96,67.5,754.0,9.805
2008-10-30,1.8955,30.0,84.56,3.972,1698.52,9180.69,65.96,738.5,9.785
2008-10-31,1.8345,70.0,85.63,3.97,1720.95,9325.01,67.81,718.2,9.73
2008-11-03,1.844,60.0,86.35,3.912,1726.33,9319.83,63.91,726.8,9.75
2008-11-04,1.961,110.0,84.78,3.732,1780.12,9625.28,70.53,757.3,10.13
2008-11-05,1.819,130.0,84.61,3.704,1681.64,9139.27,65.3,742.4,10.455
2008-11-06,1.7225,60.0,85.89,3.691,1608.7,8695.79,60.77,732.2,10.055
2008-11-07,1.6995,130.0,85.91,3.793,1647.4,8943.81,61.04,734.2,9.963
2008-11-10,1.7555,480.0,85.91,3.759,1616.74,8870.54,62.41,746.5,10.22
2008-11-12,1.6585,60.0,87.47,3.656,1499.21,8282.66,56.16,718.3,9.48
2008-11-13,1.6255,140.0,86.94,3.856,1596.7,8835.25,58.24,705.0,8.8
2008-11-14,1.7105,120.0,86.36,3.731,1516.85,8497.31,57.04,742.5,9.49
2008-11-17,1.66,230.0,86.81,3.658,1482.05,8273.58,54.95,742.0,9.33
2008-11-18,1.665,270.0,87.37,3.529,1483.27,8424.75,54.39,732.7,9.55
2008-11-19,1.604,240.0,87.31,3.337,1386.42,7997.28,53.62,736.0,9.31
2008-11-20,1.576,150.0,87.97,3.008,1316.12,7552.29,49.62,748.7,9.025
2008-11-21,1.579,150.0,88.19,3.223,1384.35,8046.42,49.93,791.8,9.48
2008-11-24,1.6725,280.0,86.08,3.329,1472.02,8443.39,54.5,819.5,10.355
2008-11-25,1.653,320.0,85.0,3.111,1464.73,8479.47,50.77,818.5,10.27
2008-11-26,1.686,30.0,85.67,2.989,1532.1,8726.61,54.44,808.5,10.22
2008-11-28,1.644,30.0,86.52,2.92,1535.57,8829.04,54.43,819.0,10.23
2008-12-01,1.6235,240.0,86.72,2.729,1398.07,8149.09,49.28,776.8,9.38
2008-12-02,1.6,170.0,86.7,2.693,1449.8,8419.09,46.96,783.3,9.615
2008-12-03,1.5545,290.0,87.03,2.657,1492.38,8591.69,46.79,770.5,9.59
2008-12-04,1.471,210.0,86.44,2.553,1445.56,8376.24,43.67,765.5,9.52
2008-12-05,1.3735,220.0,87.12,2.7,1509.31,8635.42,40.81,752.2,9.43
2008-12-08,1.4935,140.0,85.56,2.743,1571.74,8934.18,43.71,769.3,9.975
2008-12-09,1.4405,150.0,85.8,2.652,1547.34,8691.33,42.07,774.2,9.85
2008-12-10,1.49,110.0,85.47,2.689,1565.48,8761.42,43.52,808.8,10.2
2008-12-11,1.5065,70.0,83.66,2.609,1507.88,8565.09,47.98,826.6,10.425
2008-12-12,1.425,40.0,83.71,2.576,1540.72,8629.68,46.28,820.5,10.23
2008-12-15,1.4035,50.0,82.1,2.519,1508.34,8564.53,44.51,836.5,10.62
2008-12-16,1.374,70.0,80.2,2.264,1589.89,8924.14,43.6,842.7,10.705
2008-12-17,1.3665,60.0,78.58,2.2,1579.31,8824.34,40.06,868.5,11.42
2008-12-18,1.2945,350.0,79.7,2.085,1552.37,8604.99,36.22,860.6,11.12
2008-12-19,1.3215,300.0,81.07,2.131,1564.32,8579.11,33.87,837.4,10.85
2008-12-22,1.339,230.0,81.19,2.173,1532.35,8519.77,39.91,847.2,10.86
2008-12-23,1.273,250.0,81.44,2.183,1521.54,8419.49,38.98,838.1,10.26
2008-12-24,1.2655,90.0,81.0,2.188,1524.9,8468.48,35.35,848.0,10.35
2008-12-26,1.295,250.0,80.97,2.137,1530.24,8515.55,37.71,871.2,10.53
2008-12-29,1.3045,200.0,81.43,2.104,1510.32,8483.93,40.02,875.3,10.81
2008-12-30,1.3205,4120.0,80.63,2.056,1550.7,8668.39,39.03,870.0,10.98
2008-12-31,1.41,9030.0,81.15,2.22,1577.03,8776.39,44.6,884.3,11.295
2009-01-02,1.461,8420.0,81.5,2.361,1632.21,9034.69,46.34,879.5,11.49
2009-01-05,1.459,10650.0,82.58,2.485,1628.03,8952.89,48.81,857.8,11.27
2009-01-06,1.583,16840.0,82.83,2.45,1652.38,9015.1,48.58,866.0,11.445
2009-01-07,1.5115,13720.0,82.1,2.498,1599.06,8769.7,42.63,841.7,11.105
2009-01-08,1.479,16170.000000000002,81.57,2.445,1617.01,8742.46,41.7,854.5,11.097
2009-01-09,1.5595,18040.0,82.48,2.393,1571.59,8599.18,40.83,855.0,11.32
2009-01-12,1.4885,14420.0,83.25,2.309,1538.79,8473.97,37.59,821.0,10.75
2009-01-13,1.547,15740.0,84.26,2.297,1546.46,8448.56,37.78,820.7,10.68
2009-01-14,1.4875,15270.0,84.36,2.206,1489.64,8200.14,37.28,808.8,10.475
2009-01-15,1.4535,12970.0,84.53,2.211,1511.84,8212.49,35.4,807.3,10.44
2009-01-16,1.5275,13070.0,84.05,2.342,1529.33,8281.22,36.51,839.9,11.215
2009-01-21,1.4335,12080.0,85.32,2.546,1507.07,8228.1,43.55,850.1,11.325
2009-01-22,1.396,12640.0,85.48,2.599,1465.49,8122.8,43.67,858.8,11.365
2009-01-23,1.472,12420.0,85.58,2.615,1477.29,8077.56,46.47,895.8,11.94
2009-01-26,1.5865,16650.0,84.39,2.646,1489.46,8116.03,45.73,908.8,12.11
2009-01-27,1.4845,16620.0,84.4,2.529,1504.9,8174.73,41.58,899.5,12.175
2009-01-28,1.496,14170.0,84.59,2.672,1558.34,8375.45,42.16,888.2,11.963
2009-01-29,1.4645,30.0,85.49,2.864,1507.84,8149.01,41.44,906.5,12.145
2009-01-30,1.4755,20.0,85.83,2.851,1476.42,8000.86,41.68,928.4,12.565
2009-02-02,1.439,250.0,86.11,2.717,1494.43,7936.83,40.08,907.2,12.415
2009-02-03,1.529,500.0,85.0,2.893,1516.3,8078.36,40.78,892.5,12.3
2009-02-04,1.538,280.0,85.77,2.939,1515.05,7956.66,40.32,902.2,12.47
2009-02-05,1.507,440.0,86.06,2.919,1546.24,8063.07,41.17,914.2,12.75
2009-02-06,1.636,310.0,85.29,2.988,1591.71,8280.59,40.17,914.3,13.16
2009-02-09,1.62,630.0,84.88,2.993,1591.56,8270.87,39.56,892.8,12.83
2009-02-10,1.5815,670.0,85.57,2.819,1524.73,7888.88,37.55,914.2,13.13
2009-02-11,1.5465,660.0,85.84,2.757,1530.5,7939.53,35.94,944.5,13.52
2009-02-12,1.5425,800.0,85.94,2.788,1541.71,7932.76,33.98,949.2,13.51
2009-02-13,1.5475,940.0,86.09,2.895,1534.36,7850.41,37.51,942.2,13.625
2009-02-18,1.446,200.0,88.03,2.766,1467.97,7555.63,34.62,978.2,14.29
2009-02-19,1.4805,200.0,87.44,2.857,1442.82,7465.95,39.48,976.5,13.935
2009-02-20,1.425,250.0,86.59,2.792,1441.23,7365.67,38.94,1002.2,14.49
2009-02-23,1.444,710.0,87.26,2.755,1387.72,7114.78,38.44,995.0,14.45
2009-02-24,1.494,1330.0,86.78,2.806,1441.83,7350.94,39.96,969.5,13.995
2009-02-25,1.531,670.0,87.84,2.925,1425.43,7270.89,42.5,966.2,13.875
2009-02-26,1.579,13760.0,87.84,3.0,1391.47,7182.08,45.22,942.6,12.975
2009-02-27,1.5385,12710.0,88.17,3.021,1377.84,7062.93,44.76,942.5,13.11
2009-03-02,1.516,9730.0,89.03,2.864,1322.85,6763.29,40.15,940.0,13.07
2009-03-03,1.6045,13910.0,89.19,2.886,1321.01,6726.02,41.65,913.6,12.715
2009-03-04,1.694,20630.0,88.49,2.978,1353.74,6875.84,45.38,906.7,12.915
2009-03-05,1.6535,12160.0,89.08,2.813,1299.59,6594.44,43.61,927.8,13.12
2009-03-06,1.689,10290.0,88.55,2.873,1293.85,6626.94,45.52,942.7,13.333
2009-03-09,1.6395,12900.0,89.29,2.861,1268.64,6547.05,47.07,918.0,12.94
2009-03-10,1.6845,12560.0,88.52,3.012,1358.28,6926.49,45.71,895.9,12.54
2009-03-11,1.6255,13190.0,87.67,2.91,1371.64,6930.4,42.33,910.7,12.8
2009-03-12,1.6245,11680.0,87.48,2.863,1426.1,7170.06,47.03,924.0,12.943
2009-03-13,1.6645,11060.0,87.25,2.896,1431.5,7223.98,46.25,930.1,13.215
2009-03-16,1.747,18240.0,86.97,2.957,1404.02,7216.97,47.35,922.0,12.89
2009-03-17,1.724,11720.0,86.81,3.012,1462.11,7395.7,49.16,916.8,12.67
2009-03-18,1.7165,11900.0,84.19,2.547,1491.22,7486.58,48.14,889.1,11.935
2009-03-19,1.8075,13810.0,83.07,2.611,1483.48,7400.8,51.61,958.8,13.52
2009-03-20,1.796,11110.0,83.71,2.633,1457.27,7278.38,51.06,956.2,13.84
2009-03-23,1.841,11200.0,83.47,2.654,1555.77,7775.86,53.8,952.5,13.875
2009-03-24,1.806,11930.0,84.1,2.71,1516.52,7659.97,53.98,923.8,13.357
2009-03-25,1.803,10790.0,83.7,2.793,1528.95,7749.81,52.77,935.8,13.437
2009-03-26,1.855,11750.0,84.08,2.744,1587.0,7924.56,54.34,940.0,13.62
2009-03-27,1.836,9510.0,85.14,2.763,1545.2,7776.18,52.38,923.2,13.263
2009-03-30,1.7705,150.0,85.75,2.723,1501.8,7522.02,48.41,917.7,13.033
2009-03-31,1.849,140.0,85.51,2.668,1528.59,7608.92,49.66,925.0,12.985
2009-04-01,1.8525,110.0,85.42,2.652,1551.6,7761.6,48.39,927.7,12.975
2009-04-02,1.894,1220.0,84.32,2.779,1602.63,7978.08,52.64,908.9,13.025
2009-04-03,2.006,410.0,84.18,2.895,1621.87,8017.59,52.51,897.3,12.735
2009-04-06,1.963,360.0,84.75,2.932,1606.71,7975.85,51.05,872.8,12.11
2009-04-07,1.9965,510.0,85.22,2.9,1561.61,7789.56,49.15,883.3,12.21
2009-04-08,2.0055,130.0,85.23,2.86,1590.66,7837.11,49.38,885.9,12.34
2009-04-09,2.0775,270.0,85.64,2.928,1652.54,8083.38,52.24,883.3,12.33
2009-04-13,2.1325,240.0,84.61,2.863,1653.31,8057.81,50.05,895.8,12.768
2009-04-14,2.122,320.0,84.8,2.79,1625.72,7920.18,49.41,892.0,12.765
2009-04-15,2.204,510.0,84.93,2.772,1626.8,8029.62,49.25,893.5,12.8
2009-04-16,2.1745,240.0,85.2,2.84,1670.44,8125.43,49.98,879.8,12.255
2009-04-17,2.196,330.0,85.9,2.951,1673.07,8131.33,50.33,867.9,11.79
2009-04-20,2.1035,310.0,86.66,2.849,1608.21,7841.73,45.88,887.5,12.105
2009-04-21,2.083,350.0,86.5,2.902,1643.85,7969.56,46.51,882.7,12.06
2009-04-22,2.0605,420.0,86.3,2.94,1646.12,7886.57,48.85,892.5,12.305
2009-04-23,1.993,380.0,85.4,2.929,1652.21,7957.06,49.62,906.6,12.755
2009-04-24,2.0515,360.0,84.72,2.998,1694.29,8076.29,51.55,914.1,12.92
2009-04-27,1.987,570.0,85.67,2.914,1679.41,8025.0,50.14,908.2,12.955
2009-04-28,1.9175,300.0,85.17,3.02,1673.81,8016.95,49.92,893.6,12.4
2009-04-29,2.005,13070.0,84.64,3.107,1711.94,8185.73,50.97,900.5,12.775
2009-04-30,2.0475,10130.0,84.82,3.119,1717.3,8168.12,51.12,891.2,12.325
2009-05-01,2.101,10380.0,84.54,3.157,1719.2,8212.41,53.2,888.2,12.5
2009-05-04,2.144,9230.0,83.66,3.15,1763.56,8426.74,54.47,902.2,13.113
2009-05-05,2.0825,13350.0,84.14,3.169,1754.12,8410.65,53.84,904.3,13.42
2009-05-06,2.187,15820.0,84.0,3.155,1759.1,8512.28,56.34,911.0,13.71
2009-05-07,2.1645,14180.0,83.88,3.34,1716.24,8409.85,56.71,915.5,14.03
2009-05-08,2.1455,15100.0,82.44,3.289,1739.0,8574.65,58.63,914.9,13.955
2009-05-11,2.0885,14950.0,82.84,3.176,1731.24,8418.77,58.5,913.5,13.91
2009-05-12,2.086,16010.000000000002,82.3,3.178,1715.92,8469.11,58.85,923.9,14.215
2009-05-13,2.031,16980.0,82.57,3.112,1664.19,8284.89,58.02,925.9,14.02
2009-05-14,2.027,16810.0,82.44,3.092,1689.21,8331.32,58.62,928.4,14.04
2009-05-15,2.0175,16079.999999999998,82.95,3.134,1680.14,8268.64,56.34,931.3,14.01
2009-05-18,2.072,15120.0,82.54,3.241,1732.36,8504.08,59.03,921.7,13.83
2009-05-19,2.0695,14670.0,82.1,3.245,1734.54,8474.85,59.65,926.7,14.125
2009-05-20,2.1065,13920.0,81.19,3.195,1727.84,8422.04,62.04,937.4,14.28
2009-05-21,2.051,16790.0,80.47,3.368,1695.25,8292.13,61.05,951.2,14.445
2009-05-22,2.0975,13450.0,80.04,3.45,1692.01,8277.32,61.67,958.9,14.695
2009-05-27,2.121,14090.0,80.76,3.738,1731.08,8300.02,63.45,953.3,14.865
2009-05-28,2.1405,100.0,80.53,3.612,1751.79,8403.8,65.08,963.2,15.16
2009-05-29,2.1995,150.0,79.23,3.461,1774.33,8500.33,66.31,980.3,15.61
2009-06-01,2.3225,100.0,79.18,3.68,1828.68,8721.44,68.58,980.0,15.735
2009-06-02,2.3015,70.0,78.48,3.613,1836.8,8740.87,68.55,984.4,15.955
2009-06-03,2.217,140.0,79.49,3.536,1825.92,8675.28,66.12,965.6,15.31
2009-06-04,2.3065,100.0,79.47,3.716,1850.02,8750.24,68.81,982.3,15.895
2009-06-05,2.29,150.0,80.67,3.84,1849.42,8763.13,68.44,962.6,15.388
2009-06-08,2.259,140.0,80.83,3.897,1842.4,8764.49,68.09,952.5,14.955
2009-06-09,2.371,120.0,79.84,3.868,1860.13,8763.06,70.01,954.7,15.14
2009-06-10,2.372,60.0,80.27,3.947,1853.08,8739.02,71.33,954.7,15.225
2009-06-11,2.45,70.0,79.56,3.862,1862.37,8770.92,72.68,962.0,15.493
2009-06-12,2.3785,60.0,80.13,3.803,1858.8,8799.26,72.04,940.7,14.875
2009-06-15,2.2905,140.0,81.16,3.715,1816.38,8612.13,70.62,927.5,14.03
2009-06-16,2.261,240.0,80.74,3.663,1796.18,8504.67,70.47,932.2,14.13
2009-06-17,2.264,260.0,80.26,3.69,1808.06,8497.18,71.03,936.0,14.28
2009-06-18,2.2765,110.0,80.57,3.83,1807.72,8555.6,71.37,934.6,14.24
2009-06-19,2.2565,290.0,80.33,3.773,1827.47,8539.73,69.55,936.2,14.2
2009-06-22,2.138,450.0,80.84,3.685,1766.19,8339.01,66.93,921.0,13.705
2009-06-23,2.205,570.0,79.85,3.625,1764.92,8322.91,69.24,924.3,13.845
2009-06-24,2.274,150.0,80.54,3.689,1792.34,8299.86,68.67,934.4,13.91
2009-06-25,2.3095,730.0,80.37,3.544,1829.54,8472.4,70.23,939.5,14.005
2009-06-26,2.3025,750.0,79.9,3.529,1838.22,8438.39,69.16,941.0,14.156
2009-06-29,2.326,13410.0,79.91,3.481,1844.06,8529.38,71.49,940.7,13.975
2009-06-30,2.272,20700.0,80.16,3.537,1835.04,8447.0,69.89,927.4,13.6
2009-07-01,2.3305,16830.0,79.67,3.548,1845.72,8504.06,69.31,941.3,13.76
2009-07-02,2.3055,14670.0,80.15,3.502,1796.52,8280.74,66.73,931.0,13.408
2009-07-07,2.2255,15450.0,80.7,3.454,1746.17,8163.6,62.93,929.1,13.22
2009-07-08,2.159,20390.0,80.63,3.306,1747.17,8178.41,60.14,909.3,12.852
2009-07-09,2.2375,19250.0,79.86,3.413,1752.55,8183.17,60.41,916.2,12.935
2009-07-10,2.2115,14510.0,80.23,3.304,1756.03,8146.52,59.89,912.5,12.645
2009-07-13,2.223,14800.0,80.13,3.36,1793.21,8331.68,59.69,922.5,12.785
2009-07-14,2.299,20800.0,80.18,3.474,1799.73,8359.49,59.52,922.8,12.855
2009-07-15,2.392,21290.0,79.32,3.614,1862.9,8616.21,61.54,939.4,13.208
2009-07-16,2.3895,14780.0,79.22,3.573,1885.03,8711.82,62.02,935.4,13.235
2009-07-17,2.423,15770.0,79.35,3.649,1886.61,8743.94,63.56,937.5,13.403
2009-07-20,2.469,17500.0,78.91,3.612,1909.29,8848.15,63.98,948.8,13.625
2009-07-21,2.451,17740.0,78.93,3.484,1916.2,8915.94,64.72,946.9,13.478
2009-07-22,2.5255,21960.0,78.71,3.544,1926.38,8881.26,65.4,953.3,13.7
2009-07-23,2.524,22440.0,78.8,3.658,1973.6,9069.29,67.16,954.8,13.77
2009-07-24,2.522,12810.0,78.75,3.66,1965.96,9093.24,68.05,953.1,13.875
2009-07-27,2.545,17530.0,78.63,3.725,1967.89,9108.51,68.38,953.5,13.99
2009-07-28,2.5205,20230.0,78.85,3.686,1975.51,9096.72,67.23,939.1,13.74
2009-07-29,2.4775,23420.0,79.63,3.664,1967.76,9070.72,63.35,927.2,13.258
2009-07-30,2.566,120.0,79.28,3.615,1984.3,9154.46,66.94,937.3,13.485
2009-07-31,2.6245,250.0,78.35,3.482,1978.5,9171.61,69.45,955.8,13.94
2009-08-03,2.7415,60.0,77.64,3.637,2008.61,9286.56,71.58,958.8,14.252
2009-08-04,2.7985,30.0,77.77,3.687,2011.31,9320.19,71.42,969.7,14.695
2009-08-05,2.8155,340.0,77.52,3.762,1993.05,9280.97,71.97,966.3,14.76
2009-08-06,2.7555,110.0,78.06,3.756,1973.16,9256.26,71.94,962.9,14.645
2009-08-07,2.7895,230.0,78.97,3.854,2000.25,9370.07,70.93,959.5,14.668
2009-08-10,2.775,480.0,79.26,3.772,1992.24,9337.95,70.6,946.9,14.355
2009-08-11,2.741,220.0,79.18,3.672,1969.73,9241.45,69.45,947.6,14.345
2009-08-12,2.827,60.0,78.79,3.711,1998.72,9361.61,70.16,952.5,14.585
2009-08-13,2.918,150.0,78.49,3.597,2009.35,9398.19,70.52,956.5,14.987
2009-08-14,2.84,320.0,78.89,3.572,1985.52,9321.4,67.51,948.7,14.722
2009-08-17,2.7745,120.0,79.29,3.472,1930.84,9135.34,66.75,935.8,13.975
2009-08-18,2.765,180.0,78.94,3.517,1955.92,9217.94,69.19,939.2,13.96
2009-08-19,2.7615,230.0,78.47,3.455,1969.24,9279.16,72.42,944.8,13.875
2009-08-20,2.7445,100.0,78.38,3.428,1989.22,9350.05,72.54,941.7,13.88
2009-08-21,2.8845,190.0,78.04,3.569,2020.9,9505.96,73.89,954.7,14.164
2009-08-24,2.92,210.0,78.27,3.474,2017.98,9509.28,74.37,943.7,14.195
2009-08-25,2.862,270.0,78.24,3.438,2024.23,9539.29,72.05,946.0,14.31
2009-08-26,2.8645,850.0,78.66,3.435,2024.43,9543.52,71.43,945.8,14.255
2009-08-27,2.857,580.0,78.01,3.453,2027.73,9580.63,72.49,947.3,14.22
2009-08-28,2.944,340.0,78.37,3.449,2028.77,9544.2,72.74,958.8,14.815
2009-08-31,2.821,60.0,78.17,3.401,2009.06,9496.28,69.96,953.5,14.923
2009-09-01,2.812,70.0,78.76,3.37,1968.89,9310.6,68.05,956.5,15.06
2009-09-02,2.8195,30.0,78.38,3.309,1967.07,9280.67,68.05,978.5,15.365
2009-09-03,2.8585,30.0,78.47,3.348,1983.2,9344.61,67.96,997.7,16.29
2009-09-04,2.8605,30.0,78.14,3.445,2018.78,9441.27,68.02,996.7,16.285
2009-09-09,2.918,20.0,77.09,3.475,2060.39,9547.22,71.31,997.1,16.47
2009-09-10,2.87,220.0,76.82,3.354,2084.02,9627.48,71.94,996.8,16.67
2009-09-11,2.84,30.0,76.61,3.349,2080.9,9605.41,69.29,1006.4,16.7
2009-09-14,2.7975,40.0,76.69,3.423,2091.78,9626.8,68.86,1001.1,16.623
2009-09-15,2.838,20.0,76.54,3.447,2102.64,9683.41,70.93,1006.3,17.0
2009-09-16,2.93,10.0,76.24,3.475,2133.15,9791.71,72.51,1020.2,17.43
2009-09-17,2.8895,30.0,76.19,3.385,2126.75,9783.92,72.47,1013.5,17.265
2009-09-18,2.7785,110.0,76.42,3.469,2132.86,9820.2,72.04,1010.3,17.065
2009-09-21,2.7995,90.0,76.78,3.482,2138.04,9778.86,69.71,1004.9,16.88
2009-09-22,2.8585,50.0,76.12,3.443,2146.3,9829.87,71.55,1015.5,17.115
2009-09-23,2.802,100.0,76.05,3.415,2131.42,9748.55,68.97,1014.4,16.91
2009-09-24,2.7035,100.0,76.9,3.383,2107.61,9707.44,65.89,998.9,16.295
2009-09-25,2.7345,90.0,76.81,3.322,2090.92,9665.19,66.02,991.6,16.06
2009-09-28,2.7205,70.0,77.05,3.281,2130.74,9789.36,66.84,994.1,16.195
2009-09-29,2.729,17200.0,77.12,3.292,2124.04,9742.2,66.71,994.4,16.178
2009-09-30,2.819,30060.0,76.65,3.305,2122.42,9712.28,70.61,1009.3,16.658
2009-10-01,2.737,22430.0,77.19,3.181,2057.48,9509.28,70.82,1000.7,16.44
2009-10-02,2.6815,21960.0,77.0,3.219,2048.11,9487.67,69.95,1004.3,16.23
2009-10-05,2.727,16430.0,76.64,3.219,2068.15,9599.75,70.41,1017.8,16.535
2009-10-06,2.7845,20980.0,76.33,3.259,2103.57,9731.25,70.88,1039.7,17.295
2009-10-07,2.7795,20890.0,76.49,3.186,2110.33,9725.58,69.57,1044.4,17.5
2009-10-08,2.8985,30440.0,75.97,3.248,2123.93,9786.87,71.69,1056.3,17.815
2009-10-09,2.838,17280.0,76.43,3.384,2139.28,9864.94,71.77,1048.6,17.69
2009-10-12,2.857,10750.0,76.13,3.386,2139.14,9885.8,73.27,1057.5,17.82
2009-10-13,2.7945,22220.0,75.98,3.352,2139.89,9871.06,74.15,1065.0,17.84
2009-10-14,2.8445,17850.0,75.55,3.423,2172.23,10015.86,75.18,1064.7,17.908
2009-10-15,2.859,20610.0,75.48,3.464,2173.29,10062.94,77.58,1050.6,17.415
2009-10-16,2.8455,16610.0,75.6,3.412,2156.8,9995.91,78.53,1051.5,17.42
2009-10-19,2.9665,28660.0,75.51,3.387,2176.32,10092.19,79.61,1058.1,17.625
2009-10-20,2.932,29500.0,75.56,3.341,2163.47,10041.48,79.09,1058.6,17.558
2009-10-21,3.036,32610.0,74.97,3.393,2150.73,9949.36,81.37,1064.5,17.825
2009-10-22,2.998,22900.0,75.09,3.421,2165.29,10081.31,81.19,1058.6,17.545
2009-10-23,3.0345,21420.0,75.47,3.494,2154.47,9972.18,80.5,1056.4,17.723
2009-10-26,3.011,24370.0,76.06,3.558,2141.85,9867.96,78.68,1042.8,17.095
2009-10-27,2.999,26350.0,76.14,3.452,2116.09,9882.17,79.55,1035.4,16.54
2009-10-28,2.9305,28460.0,76.42,3.415,2059.61,9762.69,77.46,1030.5,16.24
2009-10-29,3.034,360.0,75.92,3.495,2097.55,9962.58,79.87,1047.1,16.655
2009-10-30,2.9605,1270.0,76.3,3.388,2045.11,9712.73,77.0,1040.4,16.255
2009-11-02,2.9505,70.0,76.29,3.424,2049.2,9789.44,78.13,1054.0,16.44
2009-11-03,2.9625,580.0,76.39,3.469,2057.32,9771.91,79.6,1084.9,17.18
2009-11-04,2.9995,140.0,75.64,3.52,2055.52,9802.14,80.4,1087.3,17.405
2009-11-05,2.964,60.0,75.74,3.527,2105.32,10005.96,79.62,1089.3,17.41
2009-11-06,2.961,1460.0,75.82,3.501,2112.44,10023.42,77.43,1095.7,17.375
2009-11-09,2.976,260.0,75.03,3.484,2154.06,10226.94,79.43,1101.4,17.48
2009-11-10,2.97,870.0,75.02,3.478,2151.08,10246.97,79.05,1102.5,17.222
2009-11-11,2.975,170.0,75.16,3.444,2166.9,10291.26,79.28,1114.6,17.537
2009-11-12,2.957,320.0,75.6,3.444,2149.02,10197.47,76.94,1106.6,17.265
2009-11-13,2.983,90.0,75.33,3.423,2167.88,10270.47,76.35,1116.7,17.38
2009-11-16,3.114,860.0,74.91,3.349,2197.85,10406.96,78.9,1139.2,18.4
2009-11-17,3.1185,340.0,75.37,3.323,2203.78,10437.42,79.14,1139.4,18.387
2009-11-18,3.121,270.0,75.19,3.366,2193.14,10426.31,79.58,1141.2,18.415
2009-11-19,3.0915,100.0,75.29,3.342,2156.82,10332.44,77.46,1141.9,18.455
2009-11-20,3.119,500.0,75.66,3.369,2146.04,10318.16,76.72,1146.8,18.44
2009-11-23,3.1455,1770.0,75.08,3.353,2176.01,10450.95,77.56,1164.7,18.61
2009-11-24,3.1265,550.0,75.07,3.304,2169.18,10433.71,76.02,1165.8,18.455
2009-11-25,3.1795,660.0,74.27,3.268,2176.05,10464.4,77.96,1187.0,18.768
2009-11-30,3.168,130.0,74.78,3.198,2144.6,10344.84,77.28,1182.3,18.525
2009-12-01,3.222,130.0,74.36,3.284,2175.81,10471.58,78.37,1200.2,19.21
2009-12-02,3.2495,490.0,74.67,3.314,2185.03,10452.68,76.6,1213.0,19.325
2009-12-03,3.2365,20.0,74.63,3.379,2173.14,10366.15,76.46,1218.3,19.128
2009-12-04,3.2285,70.0,75.91,3.478,2194.35,10388.9,75.47,1169.5,18.52
2009-12-07,3.2005,150.0,75.77,3.429,2189.61,10390.11,73.93,1164.0,18.36
2009-12-08,3.156,140.0,76.31,3.384,2172.99,10285.97,72.62,1143.4,17.807
2009-12-09,3.114,190.0,76.04,3.433,2183.73,10337.05,70.67,1120.9,17.18
2009-12-10,3.0945,100.0,76.05,3.501,2190.86,10405.83,70.54,1126.2,17.188
2009-12-11,3.1245,230.0,76.57,3.554,2190.31,10471.5,69.87,1119.9,17.09
2009-12-14,3.1435,100.0,76.35,3.552,2212.1,10501.05,69.51,1123.8,17.34
2009-12-15,3.1335,80.0,76.96,3.594,2201.05,10452.0,70.69,1123.0,17.455
2009-12-16,3.198,50.0,77.0,3.598,2206.91,10441.12,72.66,1136.2,17.693
2009-12-17,3.121,100.0,77.69,3.482,2180.05,10308.26,72.65,1107.4,17.195
2009-12-18,3.1315,60.0,77.82,3.546,2211.69,10328.89,73.36,1111.5,17.32
2009-12-21,3.1515,100.0,78.04,3.68,2237.66,10414.14,72.47,1096.0,17.035
2009-12-22,3.131,30.0,78.25,3.758,2252.67,10464.93,74.4,1086.7,17.03
2009-12-23,3.1965,40.0,77.9,3.754,2269.64,10466.44,76.67,1094.0,17.19
2009-12-24,3.283,170.0,77.84,3.805,2285.69,10520.1,78.05,1104.8,17.44
2009-12-28,3.328,250.0,77.63,3.848,2291.08,10547.08,78.77,1107.9,17.56
2009-12-29,3.3055,230.0,77.83,3.803,2288.4,10545.41,78.87,1098.1,17.11
2009-12-30,3.345,12370.0,77.91,3.793,2291.28,10548.51,79.28,1092.5,16.802
2009-12-31,3.3465,9790.0,77.86,3.837,2269.15,10428.05,79.36,1096.2,16.845
2010-01-04,3.406,22610.0,77.53,3.823,2308.42,10583.96,81.51,1118.3,17.463
2010-01-05,3.4135,18110.0,77.62,3.763,2308.71,10572.02,81.77,1118.7,17.8
2010-01-06,3.4945,25930.0,77.49,3.829,2301.09,10573.68,83.18,1136.5,18.175
2010-01-07,3.427,24010.0,77.91,3.827,2300.05,10606.86,82.66,1133.7,18.345
2010-01-08,3.4005,26080.0,77.47,3.836,2317.17,10618.19,82.75,1138.9,18.47
2010-01-11,3.441,21420.0,77.0,3.824,2312.41,10663.99,82.52,1151.4,18.695
2010-01-12,3.3495,33040.0,76.95,3.717,2282.31,10627.26,80.79,1129.4,18.255
2010-01-13,3.4,30960.0,76.85,3.793,2307.9,10680.77,79.65,1136.8,18.55
2010-01-14,3.3875,26180.0,76.73,3.742,2316.74,10710.55,79.39,1143.0,18.655
2010-01-15,3.366,19850.0,77.32,3.676,2287.99,10609.65,78.0,1130.5,18.427
2010-01-20,3.355,27970.0,78.34,3.653,2291.25,10603.15,77.62,1112.6,17.88
2010-01-21,3.295,37500.0,78.32,3.595,2265.7,10389.88,76.08,1103.2,17.51
2010-01-22,3.347,39550.0,78.28,3.601,2205.29,10172.98,74.54,1089.7,16.932
2010-01-25,3.393,25190.0,78.19,3.63,2210.8,10196.86,75.26,1095.7,17.145
2010-01-26,3.3395,27220.0,78.43,3.621,2203.73,10194.29,74.71,1098.3,16.86
2010-01-27,3.2225,41570.0,78.67,3.65,2221.41,10236.16,73.67,1084.5,16.44
2010-01-28,3.106,130.0,78.9,3.642,2179.0,10120.46,73.64,1084.8,16.212
2010-01-29,3.0595,80.0,79.46,3.588,2147.35,10067.33,72.89,1083.8,16.19
2010-02-01,3.091,80.0,79.24,3.656,2171.2,10185.53,74.43,1105.0,16.66
2010-02-02,3.0965,100.0,79.01,3.64,2190.06,10296.85,77.23,1118.0,16.743
2010-02-03,2.9805,190.0,79.37,3.707,2190.91,10270.55,76.98,1112.0,16.317
2010-02-04,2.8865,130.0,79.92,3.61,2125.43,10002.18,73.14,1063.0,15.35
2010-02-05,2.866,150.0,80.44,3.571,2141.12,10012.23,71.19,1052.8,14.83
2010-02-08,2.922,130.0,80.3,3.562,2126.05,9908.39,71.89,1066.2,15.085
2010-02-09,2.9965,100.0,79.86,3.647,2150.87,10058.64,73.75,1077.2,15.435
2010-02-10,2.999,290.0,80.03,3.69,2147.87,10038.38,74.52,1076.3,15.3
2010-02-11,3.143,110.0,79.99,3.721,2177.41,10144.19,75.28,1094.7,15.59
2010-02-12,3.0925,440.0,80.32,3.695,2183.53,10099.14,74.13,1090.0,15.447
2010-02-17,3.2495,270.0,80.38,3.735,2226.29,10309.24,77.33,1120.1,16.098
2010-02-18,3.2965,420.0,80.4,3.807,2241.71,10392.9,79.06,1118.7,16.06
2010-02-19,3.3695,890.0,80.64,3.776,2243.87,10402.35,79.81,1122.1,16.413
2010-02-22,3.3195,400.0,80.51,3.797,2242.03,10383.38,80.16,1113.1,16.222
2010-02-23,3.226,610.0,80.85,3.689,2213.44,10282.41,78.86,1103.2,15.888
2010-02-24,3.246,290.0,80.85,3.695,2235.9,10374.16,80.0,1097.2,15.94
2010-02-25,3.21,35260.0,80.79,3.632,2234.22,10321.03,78.17,1108.5,16.132
2010-02-26,3.284,32369.999999999996,80.36,3.619,2238.26,10325.26,79.66,1118.9,16.521
2010-03-01,3.35,46160.0,80.66,3.608,2273.57,10403.79,78.7,1118.3,16.469
2010-03-02,3.4115,31180.0,80.52,3.608,2280.79,10405.98,79.68,1137.4,17.064
2010-03-03,3.435,40080.0,79.98,3.621,2280.68,10396.76,80.87,1143.3,17.329
2010-03-04,3.3755,34230.0,80.56,3.606,2292.31,10444.14,80.21,1133.1,17.176
2010-03-05,3.4175,29960.0,80.43,3.682,2326.35,10566.2,81.5,1135.2,17.382
2010-03-08,3.4105,26180.0,80.43,3.721,2332.21,10552.52,81.87,1124.0,17.272
2010-03-09,3.4115,25370.0,80.59,3.7,2340.68,10564.38,81.49,1122.3,17.338
2010-03-10,3.368,34930.0,80.44,3.721,2358.95,10567.33,82.09,1108.1,17.018
2010-03-11,3.377,31160.0,80.32,3.729,2368.46,10611.84,82.11,1108.2,17.16
2010-03-12,3.38,23200.0,79.83,3.703,2367.66,10624.69,81.24,1101.7,17.048
2010-03-15,3.315,25630.0,80.25,3.697,2362.21,10642.15,79.8,1105.4,17.108
2010-03-16,3.365,25250.0,79.75,3.653,2378.01,10685.98,81.7,1122.5,17.354
2010-03-17,3.418,22360.0,79.64,3.642,2389.09,10733.67,82.93,1124.2,17.523
2010-03-18,3.3955,19930.0,80.22,3.682,2391.28,10779.17,82.2,1127.5,17.422
2010-03-19,3.3725,24590.0,80.72,3.693,2374.41,10741.98,80.68,1107.6,17.032
2010-03-22,3.3805,30280.0,80.65,3.661,2395.4,10785.89,81.25,1099.5,16.935
2010-03-23,3.379,22110.0,80.9,3.687,2415.24,10888.83,81.91,1103.7,17.027
2010-03-24,3.3455,24150.0,81.84,3.854,2398.76,10836.15,80.61,1088.8,16.641
2010-03-25,3.3805,25100.0,82.12,3.881,2397.41,10841.21,80.53,1092.9,16.741
2010-03-26,3.403,29710.0,81.68,3.851,2395.13,10850.36,80.0,1104.3,16.906
2010-03-29,3.5355,34570.0,81.36,3.866,2404.36,10895.85,82.17,1110.3,17.387
2010-03-30,3.572,120.0,81.47,3.858,2410.69,10907.42,82.37,1105.7,17.33
2010-03-31,3.563,160.0,81.07,3.833,2397.96,10856.63,83.76,1114.5,17.526
2010-04-01,3.5935,100.0,80.78,3.87,2402.58,10927.07,84.87,1126.1,17.89
2010-04-05,3.642,100.0,81.09,3.99,2429.53,10973.55,86.62,1133.8,18.118
2010-04-06,3.6275,140.0,81.39,3.956,2436.81,10969.99,86.84,1136.0,17.931
2010-04-07,3.608,80.0,81.44,3.863,2431.16,10897.52,85.88,1153.0,18.199
2010-04-08,3.5975,140.0,81.53,3.89,2436.81,10927.07,85.39,1152.9,18.127
2010-04-09,3.6005,100.0,81.09,3.881,2454.05,10997.35,84.92,1161.9,18.351
2010-04-12,3.5755,200.0,80.56,3.838,2457.87,11005.97,84.34,1162.2,18.414
2010-04-13,3.611,60.0,80.51,3.82,2465.99,11019.42,84.05,1153.4,18.249
2010-04-14,3.6205,400.0,80.19,3.865,2504.86,11123.11,85.84,1159.6,18.415
2010-04-15,3.6115,610.0,80.48,3.836,2515.69,11144.57,85.51,1160.3,18.433
2010-04-16,3.5255,450.0,80.82,3.77,2481.26,11018.66,83.24,1136.9,17.675
2010-04-19,3.508,470.0,81.0,3.803,2480.11,11092.05,81.45,1135.8,17.731
2010-04-20,3.525,630.0,81.05,3.797,2500.31,11117.06,83.45,1139.2,17.821
2010-04-21,3.547,730.0,81.16,3.738,2504.61,11124.92,83.68,1148.8,18.078
2010-04-22,3.497,1270.0,81.57,3.77,2519.07,11134.29,83.7,1142.9,18.009
2010-04-23,3.5215,630.0,81.35,3.817,2530.15,11204.28,85.12,1153.7,18.192
2010-04-26,3.5385,750.0,81.48,3.809,2522.95,11205.03,84.2,1154.0,18.337
2010-04-27,3.3735,780.0,82.15,3.693,2471.47,10991.99,82.44,1162.2,18.119
2010-04-28,3.3775,840.0,82.38,3.767,2471.73,11045.27,83.22,1171.8,18.107
2010-04-29,3.3505,30050.0,82.0,3.73,2511.92,11167.32,85.17,1168.8,18.579
2010-04-30,3.3535,31880.0,81.87,3.659,2461.19,11008.61,86.15,1180.7,18.639
2010-05-03,3.2935,24520.0,82.27,3.692,2498.74,11151.83,86.19,1183.3,18.84
2010-05-04,3.1785,44390.0,83.3,3.598,2424.25,10926.77,82.74,1169.2,17.842
2010-05-05,3.1515,61580.0,84.08,3.546,2402.29,10868.12,79.97,1175.0,17.534
2010-05-06,3.117,58530.0,84.89,3.405,2319.64,10520.32,77.11,1197.3,17.515
2010-05-07,3.1445,47860.0,84.45,3.42,2265.64,10380.43,75.11,1210.4,18.451
2010-05-10,3.228,32689.999999999996,84.16,3.544,2374.67,10785.14,76.8,1200.8,18.552
2010-05-11,3.2065,30460.0,84.47,3.527,2375.31,10748.26,76.37,1220.3,19.294
2010-05-12,3.188,31240.0,84.83,3.571,2425.02,10896.91,75.65,1243.1,19.663
2010-05-13,3.2315,28670.0,85.21,3.537,2394.36,10782.95,74.4,1229.2,19.499
2010-05-14,3.134,34650.0,86.09,3.455,2346.85,10620.16,71.61,1227.8,19.225
2010-05-17,2.932,46200.0,86.2,3.491,2354.23,10625.83,70.08,1228.1,18.859
2010-05-18,3.031,38260.0,87.16,3.353,2317.26,10510.95,69.41,1214.6,18.879
2010-05-19,2.9595,41260.0,86.39,3.37,2298.37,10444.37,69.87,1193.1,18.115
2010-05-20,2.9445,49110.0,85.56,3.216,2204.01,10068.01,68.01,1188.6,17.715
2010-05-21,3.061,47970.0,85.37,3.236,2229.04,10193.39,70.04,1176.1,17.651
2010-05-24,3.1475,31290.0,86.21,3.198,2213.55,10066.57,70.21,1194.0,18.0
2010-05-25,3.042,37340.0,86.78,3.16,2210.95,10043.75,68.75,1198.0,17.781
2010-05-26,3.0805,25890.0,87.12,3.192,2195.88,9974.45,71.51,1213.4,18.306
2010-05-27,3.169,40.0,86.19,3.357,2277.68,10258.99,74.55,1214.4,18.468
2010-05-28,3.115,70.0,86.48,3.303,2257.04,10136.63,73.97,1215.0,18.422
2010-06-02,3.0505,90.0,86.79,3.347,2281.07,10249.54,72.86,1222.6,18.315
2010-06-03,2.9565,180.0,87.14,3.369,2303.03,10255.28,74.61,1210.0,17.931
2010-06-04,2.8295,380.0,88.23,3.208,2219.17,9931.97,71.51,1217.7,17.299
2010-06-07,2.7765,160.0,88.41,3.146,2173.9,9816.49,71.44,1240.8,18.162
2010-06-08,2.79,90.0,88.39,3.189,2170.57,9939.98,71.99,1245.6,18.477
2010-06-09,2.86,250.0,87.9,3.178,2158.85,9899.25,74.38,1229.9,18.189
2010-06-10,2.8725,150.0,87.17,3.325,2218.71,10172.53,75.48,1222.2,18.351
2010-06-11,2.9145,710.0,87.51,3.233,2243.6,10211.07,73.78,1230.2,18.231
2010-06-14,3.003,870.0,86.51,3.262,2243.96,10190.89,75.12,1224.5,18.411
2010-06-15,3.015,410.0,85.98,3.306,2305.88,10404.77,76.94,1234.4,18.578
2010-06-16,3.0055,420.0,86.08,3.264,2305.93,10409.46,77.67,1230.5,18.441
2010-06-17,2.9155,520.0,85.69,3.194,2307.16,10434.17,76.79,1248.7,18.776
2010-06-18,2.893,530.0,85.7,3.225,2309.8,10450.64,77.18,1258.3,19.184
2010-06-21,2.9515,250.0,85.93,3.243,2289.09,10442.41,77.82,1240.7,18.808
2010-06-22,3.002,710.0,86.11,3.165,2261.8,10293.52,77.21,1240.8,18.902
2010-06-23,2.9465,1530.0,85.74,3.124,2254.23,10298.44,76.35,1234.8,18.459
2010-06-24,3.016,170.0,85.73,3.143,2217.42,10152.8,76.51,1245.9,18.736
2010-06-25,3.1035,630.0,85.31,3.11,2223.48,10143.81,78.86,1256.2,19.11
2010-06-28,3.0805,520.0,85.65,3.023,2220.65,10138.52,78.25,1238.6,18.678
2010-06-29,2.9305,36810.0,86.03,2.953,2135.18,9870.3,75.94,1242.4,18.635
2010-06-30,2.9505,35860.0,86.02,2.935,2109.24,9774.02,75.63,1245.9,18.708
2010-07-01,2.877,36670.0,84.72,2.954,2101.36,9732.53,72.95,1206.7,17.79
2010-07-02,2.916,23930.0,84.43,2.984,2091.79,9686.48,72.14,1207.7,17.719
2010-07-07,3.015,21800.0,83.82,2.986,2159.47,10018.28,74.07,1198.9,18.0
2010-07-08,3.0155,22760.0,83.82,3.034,2175.4,10138.99,75.44,1196.1,17.872
2010-07-09,3.0535,18420.0,83.95,3.056,2196.45,10198.03,76.09,1209.8,18.073
2010-07-12,3.009,21320.0,84.2,3.066,2198.36,10216.27,74.95,1198.7,17.917
2010-07-13,3.0175,21100.0,83.64,3.124,2242.03,10363.02,77.15,1213.5,18.257
2010-07-14,3.0085,29760.0,83.43,3.05,2249.84,10366.72,77.04,1207.0,18.29
2010-07-15,3.012,27360.0,82.56,2.997,2249.08,10359.31,76.62,1208.3,18.362
2010-07-16,2.9295,33940.0,82.49,2.925,2179.05,10097.9,76.01,1188.2,17.788
2010-07-19,2.938,23530.0,82.51,2.961,2198.23,10154.43,76.54,1181.9,17.543
2010-07-20,3.0015,34900.0,82.75,2.954,2222.49,10229.96,77.44,1191.7,17.693
2010-07-21,3.093,41510.0,83.39,2.882,2187.33,10120.53,76.56,1191.8,17.803
2010-07-22,3.1645,42160.0,82.59,2.932,2245.89,10322.3,79.3,1195.6,18.12
2010-07-23,3.185,28500.0,82.46,3.0,2269.47,10424.62,78.98,1187.8,18.101
2010-07-26,3.223,29010.0,82.09,2.996,2296.43,10525.43,78.98,1183.1,18.2
2010-07-27,3.2065,33800.0,82.19,3.049,2288.25,10537.69,77.5,1158.0,17.626
2010-07-28,3.2455,31310.0,82.18,2.99,2264.56,10497.88,76.99,1160.4,17.441
2010-07-29,3.299,670.0,81.64,2.988,2251.69,10467.16,78.36,1171.2,17.617
2010-07-30,3.32,160.0,81.54,2.905,2254.7,10465.94,78.95,1183.9,18.003
2010-08-02,3.398,1060.0,80.94,2.963,2295.36,10674.38,81.34,1185.4,18.419
2010-08-03,3.3665,390.0,80.6,2.909,2283.52,10636.38,82.55,1187.5,18.422
2010-08-04,3.4125,80.0,80.89,2.953,2303.57,10680.43,82.47,1195.9,18.278
2010-08-05,3.3615,110.0,80.83,2.906,2293.06,10674.98,82.01,1199.3,18.321
2010-08-06,3.3515,670.0,80.41,2.822,2288.47,10653.56,80.7,1205.3,18.472
2010-08-09,3.3625,70.0,80.71,2.829,2305.69,10698.75,81.48,1202.6,18.242
2010-08-10,3.3215,190.0,80.8,2.768,2277.17,10644.25,80.25,1198.0,18.158
2010-08-11,3.263,160.0,82.29,2.687,2208.63,10378.83,78.02,1199.2,17.902
2010-08-12,3.293,110.0,82.64,2.753,2190.27,10319.95,75.74,1216.7,18.065
2010-08-13,3.2605,200.0,82.95,2.679,2173.48,10303.15,75.39,1216.6,18.109
2010-08-16,3.288,80.0,82.53,2.573,2181.87,10302.01,75.24,1226.2,18.427
2010-08-17,3.3465,160.0,82.23,2.641,2209.44,10405.85,75.77,1228.3,18.595
2010-08-18,3.358,60.0,82.22,2.638,2215.7,10415.54,75.42,1231.4,18.399
2010-08-19,3.3275,140.0,82.45,2.575,2178.95,10271.21,74.43,1235.4,18.327
2010-08-20,3.2995,280.0,83.06,2.614,2179.76,10213.62,73.46,1228.8,17.991
2010-08-23,3.3005,130.0,83.12,2.602,2159.63,10174.41,73.1,1228.5,17.992
2010-08-24,3.251,790.0,83.15,2.488,2123.76,10040.45,71.63,1233.4,18.378
2010-08-25,3.2205,340.0,83.26,2.539,2141.54,10060.06,72.52,1241.3,19.026
2010-08-26,3.3145,960.0,82.93,2.481,2118.69,9985.81,73.36,1237.7,18.982
2010-08-27,3.374,1450.0,82.92,2.647,2153.63,10150.65,75.17,1237.9,19.074
2010-08-30,3.4255,210.0,83.16,2.53,2119.97,10009.73,74.7,1239.2,19.074
2010-08-31,3.3685,50.0,83.2,2.47,2114.03,10014.72,71.92,1250.3,19.432
2010-09-01,3.4755,180.0,82.52,2.58,2176.84,10269.47,73.91,1248.1,19.393
2010-09-02,3.4935,40.0,82.46,2.625,2200.01,10320.1,75.02,1253.4,19.672
2010-09-03,3.4985,40.0,82.1,2.702,2233.75,10447.93,74.6,1251.1,19.949
2010-09-08,3.497,430.0,82.58,2.654,2228.87,10387.01,74.67,1257.5,20.009
2010-09-09,3.4405,210.0,82.67,2.762,2236.2,10415.24,74.25,1250.9,19.855
2010-09-10,3.4035,100.0,82.7,2.795,2242.48,10462.77,76.45,1246.5,19.845
2010-09-13,3.4775,40.0,81.91,2.746,2285.71,10544.13,77.19,1247.1,20.151
2010-09-14,3.4665,70.0,81.08,2.683,2289.77,10526.49,76.8,1271.7,20.432
2010-09-15,3.465,30.0,81.49,2.723,2301.32,10572.73,76.02,1268.7,20.571
2010-09-16,3.4925,350.0,81.24,2.764,2303.25,10594.83,74.57,1273.8,20.771
2010-09-17,3.522,100.0,81.4,2.739,2315.61,10607.85,73.66,1277.5,20.816
2010-09-20,3.5035,20.0,81.33,2.704,2355.83,10753.62,74.86,1280.8,20.803
2010-09-21,3.4805,140.0,80.44,2.576,2349.35,10761.03,73.52,1274.3,20.64
2010-09-22,3.563,120.0,79.83,2.555,2334.55,10739.31,74.71,1292.1,21.055
2010-09-23,3.589,150.0,80.01,2.553,2327.08,10662.42,75.18,1296.3,21.213
2010-09-24,3.617,490.0,79.39,2.61,2381.22,10860.26,76.49,1298.1,21.399
2010-09-27,3.5965,320.0,79.34,2.531,2369.77,10812.04,76.52,1298.6,21.471
2010-09-28,3.636,310.0,79.01,2.467,2379.59,10858.14,76.18,1308.3,21.707
2010-09-29,3.6615,26060.0,78.69,2.505,2376.56,10835.28,77.86,1310.3,21.952
2010-09-30,3.6515,28930.0,78.72,2.512,2368.62,10788.05,79.97,1309.6,21.821
2010-10-01,3.6905,24900.0,78.09,2.513,2370.75,10829.68,81.58,1317.8,22.06
2010-10-04,3.664,20100.0,78.45,2.479,2344.52,10751.27,81.47,1316.8,22.036
2010-10-05,3.7265,29030.0,77.75,2.474,2399.83,10944.72,82.82,1340.3,22.737
2010-10-06,3.753,24960.0,77.39,2.401,2380.66,10967.65,83.23,1347.7,23.043
2010-10-07,3.6795,41650.0,77.39,2.385,2383.67,10948.58,81.67,1335.0,22.584
2010-10-08,3.7745,41900.0,77.33,2.396,2401.91,11006.48,82.66,1345.3,23.105
2010-10-11,3.7895,24600.0,77.44,2.389,2402.33,11010.34,82.21,1354.4,23.349
2010-10-12,3.7895,33030.0,77.36,2.433,2417.92,11020.4,81.67,1346.7,23.147
2010-10-13,3.8205,27540.0,77.07,2.429,2441.23,11096.08,83.01,1370.5,23.932
2010-10-14,3.8155,32520.000000000004,76.65,2.509,2435.38,11094.57,82.69,1377.6,24.435
2010-10-15,3.839,41300.0,77.04,2.567,2468.77,11062.78,81.25,1372.0,24.288
2010-10-18,3.855,30280.0,76.93,2.515,2480.66,11143.69,83.08,1372.1,24.413
2010-10-19,3.7575,51800.0,78.18,2.481,2436.95,10978.62,79.49,1336.0,23.78
2010-10-20,3.7935,33690.0,77.17,2.481,2457.39,11107.97,81.77,1344.2,23.864
2010-10-21,3.7815,43500.0,77.42,2.542,2459.67,11146.57,80.56,1325.6,23.139
2010-10-22,3.797,31830.0,77.47,2.561,2479.39,11132.56,81.69,1325.1,23.118
2010-10-25,3.863,31800.0,77.1,2.565,2490.85,11164.05,82.52,1338.9,23.544
2010-10-26,3.869,29640.0,77.71,2.645,2497.29,11169.46,82.55,1338.6,23.83
2010-10-27,3.7755,39980.0,78.15,2.722,2503.26,11126.28,81.94,1322.6,23.404
2010-10-28,3.7925,10.0,77.31,2.659,2507.37,11113.95,82.18,1342.5,23.875
2010-10-29,3.739,70.0,77.27,2.603,2507.41,11118.49,81.43,1357.6,24.564
2010-11-01,3.7905,90.0,77.3,2.625,2504.84,11124.62,82.95,1350.6,24.552
2010-11-02,3.844,10.0,76.72,2.587,2533.52,11188.72,83.9,1356.9,24.836
2010-11-03,3.7905,120.0,76.48,2.579,2540.27,11215.13,84.69,1337.6,24.436
2010-11-04,3.917,110.0,75.88,2.493,2577.34,11434.84,86.49,1383.1,26.043
2010-11-05,3.9535,190.0,76.55,2.539,2578.98,11444.08,86.85,1397.7,26.748
2010-11-08,3.961,130.0,77.03,2.558,2580.05,11406.84,87.06,1403.2,27.432
2010-11-09,4.047,250.0,77.44,2.663,2562.98,11346.75,86.72,1410.1,28.906
2010-11-10,3.973,100.0,77.63,2.639,2578.78,11357.04,87.81,1399.3,26.865
2010-11-11,4.0245,320.0,78.22,2.656,2555.52,11283.1,87.81,1403.3,27.405
2010-11-12,3.895,170.0,78.08,2.789,2518.21,11192.58,84.88,1365.5,25.942
2010-11-15,3.9235,250.0,78.52,2.967,2513.82,11201.97,84.86,1368.5,26.092
2010-11-16,3.727,1000.0,79.21,2.845,2469.84,11023.5,82.34,1338.4,25.233
2010-11-17,3.7295,380.0,79.08,2.882,2476.01,11007.88,80.44,1336.9,25.511
2010-11-18,3.8335,260.0,78.62,2.901,2514.4,11181.23,81.85,1353.0,26.834
2010-11-19,3.837,200.0,78.5,2.873,2518.12,11203.55,81.51,1352.3,27.179
2010-11-22,3.7555,450.0,78.68,2.806,2532.02,11178.58,81.74,1357.8,27.461
2010-11-23,3.7045,360.0,79.68,2.782,2494.95,11036.37,81.25,1377.6,27.572
2010-11-24,3.7595,340.0,79.87,2.912,2543.12,11187.28,83.86,1373.0,27.528
2010-11-29,3.7655,70.0,80.83,2.826,2525.22,11052.49,85.73,1367.5,27.193
2010-11-30,3.8255,180.0,81.19,2.797,2498.23,11006.02,84.11,1386.1,28.212
2010-12-01,3.9475,90.0,80.71,2.966,2549.43,11255.78,86.75,1388.3,28.413
2010-12-02,3.979,100.0,80.3,2.996,2579.35,11362.41,88.0,1389.3,28.572
2010-12-03,3.999,40.0,79.38,3.007,2591.46,11382.09,89.19,1406.2,29.271
2010-12-06,4.008,210.0,79.57,2.929,2594.92,11362.19,89.38,1416.1,29.735
2010-12-07,4.0495,120.0,79.86,3.135,2598.49,11359.16,88.69,1409.0,29.777
2010-12-08,4.0995,180.0,80.0,3.272,2609.16,11372.48,88.28,1383.2,28.252
2010-12-09,4.086,10.0,80.07,3.213,2616.67,11370.06,88.37,1392.8,28.817
2010-12-10,4.1105,40.0,80.07,3.323,2637.54,11410.32,87.79,1384.9,28.605
2010-12-13,4.2045,120.0,79.28,3.277,2624.91,11428.56,88.61,1398.0,29.624
2010-12-14,4.206,20.0,79.37,3.473,2627.72,11476.54,88.28,1404.3,29.788
2010-12-15,4.1305,60.0,80.26,3.538,2617.22,11457.47,88.62,1386.2,29.253
2010-12-16,4.1155,200.0,80.18,3.434,2637.31,11499.25,87.7,1371.0,28.782
2010-12-17,4.1575,50.0,80.37,3.332,2642.97,11491.91,88.02,1379.2,29.133
2010-12-20,4.2045,250.0,80.63,3.34,2649.56,11478.13,88.81,1386.1,29.355
2010-12-21,4.2745,140.0,80.72,3.303,2667.61,11533.16,89.82,1388.8,29.394
2010-12-22,4.273,170.0,80.73,3.348,2671.48,11559.49,90.48,1387.4,29.385
2010-12-23,4.2565,120.0,80.5,3.397,2665.6,11573.49,91.51,1380.5,29.328
2010-12-27,4.278,70.0,80.37,3.327,2667.27,11555.03,91.0,1382.9,29.255
2010-12-28,4.326,110.0,80.36,3.482,2662.88,11575.54,91.49,1405.6,30.323
2010-12-29,4.31,110.0,79.8,3.355,2666.93,11585.38,91.12,1413.5,30.704
2010-12-30,4.3625,16850.0,79.52,3.367,2662.98,11569.71,89.84,1405.9,30.513
2010-12-31,4.447,12120.0,79.03,3.288,2652.87,11577.51,91.38,1421.4,30.937
2011-01-03,4.4575,18390.0,79.13,3.334,2691.52,11670.75,91.55,1422.9,31.125
2011-01-04,4.369,39100.0,79.44,3.338,2681.25,11691.18,89.38,1378.8,29.508
2011-01-05,4.408,39090.0,80.26,3.463,2702.2,11722.89,90.3,1373.7,29.198
2011-01-06,4.3295,33810.0,80.79,3.399,2709.89,11697.31,88.38,1371.7,29.126
2011-01-07,4.2825,41740.0,81.01,3.328,2703.17,11674.76,88.03,1368.9,28.671
2011-01-10,4.2645,26980.0,80.88,3.287,2707.8,11637.45,89.25,1374.1,28.861
2011-01-11,4.349,32009.999999999996,80.85,3.34,2716.83,11671.88,91.11,1384.3,29.499
2011-01-12,4.4115,29200.0,80.03,3.367,2737.33,11755.44,91.86,1385.8,29.545
2011-01-13,4.377,32090.000000000004,79.19,3.299,2735.29,11731.9,91.4,1387.0,29.263
2011-01-14,4.412,32950.0,79.16,3.331,2755.3,11787.38,91.54,1360.5,28.32
2011-01-19,4.37,42920.0,78.64,3.337,2725.36,11825.29,90.86,1370.2,28.801
2011-01-20,4.272,49520.0,78.82,3.451,2704.29,11822.8,88.86,1346.5,27.473
2011-01-21,4.309,33830.0,78.21,3.408,2689.54,11871.84,89.11,1341.0,27.427
2011-01-24,4.3485,25820.0,78.05,3.406,2717.55,11980.52,87.87,1344.5,27.321
2011-01-25,4.226,41860.0,78.0,3.33,2719.25,11977.19,86.19,1332.3,26.805
2011-01-26,4.267,25500.0,77.9,3.421,2739.5,11985.44,87.33,1333.0,27.128
2011-01-27,4.3385,38270.0,77.73,3.389,2755.28,11989.83,85.64,1318.4,27.031
2011-01-28,4.378,30.0,78.13,3.329,2686.89,11823.7,89.34,1341.7,27.919
2011-01-31,4.4635,70.0,77.73,3.374,2700.08,11891.93,92.19,1334.5,28.169
2011-02-01,4.551,60.0,77.07,3.435,2751.19,12040.16,90.77,1340.3,28.514
2011-02-02,4.549,30.0,77.16,3.479,2749.56,12041.97,90.86,1332.1,28.289
2011-02-03,4.55,20.0,77.75,3.547,2753.88,12062.26,90.54,1353.0,28.728
2011-02-04,4.585,30.0,78.04,3.638,2769.3,12092.15,89.03,1349.0,29.059
2011-02-07,4.581,20.0,78.03,3.64,2783.99,12161.63,87.48,1348.2,29.343
2011-02-08,4.58,10.0,78.0,3.737,2797.05,12233.15,86.94,1364.1,30.271
2011-02-09,4.53,140.0,77.64,3.652,2789.07,12239.89,86.71,1365.5,30.276
2011-02-10,4.549,220.0,78.25,3.702,2790.45,12229.29,86.73,1362.5,30.094
2011-02-11,4.5415,150.0,78.46,3.638,2809.44,12273.26,85.58,1360.4,29.995
2011-02-14,4.6325,700.0,78.61,3.625,2817.18,12268.19,84.81,1365.1,30.534
2011-02-15,4.541,200.0,78.57,3.604,2804.35,12226.64,84.32,1374.1,30.696
2011-02-16,4.476,290.0,78.22,3.623,2825.56,12288.17,84.99,1375.1,30.629
2011-02-17,4.491,570.0,78.0,3.576,2831.58,12318.14,86.36,1385.1,31.57
2011-02-18,4.489,250.0,77.66,3.582,2833.95,12391.25,86.2,1388.6,32.296
2011-02-23,4.284,350.0,77.41,3.483,2722.99,12105.78,98.1,1414.0,33.298
2011-02-24,4.3355,900.0,77.06,3.45,2737.9,12068.5,97.28,1415.8,33.166
2011-02-25,4.455,35820.0,77.28,3.416,2781.05,12130.45,97.88,1409.3,32.923
2011-02-28,4.4965,25750.0,76.89,3.422,2782.27,12226.34,96.97,1409.9,33.82
2011-03-01,4.5095,32520.000000000004,77.05,3.403,2737.41,12058.02,99.63,1431.2,34.427
2011-03-02,4.498,25070.0,76.67,3.471,2748.07,12066.8,102.23,1437.7,34.835
2011-03-03,4.49,29120.0,76.48,3.559,2798.74,12258.2,101.91,1416.4,34.327
2011-03-04,4.4855,30790.0,76.4,3.492,2784.67,12169.88,104.42,1428.6,35.327
2011-03-07,4.327,40830.0,76.5,3.516,2745.63,12090.03,105.44,1434.5,35.865
2011-03-08,4.3385,36300.0,76.8,3.551,2765.77,12214.38,105.02,1427.2,35.658
2011-03-09,4.2125,54670.0,76.72,3.469,2751.72,12213.09,104.38,1429.6,36.047
2011-03-10,4.1975,40450.0,77.28,3.362,2701.02,11984.61,102.7,1412.5,35.066
2011-03-11,4.2075,43780.0,76.78,3.402,2715.61,12044.4,101.16,1421.8,35.935
2011-03-14,4.1865,34800.0,76.35,3.365,2700.97,11993.16,101.19,1424.9,35.84
2011-03-15,4.137,57240.0,76.33,3.307,2667.33,11855.42,97.18,1392.8,34.117
2011-03-16,4.1975,47440.0,76.68,3.192,2616.82,11613.3,97.98,1396.1,34.472
2011-03-17,4.344,43220.0,76.04,3.257,2636.05,11774.59,101.42,1404.2,34.258
2011-03-18,4.339,28700.0,75.72,3.268,2643.67,11858.52,101.07,1416.1,35.058
2011-03-21,4.286,28040.0,75.4,3.332,2692.09,12036.53,102.33,1426.4,36.001
2011-03-22,4.313,20970.0,75.41,3.328,2683.87,12018.63,104.0,1427.6,36.269
2011-03-23,4.4285,34670.0,75.79,3.354,2698.3,12086.02,105.75,1438.0,37.198
2011-03-24,4.4245,28690.0,75.66,3.407,2736.42,12170.56,105.6,1434.9,37.375
2011-03-25,4.419,25980.0,76.22,3.442,2743.06,12220.59,105.4,1426.2,37.049
2011-03-28,4.35,25820.0,76.13,3.441,2730.68,12197.88,103.98,1419.9,37.088
2011-03-29,4.3465,28870.0,76.25,3.491,2756.89,12279.01,104.79,1416.2,36.987
2011-03-30,4.2835,450.0,76.12,3.444,2776.79,12350.61,104.27,1424.9,37.511
2011-03-31,4.317,260.0,75.86,3.47,2781.07,12319.73,106.72,1439.9,37.888
2011-04-01,4.2675,170.0,75.83,3.45,2789.6,12376.72,107.94,1428.9,37.732
2011-04-04,4.2645,260.0,75.91,3.425,2789.19,12400.03,108.47,1433.0,38.494
2011-04-05,4.274,220.0,75.88,3.487,2791.19,12393.9,108.34,1452.5,39.183
2011-04-06,4.379,230.0,75.51,3.549,2799.82,12426.75,108.83,1458.5,39.387
2011-04-07,4.4255,220.0,75.58,3.549,2796.14,12409.49,110.3,1459.3,39.552
2011-04-08,4.511,690.0,75.07,3.583,2780.41,12380.05,112.79,1474.1,40.608
2011-04-11,4.4695,630.0,75.06,3.587,2771.51,12381.11,109.92,1468.1,40.612
2011-04-12,4.394,1190.0,74.85,3.492,2744.79,12263.58,106.25,1453.6,40.066
2011-04-13,4.3055,440.0,74.98,3.458,2761.52,12270.99,107.11,1455.6,40.237
2011-04-14,4.2945,240.0,74.69,3.496,2760.22,12285.15,108.11,1472.4,41.664
2011-04-15,4.2685,470.0,74.83,3.413,2764.65,12341.83,109.66,1486.0,42.571
2011-04-18,4.2085,1190.0,75.5,3.38,2735.38,12201.59,107.12,1492.9,42.956
2011-04-19,4.24,2210.0,75.03,3.365,2744.97,12266.75,108.15,1495.1,43.913
2011-04-20,4.35,1040.0,74.37,3.408,2802.51,12453.54,111.45,1498.9,44.461
2011-04-21,4.41,410.0,74.0,3.394,2820.16,12505.99,112.29,1503.8,46.059
2011-04-25,4.314,520.0,73.99,3.366,2825.88,12479.88,112.28,1509.1,47.149
2011-04-26,4.33,1320.0,73.84,3.309,2847.54,12595.37,112.21,1503.5,45.05
2011-04-27,4.2375,1280.0,73.52,3.357,2869.88,12690.96,112.76,1517.1,45.958
2011-04-28,4.2615,35980.0,73.12,3.316,2872.53,12763.31,112.86,1531.2,47.541
2011-04-29,4.179,24290.0,72.93,3.29,2873.54,12810.54,113.93,1556.4,48.599
2011-05-02,4.196,25090.0,72.95,3.281,2864.08,12807.36,113.52,1557.1,46.084
2011-05-03,4.253,36910.0,73.14,3.251,2841.62,12807.51,111.05,1540.4,42.585
2011-05-04,4.134,35610.0,73.03,3.221,2828.23,12723.58,109.24,1515.3,39.388
2011-05-05,3.998,50800.0,74.19,3.152,2814.72,12584.17,99.8,1481.4,36.24
2011-05-06,3.9755,51080.0,74.84,3.15,2827.56,12638.74,97.18,1491.6,35.287
2011-05-09,4.0165,31870.0,74.74,3.157,2843.25,12684.68,102.55,1503.2,37.116
2011-05-10,4.042,27820.0,74.61,3.213,2871.89,12760.36,103.88,1516.9,38.486
2011-05-11,3.9135,41760.0,75.33,3.156,2845.06,12630.03,98.21,1501.4,35.515
2011-05-12,3.9705,47790.0,75.24,3.226,2863.04,12695.92,98.97,1506.8,34.797
2011-05-13,3.9835,42050.0,75.76,3.169,2828.47,12595.75,99.65,1493.6,35.013
2011-05-16,3.9905,29550.0,75.47,3.147,2782.31,12548.37,97.37,1490.6,34.132
2011-05-17,3.9985,38000.0,75.4,3.114,2783.21,12479.58,96.91,1480.0,33.491
2011-05-18,4.105,38340.0,75.47,3.184,2815.0,12560.18,100.1,1495.8,35.097
2011-05-19,4.0525,32119.999999999996,75.12,3.173,2823.31,12605.32,98.44,1492.4,34.932
2011-05-20,4.1215,33620.0,75.44,3.147,2803.32,12512.04,99.49,1508.9,35.087
2011-05-23,3.9915,43090.0,76.1,3.129,2758.9,12381.26,97.7,1515.4,34.904
2011-05-24,4.013,33380.0,75.88,3.116,2746.16,12356.21,99.59,1523.3,36.128
2011-05-25,4.107,37670.0,75.93,3.132,2761.38,12394.66,101.32,1526.7,37.642
2011-05-26,4.111,32110.0,75.55,3.059,2782.92,12402.76,100.23,1522.8,37.33
2011-05-27,4.1955,30.0,74.95,3.072,2796.86,12441.58,100.59,1537.3,37.863
2011-06-01,4.1165,230.0,74.68,2.944,2769.19,12290.14,100.29,1543.2,37.694
2011-06-02,4.0945,40.0,74.33,3.031,2773.31,12248.55,100.4,1532.7,36.202
2011-06-03,4.1445,140.0,73.78,2.991,2732.78,12151.26,100.22,1542.4,36.191
2011-06-06,4.1515,90.0,73.95,2.997,2702.56,12089.96,99.01,1547.2,36.782
2011-06-07,4.16,220.0,73.52,3.0,2701.56,12070.81,99.09,1544.0,37.046
2011-06-08,4.1185,190.0,73.93,2.946,2675.38,12048.94,100.74,1538.7,36.62
2011-06-09,4.118,350.0,74.19,2.997,2684.87,12124.36,101.93,1542.7,37.424
2011-06-10,4.0665,160.0,74.8,2.973,2643.73,11951.91,99.29,1529.2,36.327
2011-06-13,4.046,430.0,74.51,2.984,2639.69,11952.97,97.3,1515.6,34.737
2011-06-14,4.166,610.0,74.33,3.099,2678.72,12076.11,99.37,1524.4,35.411
2011-06-15,4.1325,150.0,75.6,2.967,2631.46,11897.27,94.81,1526.2,35.41
2011-06-16,4.129,270.0,75.75,2.926,2623.7,11961.52,94.95,1529.9,35.559
2011-06-17,4.1135,170.0,74.99,2.944,2616.48,12004.36,93.01,1539.1,35.748
2011-06-20,4.085,730.0,75.03,2.956,2629.66,12080.38,93.26,1542.0,36.071
2011-06-21,4.1,860.0,74.54,2.98,2687.26,12190.01,93.4,1546.4,36.379
2011-06-22,4.1,1340.0,74.78,2.98,2669.19,12109.67,95.41,1553.4,36.739
2011-06-23,4.05,710.0,75.45,2.914,2686.75,12050.0,91.02,1520.5,35.002
2011-06-24,4.109,430.0,75.67,2.871,2652.89,11934.58,91.16,1500.9,34.638
2011-06-27,4.0615,270.0,75.39,2.932,2688.28,12043.56,90.61,1496.4,33.585
2011-06-28,4.1015,210.0,75.06,3.034,2729.31,12188.69,92.89,1500.2,33.638
2011-06-29,4.224,51550.0,74.69,3.121,2740.49,12261.42,94.77,1510.4,34.769
2011-06-30,4.2825,36410.0,74.3,3.16,2773.52,12414.34,95.42,1502.8,34.832
2011-07-01,4.3025,29210.0,74.35,3.182,2816.03,12582.77,94.94,1482.6,33.705
2011-07-06,4.335,30720.0,75.12,3.11,2834.02,12626.02,96.65,1529.2,35.916
2011-07-07,4.442,42140.0,74.96,3.138,2872.66,12719.49,98.67,1530.6,36.536
2011-07-08,4.412,40940.0,75.18,3.03,2859.81,12657.2,96.2,1541.6,36.543
2011-07-11,4.368,41000.0,75.99,2.924,2802.62,12505.76,95.15,1549.2,35.698
2011-07-12,4.3915,37900.0,75.81,2.877,2781.91,12446.88,97.43,1562.3,35.634
2011-07-13,4.4035,39180.0,75.21,2.884,2796.92,12491.61,98.05,1585.5,38.151
2011-07-14,4.38,32770.0,75.25,2.953,2762.67,12437.12,95.69,1589.3,38.694
2011-07-15,4.413,32170.0,75.13,2.908,2789.8,12479.73,97.24,1590.1,39.071
2011-07-18,4.403,33650.0,75.48,2.92,2765.11,12385.16,95.93,1602.4,40.342
2011-07-19,4.468,32409.999999999996,75.22,2.878,2826.52,12587.42,97.5,1601.1,40.221
2011-07-20,4.436,23670.0,74.79,2.931,2814.23,12571.91,98.14,1596.9,39.558
2011-07-21,4.3835,32150.0,74.02,3.014,2834.43,12724.41,99.13,1587.0,38.947
2011-07-22,4.41,21590.0,74.2,2.964,2858.83,12681.16,99.87,1601.5,40.122
2011-07-25,4.4065,27020.0,74.06,3.004,2842.8,12592.8,99.2,1612.2,40.361
2011-07-26,4.478,28090.0,73.47,2.955,2839.96,12501.3,99.59,1616.8,40.698
2011-07-27,4.4465,26990.0,74.09,2.982,2764.79,12302.55,97.4,1615.1,40.568
2011-07-28,4.479,30.0,74.22,2.955,2766.25,12240.11,97.44,1616.2,39.794
2011-07-29,4.4895,200.0,73.9,2.792,2756.38,12143.24,95.7,1631.2,40.106
2011-08-01,4.42,330.0,74.26,2.753,2744.61,12132.49,94.89,1621.7,39.309
2011-08-02,4.405,190.0,74.51,2.613,2669.24,11866.62,93.79,1644.5,40.092
2011-08-03,4.3365,120.0,74.04,2.615,2693.07,11896.44,91.93,1666.3,41.758
2011-08-04,4.246,200.0,75.12,2.407,2556.39,11383.68,86.63,1659.0,39.431
2011-08-05,4.127,240.0,74.6,2.563,2532.41,11444.61,86.88,1651.8,38.211
2011-08-08,3.9715,310.0,74.79,2.316,2357.69,10809.85,81.31,1713.2,39.38
2011-08-09,3.98,130.0,74.61,2.275,2482.52,11239.77,79.3,1743.0,37.883
2011-08-10,3.8985,220.0,74.64,2.095,2381.05,10719.94,82.89,1784.3,39.327
2011-08-11,4.018,300.0,74.68,2.333,2492.68,11143.31,85.72,1751.5,38.669
2011-08-12,4.021,110.0,74.61,2.26,2507.98,11269.02,85.38,1742.6,39.114
2011-08-15,4.041,650.0,73.84,2.308,2555.2,11482.9,87.88,1758.0,39.307
2011-08-16,4.003,100.0,74.01,2.225,2523.45,11405.93,86.65,1785.0,39.819
2011-08-17,4.0415,60.0,73.67,2.167,2511.48,11410.21,87.58,1793.8,40.351
2011-08-18,3.975,240.0,74.24,2.068,2380.43,10990.58,82.38,1822.0,40.688
2011-08-19,3.991,160.0,74.01,2.067,2341.84,10817.65,82.26,1852.2,42.432
2011-08-22,3.9635,240.0,74.07,2.109,2345.38,10854.65,84.12,1891.9,43.325
2011-08-23,4.004,320.0,73.89,2.158,2446.06,11176.76,85.44,1861.3,42.291
2011-08-24,4.005,310.0,74.01,2.294,2467.69,11320.71,85.16,1757.3,39.162
2011-08-25,4.087,330.0,74.28,2.234,2419.63,11149.82,85.3,1763.2,40.745
2011-08-26,4.107,510.0,73.81,2.19,2479.85,11284.54,85.37,1797.3,40.952
2011-08-29,4.098,510.0,73.72,2.264,2562.11,11539.25,87.27,1791.6,40.546
2011-08-30,4.136,60.0,73.95,2.176,2576.11,11559.95,88.9,1829.8,41.464
2011-08-31,4.1995,10.0,74.12,2.234,2579.46,11613.53,88.81,1831.7,41.768
2011-09-01,4.1555,20.0,74.48,2.132,2546.04,11493.57,88.93,1829.1,41.532
2011-09-02,4.1195,50.0,74.76,1.994,2480.33,11240.26,86.45,1876.9,43.069
2011-09-07,4.127,50.0,75.47,2.041,2548.94,11414.86,89.34,1817.6,41.631
2011-09-08,4.1385,70.0,76.25,1.977,2529.14,11295.81,89.05,1857.5,42.53
2011-09-09,3.998,30.0,77.19,1.915,2467.99,10992.13,87.24,1859.5,41.624
2011-09-12,3.9625,100.0,77.58,1.948,2495.09,11061.12,88.19,1813.3,40.217
2011-09-13,3.966,50.0,76.92,1.992,2532.15,11105.85,90.21,1830.1,41.193
2011-09-14,3.894,90.0,76.83,1.992,2572.55,11246.73,88.91,1826.5,40.533
2011-09-15,3.9525,300.0,76.24,2.083,2607.07,11433.18,89.4,1781.4,39.501
2011-09-16,3.927,80.0,76.6,2.057,2622.31,11509.09,87.96,1814.7,40.831
2011-09-19,3.7775,330.0,77.15,1.956,2612.83,11401.01,85.7,1778.9,39.163
2011-09-20,3.7215,150.0,77.02,1.937,2590.24,11408.66,86.89,1809.1,40.137
2011-09-21,3.7595,140.0,77.34,1.856,2538.19,11124.84,85.92,1808.1,40.469
2011-09-22,3.484,210.0,78.45,1.72,2455.67,10733.83,80.51,1741.7,36.578
2011-09-23,3.276,550.0,78.5,1.83,2483.23,10771.48,79.85,1639.8,30.101
2011-09-26,3.279,500.0,78.36,1.904,2516.69,11043.86,80.24,1594.8,29.976
2011-09-27,3.436,250.0,77.51,1.98,2546.83,11190.69,84.45,1652.5,31.536
2011-09-28,3.243,370.0,77.85,1.987,2491.58,11010.9,81.21,1618.1,30.134
2011-09-29,3.246,71710.0,78.03,2.002,2480.76,11153.98,82.14,1617.3,30.522
2011-09-30,3.152,76050.0,78.55,1.917,2415.4,10913.38,79.2,1622.3,30.083
2011-10-03,3.1505,72690.0,79.43,1.749,2335.83,10655.3,77.61,1657.7,30.795
2011-10-04,3.1035,64200.0,79.6,1.817,2404.82,10808.71,75.67,1616.0,29.839
2011-10-05,3.106,59890.0,78.92,1.891,2460.51,10939.95,79.68,1641.6,30.352
2011-10-06,3.2465,48100.0,78.63,1.992,2506.82,11123.33,82.59,1653.2,32.005
2011-10-07,3.2735,51950.0,78.73,2.075,2479.35,11103.12,82.98,1635.8,30.993
2011-10-10,3.368,38980.0,77.49,2.07,2566.05,11433.18,85.41,1670.8,31.98
2011-10-11,3.2905,43420.0,77.58,2.159,2583.03,11416.3,85.81,1661.0,31.998
2011-10-12,3.3935,47030.0,76.99,2.212,2604.73,11518.85,85.57,1682.6,32.789
2011-10-13,3.307,51700.0,77.0,2.182,2620.24,11478.13,84.23,1668.5,31.667
2011-10-14,3.4085,43910.0,76.62,2.251,2667.85,11644.49,86.8,1683.0,32.173
2011-10-17,3.378,49510.0,77.15,2.155,2614.92,11397.0,86.38,1676.6,31.821
2011-10-18,3.36,64709.99999999999,77.14,2.175,2657.43,11577.05,88.34,1652.8,31.831
2011-10-19,3.258,50170.0,77.11,2.157,2604.04,11504.62,86.11,1647.0,31.277
2011-10-20,3.0575,63340.0,76.97,2.187,2598.62,11541.78,85.3,1612.9,30.281
2011-10-21,3.223,52720.0,76.39,2.216,2637.46,11808.79,87.4,1636.1,31.193
2011-10-24,3.449,56770.0,76.03,2.234,2699.44,11913.62,91.27,1652.3,31.644
2011-10-25,3.4205,59870.0,76.12,2.114,2638.42,11706.62,93.17,1700.4,33.052
2011-10-26,3.49,60720.0,76.25,2.207,2650.67,11869.04,90.2,1723.5,33.31
2011-10-27,3.692,58940.0,74.88,2.385,2738.63,12208.55,93.96,1747.7,35.112
2011-10-28,3.7165,410.0,75.07,2.324,2737.15,12231.11,93.32,1747.2,35.288
2011-10-31,3.642,200.0,76.17,2.116,2684.41,11955.01,93.19,1725.2,34.354
2011-11-01,3.512,250.0,77.26,1.991,2606.96,11657.96,92.19,1711.8,32.731
2011-11-02,3.5895,140.0,77.02,1.989,2639.98,11836.04,92.51,1729.6,33.943
2011-11-03,3.5975,110.0,76.67,2.073,2697.97,12044.47,94.07,1765.1,34.498
2011-11-04,3.5745,490.0,76.96,2.038,2686.15,11983.24,94.26,1756.1,34.084
2011-11-07,3.546,190.0,76.96,2.02,2695.25,12068.39,95.52,1791.1,34.828
2011-11-08,3.544,390.0,76.59,2.079,2727.49,12170.18,96.8,1799.2,35.153
2011-11-09,3.4515,190.0,77.93,1.966,2621.65,11780.94,95.74,1791.6,34.361
2011-11-10,3.3845,190.0,77.74,2.057,2625.15,11893.79,97.78,1759.6,34.106
2011-11-11,3.4735,280.0,76.94,2.057,2678.75,12153.68,98.99,1788.1,34.682
2011-11-14,3.4975,240.0,77.57,2.045,2657.22,12078.98,98.14,1778.4,34.024
2011-11-15,3.511,370.0,77.87,2.049,2686.2,12096.16,99.37,1782.2,34.456
2011-11-16,3.494,250.0,78.02,2.0,2639.61,11905.59,102.59,1774.3,33.822
2011-11-17,3.3925,1100.0,78.28,1.965,2587.99,11770.73,98.82,1720.2,31.497
2011-11-18,3.412,150.0,78.06,2.005,2572.5,11796.16,97.41,1725.1,32.417
2011-11-21,3.312,490.0,78.3,1.965,2523.14,11547.31,96.92,1678.6,31.116
2011-11-22,3.341,420.0,78.27,1.922,2521.28,11493.72,98.01,1702.4,32.951
2011-11-23,3.2865,300.0,79.14,1.888,2460.08,11257.55,96.17,1695.9,31.884
2011-11-28,3.3655,1630.0,79.26,1.97,2527.34,11523.01,98.21,1710.8,32.161
2011-11-29,3.3885,60.0,79.01,1.988,2515.51,11555.63,99.79,1718.9,31.95
2011-11-30,3.5735,130.0,78.38,2.071,2620.34,12045.68,100.36,1750.3,32.804
2011-12-01,3.5325,90.0,78.33,2.086,2626.2,12020.03,100.2,1739.8,32.759
2011-12-02,3.5825,90.0,78.62,2.033,2626.93,12019.42,100.96,1751.3,32.686
2011-12-05,3.614,10.0,78.57,2.033,2655.76,12097.83,100.99,1734.5,32.372
2011-12-06,3.5735,20.0,78.5,2.086,2649.56,12150.13,101.28,1731.8,32.744
2011-12-07,3.554,50.0,78.48,2.033,2649.21,12196.37,100.49,1744.8,32.627
2011-12-08,3.498,60.0,78.83,1.97,2596.38,11997.7,98.34,1713.4,31.538
2011-12-09,3.555,140.0,78.63,2.063,2646.85,12184.26,99.41,1716.8,32.253
2011-12-12,3.4625,180.0,79.53,2.017,2612.26,12021.39,97.77,1668.2,31.002
2011-12-13,3.44,200.0,80.24,1.963,2579.27,11954.94,100.14,1663.1,31.26
2011-12-14,3.278,290.0,80.59,1.904,2539.31,11823.48,94.95,1586.9,28.935
2011-12-15,3.266,240.0,80.32,1.911,2541.01,11868.81,93.87,1577.2,29.274
2011-12-16,3.33,300.0,80.26,1.851,2555.33,11866.39,93.53,1597.9,29.671
2011-12-19,3.307,140.0,80.25,1.81,2523.14,11766.26,93.88,1596.7,28.874
2011-12-20,3.3675,70.0,79.88,1.927,2603.73,12103.58,97.22,1617.6,29.536
2011-12-21,3.393,110.0,80.02,1.97,2577.97,12107.74,98.67,1613.6,29.249
2011-12-22,3.413,220.0,79.96,1.953,2599.45,12169.65,99.53,1610.6,29.047
2011-12-23,3.467,30.0,79.93,2.021,2618.64,12294.0,99.68,1606.0,29.084
2011-12-27,3.407,70.0,79.8,2.002,2625.2,12291.35,101.34,1595.5,28.74
2011-12-28,3.364,110.0,80.5,1.921,2589.98,12151.41,99.36,1564.1,27.234
2011-12-29,3.37,23310.0,80.49,1.899,2613.74,12287.04,99.65,1540.9,27.315
2011-12-30,3.436,20610.0,80.18,1.876,2605.15,12217.56,98.83,1566.8,27.915
2012-01-03,3.5285,33630.0,79.61,1.956,2648.72,12397.38,102.96,1600.5,29.572
2012-01-04,3.4345,40440.0,80.13,1.984,2648.36,12418.42,103.22,1612.7,29.097
2012-01-05,3.4265,42330.0,80.94,1.996,2669.86,12415.7,101.81,1620.1,29.296
2012-01-06,3.435,37020.0,81.25,1.958,2674.22,12359.92,101.56,1616.8,28.683
2012-01-09,3.416,34690.0,81.05,1.956,2676.56,12392.69,101.31,1608.1,28.782
2012-01-10,3.513,42600.0,80.81,1.963,2702.5,12462.47,102.24,1631.5,29.815
2012-01-11,3.546,49430.0,81.35,1.905,2710.76,12449.45,100.87,1639.6,29.89
2012-01-12,3.649,61170.0,80.77,1.926,2724.7,12471.02,99.1,1647.7,30.124
2012-01-13,3.637,56130.0,81.52,1.871,2710.67,12422.06,98.7,1630.8,29.522
2012-01-18,3.7525,45260.0,80.61,1.898,2769.71,12578.95,100.59,1659.9,30.543
2012-01-19,3.8005,45970.0,80.22,1.982,2788.33,12623.98,100.39,1654.5,30.509
2012-01-20,3.745,48080.0,80.22,2.025,2786.7,12720.48,98.46,1664.0,31.675
2012-01-23,3.7985,37450.0,79.78,2.058,2784.17,12708.82,99.58,1678.3,32.27
2012-01-24,3.8075,48690.0,79.87,2.063,2786.64,12675.75,98.95,1664.5,31.975
2012-01-25,3.8295,53180.0,79.58,2.002,2818.31,12756.96,99.4,1700.1,33.121
2012-01-26,3.9015,40980.0,79.39,1.94,2805.28,12734.63,99.7,1726.7,33.743
2012-01-27,3.889,42770.0,78.9,1.891,2816.55,12660.46,99.56,1732.2,33.79
2012-01-30,3.8335,190.0,79.17,1.846,2811.94,12653.72,98.78,1734.4,33.527
2012-01-31,3.797,180.0,79.29,1.795,2813.84,12632.91,98.48,1740.4,33.262
2012-02-01,3.849,90.0,78.92,1.83,2848.27,12716.46,97.61,1749.5,33.807
2012-02-02,3.7885,40.0,78.99,1.823,2859.68,12705.41,96.36,1759.3,34.175
2012-02-03,3.9085,160.0,78.92,1.924,2905.66,12862.23,97.84,1740.3,33.749
2012-02-06,3.8715,70.0,79.07,1.901,2901.99,12845.13,96.91,1724.9,33.75
2012-02-07,3.8825,300.0,78.58,1.977,2904.08,12878.2,98.41,1748.4,34.194
2012-02-08,3.915,400.0,78.64,1.982,2915.86,12883.95,98.71,1731.3,33.704
2012-02-09,3.982,840.0,78.57,2.036,2927.23,12890.46,99.84,1741.2,33.917
2012-02-10,3.866,120.0,79.11,1.984,2903.88,12801.23,98.67,1725.3,33.604
2012-02-13,3.844,740.0,78.95,1.978,2931.39,12874.04,100.91,1724.9,33.722
2012-02-14,3.8205,310.0,79.58,1.938,2931.83,12878.28,100.74,1717.7,33.348
2012-02-15,3.807,340.0,79.67,1.933,2915.83,12780.95,101.8,1728.1,33.408
2012-02-16,3.796,580.0,79.35,1.984,2959.85,12904.08,102.31,1728.4,33.37
2012-02-17,3.7135,150.0,79.33,2.0,2951.78,12949.87,103.24,1725.9,33.216
2012-02-22,3.8395,200.0,79.21,2.002,2933.17,12938.67,106.28,1771.3,34.254
2012-02-23,3.811,430.0,78.82,1.996,2956.98,12984.69,107.83,1786.3,35.556
2012-02-24,3.8675,280.0,78.35,1.977,2963.75,12982.95,109.77,1776.4,35.338
2012-02-27,3.887,340.0,78.57,1.925,2966.16,12981.51,108.56,1774.9,35.524
2012-02-28,3.9215,53650.0,78.27,1.941,2986.76,13005.12,106.55,1788.4,37.205
2012-02-29,3.8795,60540.0,78.74,1.974,2966.89,12952.07,107.07,1711.3,34.642
2012-03-01,3.9315,48230.0,78.79,2.03,2988.97,12980.3,108.84,1722.2,35.661
2012-03-02,3.903,41240.0,79.4,1.979,2976.19,12977.57,106.7,1709.8,34.525
2012-03-05,3.8595,43240.0,79.3,2.007,2950.48,12962.81,106.72,1703.9,33.695
2012-03-06,3.7375,59110.0,79.87,1.95,2910.32,12759.15,104.7,1672.1,32.783
2012-03-07,3.767,52650.0,79.71,1.972,2935.69,12837.33,106.16,1683.9,33.585
2012-03-08,3.7915,46170.0,79.14,2.016,2970.42,12907.94,106.58,1698.7,33.831
2012-03-09,3.8585,53140.0,80.04,2.03,2988.34,12922.02,107.4,1711.5,34.212
2012-03-12,3.8375,37750.0,79.89,2.037,2983.66,12959.71,106.34,1699.8,33.413
2012-03-13,3.9025,49670.0,80.19,2.126,3039.88,13177.68,106.71,1694.2,33.581
2012-03-14,3.848,44050.0,80.56,2.274,3040.73,13194.1,105.43,1642.9,32.181
2012-03-15,3.8975,45160.0,80.15,2.279,3056.37,13252.76,105.11,1659.5,32.726
2012-03-16,3.878,49330.0,79.79,2.298,3055.26,13232.62,107.06,1655.8,32.604
2012-03-19,3.909,38420.0,79.79,2.375,3078.32,13239.13,108.09,1667.3,32.955
2012-03-20,3.8305,42190.0,79.59,2.363,3074.15,13170.19,105.61,1647.0,31.834
2012-03-21,3.8455,37840.0,79.66,2.296,3075.32,13124.62,107.27,1650.3,32.227
2012-03-22,3.7655,54480.0,79.74,2.282,3063.32,13046.14,105.35,1642.5,31.345
2012-03-23,3.8085,51130.0,79.34,2.233,3067.92,13080.73,106.87,1662.4,32.272
2012-03-26,3.8875,48330.0,78.98,2.253,3122.57,13241.63,107.03,1685.6,32.75
2012-03-27,3.88,43660.0,79.05,2.187,3120.35,13197.73,107.33,1684.9,32.616
2012-03-28,3.7925,48940.0,79.13,2.201,3104.96,13126.21,105.41,1657.9,31.831
2012-03-29,3.8015,110.0,79.19,2.159,3095.36,13145.82,102.78,1654.9,31.992
2012-03-30,3.8295,40.0,79.0,2.214,3091.57,13212.04,103.02,1671.9,32.484
2012-04-02,3.925,170.0,78.82,2.18,3119.7,13264.49,105.23,1679.7,33.098
2012-04-03,3.924,130.0,79.48,2.293,3113.57,13199.55,104.01,1672.0,33.265
2012-04-04,3.796,80.0,79.78,2.223,3068.09,13074.75,101.47,1614.1,31.044
2012-04-05,3.801,120.0,80.08,2.18,3080.5,13060.14,103.31,1630.1,31.73
2012-04-09,3.725,310.0,79.73,2.047,3047.08,12929.59,102.46,1643.9,31.524
2012-04-10,3.6545,180.0,79.89,1.986,2991.22,12715.93,101.02,1660.7,31.679
2012-04-11,3.644,200.0,79.8,2.037,3016.46,12805.39,102.7,1660.3,31.521
2012-04-12,3.7245,240.0,79.28,2.056,3055.55,12986.58,103.64,1680.6,32.525
2012-04-13,3.6315,500.0,79.89,1.989,3011.33,12849.59,102.83,1660.2,31.39
2012-04-16,3.633,240.0,79.56,1.982,2988.4,12921.41,102.93,1649.7,31.373
2012-04-17,3.6515,190.0,79.48,1.996,3042.82,13115.54,104.2,1651.1,31.674
2012-04-18,3.6355,250.0,79.54,1.975,3031.45,13032.75,102.67,1639.6,31.487
2012-04-19,3.633,310.0,79.56,1.968,3007.56,12964.1,102.27,1641.4,31.779
2012-04-20,3.703,360.0,79.19,1.959,3000.45,13029.26,103.05,1642.8,31.651
2012-04-23,3.631,370.0,79.42,1.94,2970.45,12927.17,103.11,1632.6,30.531
2012-04-24,3.678,2330.0,79.22,1.974,2961.6,13001.56,103.55,1643.8,30.746
2012-04-25,3.705,1370.0,79.01,1.988,3029.63,13090.72,104.12,1642.3,30.356
2012-04-26,3.771,1160.0,78.92,1.947,3050.61,13204.62,104.55,1660.5,31.207
2012-04-27,3.825,58390.0,78.71,1.937,3069.2,13228.31,104.93,1664.8,31.411
2012-04-30,3.8295,50310.0,78.78,1.919,3046.36,13213.63,104.87,1664.2,31.016
2012-05-01,3.8435,35710.0,78.86,1.945,3050.44,13279.32,106.16,1662.4,30.93
2012-05-02,3.787,47770.0,79.13,1.928,3059.85,13268.57,105.22,1654.0,30.645
2012-05-03,3.736,45900.0,79.22,1.933,3024.3,13206.59,102.54,1634.8,30.01
2012-05-04,3.721,50070.0,79.5,1.879,2956.34,13038.27,98.49,1645.2,30.432
2012-05-07,3.7735,37640.0,79.6,1.873,2957.76,13008.53,97.94,1639.1,30.122
2012-05-08,3.6775,59750.0,79.74,1.842,2946.27,12932.09,97.01,1604.5,29.459
2012-05-09,3.6595,69030.0,80.08,1.826,2934.71,12835.06,96.81,1594.2,29.241
2012-05-10,3.6905,55360.0,80.11,1.874,2933.64,12855.04,97.08,1595.5,29.178
2012-05-11,3.648,54910.0,80.26,1.841,2933.82,12820.6,96.13,1584.0,28.89
2012-05-14,3.554,70850.0,80.61,1.769,2902.58,12695.35,94.78,1561.0,28.353
2012-05-15,3.5175,63020.0,81.22,1.77,2893.76,12632.0,93.98,1557.1,28.08
2012-05-16,3.478,68720.0,81.37,1.759,2874.04,12598.55,92.81,1536.6,27.196
2012-05-17,3.479,59370.0,81.38,1.69,2813.69,12442.49,92.56,1574.9,28.02
2012-05-18,3.4685,58330.0,81.29,1.723,2778.79,12369.38,91.48,1591.9,28.715
2012-05-21,3.502,55390.0,81.08,1.743,2847.21,12504.48,92.57,1588.7,28.321
2012-05-22,3.487,52620.0,81.49,1.777,2839.08,12502.81,91.66,1576.6,28.179
2012-05-23,3.396,68800.0,82.09,1.733,2850.12,12496.15,89.9,1548.4,27.519
2012-05-24,3.4285,62550.0,82.35,1.783,2839.38,12529.75,90.66,1557.5,28.157
2012-05-25,3.448,46040.0,82.4,1.746,2837.53,12454.83,90.86,1568.9,28.386
2012-05-30,3.3945,200.0,83.02,1.619,2837.36,12419.86,87.82,1565.7,27.983
2012-05-31,3.3705,40.0,83.04,1.563,2827.34,12393.45,86.53,1564.2,27.757
2012-06-01,3.32,140.0,82.89,1.459,2747.48,12118.57,83.23,1622.1,28.512
2012-06-04,3.3135,30.0,82.56,1.524,2760.01,12101.46,83.98,1613.9,28.007
2012-06-05,3.295,50.0,82.83,1.573,2778.11,12127.95,84.29,1616.9,28.405
2012-06-06,3.3845,190.0,82.32,1.661,2844.72,12414.79,85.02,1634.2,29.488
2012-06-07,3.3765,790.0,82.05,1.644,2831.02,12460.96,84.82,1588.0,28.529
2012-06-08,3.291,110.0,82.51,1.632,2858.42,12554.2,84.1,1591.4,28.471
2012-06-11,3.3485,160.0,82.52,1.586,2809.73,12411.23,82.7,1596.8,28.616
2012-06-12,3.341,170.0,82.42,1.664,2843.07,12573.8,83.32,1613.8,28.949
2012-06-13,3.3445,170.0,82.06,1.599,2818.61,12496.38,82.62,1619.4,28.941
2012-06-14,3.359,210.0,81.99,1.642,2836.33,12651.91,83.91,1619.6,28.407
2012-06-15,3.3875,210.0,81.63,1.586,2872.8,12767.17,84.03,1628.1,28.74
2012-06-18,3.3995,230.0,81.95,1.574,2895.33,12741.82,83.27,1627.0,28.671
2012-06-19,3.438,230.0,81.38,1.62,2929.76,12837.33,84.03,1623.2,28.368
2012-06-20,3.393,270.0,81.58,1.65,2930.45,12824.39,81.8,1615.8,28.389
2012-06-21,3.3035,260.0,82.29,1.62,2859.09,12573.57,78.2,1565.5,26.839
2012-06-22,3.3125,450.0,82.26,1.676,2892.42,12640.78,79.76,1566.9,26.661
2012-06-25,3.323,1230.0,82.5,1.604,2836.16,12502.66,79.21,1588.4,27.52
2012-06-26,3.319,1210.0,82.37,1.628,2854.06,12534.67,79.36,1574.9,27.038
2012-06-27,3.355,670.0,82.62,1.621,2875.32,12627.01,80.21,1578.4,26.942
2012-06-28,3.3315,47890.0,82.81,1.584,2849.49,12602.26,77.69,1550.4,26.291
2012-06-29,3.4965,75840.0,81.63,1.643,2935.05,12880.09,84.96,1604.2,27.612
2012-07-02,3.469,48960.0,81.87,1.587,2951.23,12871.39,83.75,1597.7,27.499
2012-07-03,3.54,53750.0,81.78,1.628,2976.08,12943.82,87.66,1621.8,28.28
2012-07-06,3.4095,43320.0,83.38,1.549,2937.33,12772.47,84.45,1578.9,26.92
2012-07-09,3.4315,31770.0,83.16,1.513,2931.77,12736.29,85.99,1589.1,27.444
2012-07-10,3.398,40280.0,83.4,1.502,2902.33,12653.12,83.91,1579.8,26.882
2012-07-11,3.4475,45060.0,83.57,1.515,2887.98,12604.53,85.81,1575.7,27.023
2012-07-12,3.415,42670.0,83.66,1.478,2866.19,12573.27,86.08,1565.3,27.161
2012-07-13,3.504,44880.0,83.35,1.491,2908.47,12777.09,87.1,1592.0,27.369
2012-07-16,3.485,30960.0,83.1,1.471,2896.94,12727.21,88.43,1591.6,27.321
2012-07-17,3.4555,45450.0,83.03,1.508,2910.04,12805.54,89.22,1589.5,27.316
2012-07-18,3.474,32720.0,83.07,1.494,2942.6,12908.7,89.87,1570.8,27.095
2012-07-19,3.5345,54750.0,82.88,1.511,2965.9,12943.36,92.66,1580.4,27.217
2012-07-20,3.448,69210.0,83.48,1.458,2925.3,12822.57,91.44,1582.8,27.302
2012-07-23,3.38,61340.0,83.71,1.438,2890.15,12721.46,88.14,1577.4,27.042
2012-07-24,3.353,54770.0,84.0,1.391,2862.99,12617.32,88.5,1576.2,26.811
2012-07-25,3.3745,55620.0,83.52,1.397,2854.24,12676.05,88.97,1608.1,27.466
2012-07-26,3.3935,67190.0,82.81,1.438,2893.25,12887.93,89.39,1615.1,27.446
2012-07-27,3.426,48830.0,82.71,1.545,2958.09,13075.66,90.13,1618.0,27.498
2012-07-30,3.4225,280.0,82.79,1.5,2945.84,13073.01,89.78,1624.0,28.033
2012-07-31,3.4235,690.0,82.64,1.47,2939.52,13008.68,88.06,1614.6,27.914
2012-08-01,3.3805,1150.0,83.06,1.524,2920.21,12971.06,88.91,1607.3,27.535
2012-08-02,3.296,200.0,83.36,1.478,2909.77,12878.88,87.13,1590.7,26.995
2012-08-03,3.3725,350.0,82.38,1.568,2967.9,13096.17,91.4,1609.3,27.801
2012-08-06,3.394,30.0,82.27,1.565,2989.91,13117.51,92.2,1616.2,27.863
2012-08-07,3.445,480.0,82.21,1.628,3015.86,13168.6,93.67,1612.8,28.086
2012-08-08,3.426,190.0,82.39,1.651,3011.25,13175.64,93.35,1616.0,28.075
2012-08-09,3.4295,60.0,82.64,1.695,3018.64,13165.19,93.36,1620.2,28.097
2012-08-10,3.398,130.0,82.55,1.659,3020.86,13207.95,92.87,1622.8,28.062
2012-08-13,3.359,40.0,82.44,1.666,3022.52,13169.43,92.73,1612.6,27.767
2012-08-14,3.3645,20.0,82.48,1.733,3016.98,13172.14,93.43,1602.4,27.763
2012-08-15,3.3545,80.0,82.64,1.817,3030.93,13164.78,94.33,1606.6,27.812
2012-08-16,3.3875,150.0,82.36,1.835,3062.39,13250.11,95.6,1619.2,28.212
2012-08-17,3.4235,190.0,82.6,1.814,3076.59,13275.2,96.01,1619.4,28.002
2012-08-20,3.375,370.0,82.46,1.81,3076.21,13271.64,95.97,1623.0,28.593
2012-08-21,3.457,390.0,81.91,1.802,3067.26,13203.58,96.68,1642.9,29.428
2012-08-22,3.458,280.0,81.49,1.695,3073.67,13172.76,97.26,1640.5,29.556
2012-08-23,3.495,600.0,81.36,1.675,3053.4,13057.46,96.27,1672.8,30.456
2012-08-24,3.486,480.0,81.59,1.687,3069.79,13157.97,96.15,1672.9,30.621
2012-08-27,3.479,130.0,81.66,1.652,3073.19,13124.67,95.47,1675.6,31.048
2012-08-28,3.467,1940.0,81.37,1.637,3077.14,13102.99,96.33,1669.7,30.875
2012-08-29,3.448,1920.0,81.55,1.652,3081.19,13107.48,95.49,1663.0,30.837
2012-08-30,3.4465,210.0,81.69,1.628,3048.71,13000.71,94.62,1657.1,30.446
2012-08-31,3.4575,230.0,81.21,1.548,3066.96,13090.84,96.47,1687.6,31.442
2012-09-05,3.5295,420.0,81.23,1.596,3069.27,13047.48,95.36,1694.0,32.329
2012-09-06,3.518,170.0,81.04,1.676,3135.81,13292.0,95.53,1705.6,32.674
2012-09-07,3.6475,140.0,80.25,1.668,3136.42,13306.64,96.42,1740.5,33.69
2012-09-10,3.6915,150.0,80.25,1.654,3104.02,13254.29,96.54,1731.8,33.633
2012-09-11,3.7005,160.0,79.86,1.7,3104.53,13323.36,97.17,1734.9,33.566
2012-09-12,3.6965,170.0,79.74,1.758,3114.31,13333.35,97.01,1733.7,33.292
2012-09-13,3.713,120.0,79.26,1.721,3155.83,13539.86,98.31,1772.1,34.778
2012-09-14,3.837,260.0,78.85,1.869,3183.95,13593.37,99.0,1772.7,34.656
2012-09-17,3.7965,50.0,79.01,1.843,3178.67,13553.1,96.62,1770.6,34.367
2012-09-18,3.7915,50.0,79.25,1.812,3177.8,13564.64,95.29,1771.2,34.718
2012-09-19,3.818,250.0,79.06,1.774,3182.62,13577.96,91.98,1771.7,34.588
2012-09-20,3.763,130.0,79.41,1.765,3175.96,13596.93,91.87,1770.2,34.682
2012-09-21,3.793,140.0,79.33,1.754,3179.96,13579.47,92.89,1778.0,34.638
2012-09-24,3.7355,110.0,79.52,1.715,3160.78,13558.92,91.93,1764.6,33.984
2012-09-25,3.762,110.0,79.55,1.671,3117.73,13457.55,91.37,1766.4,33.948
2012-09-26,3.712,220.0,79.89,1.609,3093.7,13413.51,89.98,1753.6,33.94
2012-09-27,3.744,48430.0,79.55,1.656,3136.6,13485.97,91.85,1780.5,34.666
2012-09-28,3.758,45000.0,79.94,1.633,3116.23,13437.13,92.19,1773.9,34.577
2012-10-01,3.7855,45940.0,79.82,1.618,3113.53,13515.11,92.48,1783.3,34.952
2012-10-02,3.801,39910.0,79.74,1.62,3120.04,13482.36,91.89,1775.6,34.669
2012-10-03,3.784,37450.0,79.97,1.616,3135.23,13494.61,88.14,1779.8,34.69
2012-10-04,3.786,40190.0,79.35,1.673,3149.46,13575.36,91.71,1796.5,35.101
2012-10-05,3.778,43900.0,79.34,1.732,3136.19,13610.15,89.88,1780.8,34.572
2012-10-09,3.718,47280.0,79.95,1.713,3065.02,13473.53,92.39,1765.0,33.985
2012-10-10,3.718,40270.0,79.92,1.68,3051.78,13344.97,91.25,1765.1,34.109
2012-10-11,3.7515,45570.0,79.78,1.668,3049.41,13326.39,92.07,1770.6,34.082
2012-10-12,3.703,45030.0,79.67,1.656,3044.11,13328.85,91.86,1759.7,33.669
2012-10-15,3.7015,48600.0,79.74,1.668,3064.18,13424.23,91.85,1737.6,32.743
2012-10-16,3.7,30110.0,79.41,1.722,3101.17,13551.78,92.09,1746.3,32.959
2012-10-17,3.748,48540.0,79.02,1.822,3104.12,13557.0,92.12,1753.0,33.232
2012-10-18,3.743,44080.0,79.37,1.831,3072.87,13548.94,92.1,1744.7,32.868
2012-10-19,3.6375,61610.0,79.62,1.766,3005.62,13343.51,90.05,1724.0,32.097
2012-10-22,3.622,43850.0,79.65,1.815,3016.96,13345.89,88.73,1726.3,32.252
2012-10-23,3.5695,55450.0,79.98,1.761,2990.46,13102.53,86.67,1709.4,31.793
2012-10-24,3.568,43930.0,79.91,1.794,2981.7,13077.34,85.73,1701.6,31.62
2012-10-25,3.5505,47520.0,80.04,1.812,2986.12,13103.68,86.05,1713.0,32.078
2012-10-26,3.55,50390.0,80.07,1.749,2987.95,13107.21,86.28,1711.9,32.036
2012-10-31,3.523,40.0,79.92,1.694,2977.23,13096.46,86.24,1719.1,32.316
2012-11-01,3.5575,50.0,80.05,1.73,3020.06,13232.62,87.09,1715.5,32.248
2012-11-02,3.487,70.0,80.59,1.717,2982.13,13093.16,84.86,1675.2,30.857
2012-11-05,3.4755,90.0,80.75,1.679,2999.66,13112.44,85.65,1683.2,31.128
2012-11-06,3.512,50.0,80.61,1.751,3011.93,13245.68,88.71,1715.0,32.034
2012-11-07,3.4475,220.0,80.76,1.644,2937.29,12932.73,84.44,1714.0,31.661
2012-11-08,3.4755,90.0,80.79,1.618,2895.58,12811.32,85.09,1726.0,32.24
2012-11-09,3.452,1290.0,81.03,1.613,2904.87,12815.39,86.07,1730.9,32.599
2012-11-13,3.478,160.0,81.08,1.595,2883.89,12756.18,85.38,1724.8,32.487
2012-11-14,3.4605,160.0,81.06,1.589,2846.81,12570.95,86.32,1730.1,32.88
2012-11-15,3.469,190.0,81.08,1.595,2836.94,12542.38,85.45,1713.8,32.674
2012-11-16,3.4575,110.0,81.26,1.584,2853.13,12588.31,86.67,1714.7,32.37
2012-11-19,3.533,250.0,80.87,1.613,2916.07,12795.96,89.28,1734.4,33.189
2012-11-20,3.5215,320.0,80.96,1.668,2916.68,12788.51,86.75,1723.6,32.93
2012-11-21,3.501,550.0,80.93,1.68,2926.55,12836.89,87.38,1728.2,33.35
2012-11-26,3.543,1450.0,80.25,1.666,2976.78,12967.37,87.74,1749.6,34.137
2012-11-27,3.545,860.0,80.4,1.639,2967.79,12878.13,87.18,1742.3,33.981
2012-11-28,3.5315,450.0,80.34,1.633,2991.78,12985.11,86.49,1716.5,33.684
2012-11-29,3.6015,380.0,80.2,1.62,3012.03,13021.82,88.07,1729.5,34.431
2012-11-30,3.645,280.0,80.15,1.616,3010.24,13025.58,88.91,1712.7,33.279
2012-12-03,3.6535,100.0,79.88,1.622,3002.2,12965.6,89.09,1721.1,33.759
2012-12-04,3.6495,100.0,79.64,1.605,2996.69,12951.78,88.5,1695.8,32.808
2012-12-05,3.681,80.0,79.77,1.591,2973.7,13034.49,87.88,1693.8,32.957
2012-12-06,3.6395,70.0,80.26,1.586,2989.27,13074.04,86.26,1701.8,33.114
2012-12-07,3.658,240.0,80.41,1.623,2978.04,13155.13,85.93,1705.5,33.131
2012-12-10,3.7015,560.0,80.33,1.618,2986.96,13169.88,85.56,1714.4,33.377
2012-12-11,3.682,160.0,80.06,1.656,3022.3,13248.44,85.79,1709.6,33.017
2012-12-12,3.712,70.0,79.81,1.702,3013.81,13245.45,86.77,1717.9,33.782
2012-12-13,3.656,120.0,79.93,1.732,2992.16,13170.72,85.89,1696.8,32.355
2012-12-14,3.678,180.0,79.58,1.704,2971.33,13135.01,86.73,1697.0,32.299
2012-12-17,3.6615,60.0,79.57,1.773,3010.6,13235.39,87.2,1698.2,32.28
2012-12-18,3.648,80.0,79.36,1.821,3054.53,13350.96,87.93,1670.7,31.669
2012-12-19,3.6,290.0,79.27,1.807,3044.36,13251.97,89.51,1667.7,31.116
2012-12-20,3.5305,100.0,79.26,1.8,3050.39,13311.72,90.13,1645.9,29.678
2012-12-21,3.562,520.0,79.62,1.77,3021.01,13190.84,88.66,1660.1,30.203
2012-12-24,3.541,70.0,79.64,1.776,3012.6,13139.08,88.61,1659.5,29.897
2012-12-26,3.591,190.0,79.62,1.749,2990.16,13114.59,90.98,1660.7,30.035
2012-12-27,3.5965,250.0,79.62,1.734,2985.91,13096.31,90.87,1663.7,30.24
2012-12-28,3.5895,25540.0,79.68,1.701,2960.31,12938.11,90.8,1655.9,29.975
2012-12-31,3.6525,26440.0,79.77,1.756,3019.51,13104.14,91.82,1675.8,30.227
2013-01-02,3.736,48420.0,79.84,1.835,3112.26,13412.55,93.12,1688.8,31.007
2013-01-03,3.717,44090.0,80.38,1.911,3100.57,13391.36,92.92,1674.6,30.72
2013-01-04,3.6935,45820.0,80.5,1.903,3101.66,13435.21,93.09,1648.9,29.946
2013-01-07,3.678,39010.0,80.26,1.901,3098.81,13384.29,93.19,1646.3,30.082
2013-01-08,3.672,37410.0,80.34,1.864,3091.81,13328.85,93.15,1662.2,30.465
2013-01-09,3.6705,40260.0,80.56,1.86,3105.81,13390.51,93.1,1655.5,30.249
2013-01-10,3.709,42880.0,79.74,1.899,3121.76,13471.22,93.82,1678.0,30.918
2013-01-11,3.654,45930.0,79.56,1.866,3125.64,13488.43,93.56,1660.6,30.408
2013-01-14,3.634,50250.0,79.49,1.848,3117.5,13507.32,94.14,1669.4,31.11
2013-01-15,3.6375,53060.0,79.78,1.836,3110.78,13534.89,93.28,1683.9,31.529
2013-01-16,3.6065,44580.0,79.8,1.819,3117.54,13511.23,94.24,1683.2,31.542
2013-01-17,3.662,54300.0,79.65,1.884,3136.0,13596.02,95.49,1690.8,31.81
2013-01-18,3.679,40570.0,80.04,1.84,3134.71,13649.7,95.56,1687.0,31.932
2013-01-23,3.6845,40040.0,79.92,1.828,3153.67,13779.33,95.23,1686.7,32.439
2013-01-24,3.6765,40550.0,79.95,1.852,3130.38,13825.33,95.95,1669.9,31.722
2013-01-25,3.652,47930.0,79.75,1.949,3149.71,13895.98,95.88,1656.6,31.206
2013-01-28,3.6615,38170.0,79.75,1.965,3154.3,13881.93,96.44,1652.9,30.78
2013-01-29,3.6915,49610.0,79.56,1.999,3153.66,13954.42,97.57,1660.8,31.184
2013-01-30,3.758,440.0,79.28,1.992,3142.31,13910.42,97.94,1681.6,32.177
2013-01-31,3.7395,190.0,79.21,1.985,3142.13,13860.58,97.49,1662.0,31.351
2013-02-01,3.7915,180.0,79.21,2.025,3179.1,14009.79,97.77,1670.6,31.958
2013-02-04,3.7755,120.0,79.55,1.957,3131.17,13880.08,96.17,1676.4,31.716
2013-02-05,3.7775,290.0,79.49,2.005,3171.58,13979.3,96.64,1673.5,31.875
2013-02-06,3.7485,140.0,79.72,1.964,3168.48,13986.52,96.62,1678.8,31.877
2013-02-07,3.736,240.0,80.19,1.959,3165.13,13944.05,95.83,1671.3,31.403
2013-02-08,3.7685,140.0,80.21,1.95,3193.87,13992.97,95.72,1666.9,31.441
2013-02-11,3.7315,80.0,80.31,1.964,3192.0,13971.24,97.03,1649.1,30.91
2013-02-12,3.753,150.0,80.11,1.979,3186.49,14018.7,97.51,1649.6,31.019
2013-02-13,3.7515,320.0,80.09,2.028,3196.88,13982.91,97.01,1645.1,30.869
2013-02-14,3.7455,120.0,80.46,1.998,3198.66,13973.39,97.31,1635.5,30.353
2013-02-15,3.746,380.0,80.58,2.005,3192.03,13981.76,95.86,1609.5,29.849
2013-02-20,3.617,450.0,81.07,2.01,3164.41,13927.54,94.46,1578.0,28.622
2013-02-21,3.562,490.0,81.46,1.974,3131.49,13880.62,92.84,1578.6,28.699
2013-02-22,3.5425,550.0,81.46,1.962,3161.82,14000.57,93.13,1572.8,28.46
2013-02-25,3.552,810.0,81.67,1.865,3116.25,13784.17,93.11,1586.6,28.987
2013-02-26,3.5745,970.0,81.87,1.886,3129.65,13900.13,92.63,1615.5,29.26
2013-02-27,3.567,51910.0,81.6,1.9,3162.26,14075.37,92.76,1595.7,28.985
2013-02-28,3.5475,62710.0,81.95,1.881,3160.19,14054.49,92.05,1578.1,28.432
2013-03-01,3.501,73030.0,82.28,1.845,3169.74,14089.66,90.68,1572.3,28.49
2013-03-04,3.5015,56510.0,82.19,1.879,3182.03,14127.82,90.12,1572.4,28.496
2013-03-05,3.515,45950.0,82.09,1.898,3224.13,14253.77,90.82,1574.9,28.604
2013-03-06,3.493,48070.0,82.46,1.939,3222.37,14296.24,90.43,1574.9,28.803
2013-03-07,3.5205,40820.0,82.08,1.995,3232.09,14329.49,91.56,1575.1,28.808
2013-03-08,3.509,47160.0,82.72,2.049,3244.37,14397.07,91.95,1576.9,28.948
2013-03-11,3.517,48430.0,82.57,2.061,3252.87,14447.29,92.06,1578.0,28.853
2013-03-12,3.5545,63080.0,82.58,2.019,3242.32,14450.06,92.54,1591.7,29.171
2013-03-13,3.525,47870.0,82.89,2.023,3245.12,14455.28,92.52,1588.4,28.958
2013-03-14,3.5365,42620.0,82.61,2.037,3258.93,14539.14,93.03,1590.7,28.807
2013-03-15,3.5205,48030.0,82.13,1.991,3249.07,14514.11,93.45,1592.6,28.851
2013-03-18,3.428,79980.0,82.69,1.955,3237.59,14452.06,93.74,1604.6,28.874
2013-03-19,3.4055,58310.0,82.99,1.904,3229.1,14455.82,92.16,1611.3,28.843
2013-03-20,3.4465,50110.0,82.78,1.958,3254.19,14511.73,92.96,1607.5,28.817
2013-03-21,3.435,63300.0,82.74,1.915,3222.6,14421.49,92.45,1613.8,29.212
2013-03-22,3.466,44680.0,82.53,1.927,3245.0,14512.03,93.71,1606.1,28.698
2013-03-25,3.445,47760.0,82.83,1.92,3235.3,14447.75,94.81,1604.5,28.815
2013-03-26,3.4425,45920.0,82.88,1.911,3252.48,14559.65,96.34,1595.7,28.679
2013-03-27,3.4535,170.0,83.22,1.845,3256.52,14526.16,96.58,1607.2,28.612
2013-03-28,3.4125,230.0,82.99,1.852,3267.52,14578.54,97.23,1595.7,28.323
2013-04-01,3.385,460.0,82.73,1.835,3239.17,14572.85,97.07,1600.9,27.944
2013-04-02,3.389,430.0,82.92,1.862,3254.86,14662.01,97.19,1575.9,27.248
2013-04-03,3.343,400.0,82.72,1.816,3218.6,14550.35,94.45,1553.5,26.797
2013-04-04,3.3615,540.0,82.68,1.766,3224.98,14606.11,93.26,1552.4,26.767
2013-04-05,3.354,340.0,82.5,1.714,3203.86,14565.25,92.7,1575.9,27.22
2013-04-08,3.381,780.0,82.75,1.745,3222.25,14613.48,93.36,1572.5,27.138
2013-04-09,3.4515,310.0,82.31,1.752,3237.86,14673.46,94.2,1586.7,27.881
2013-04-10,3.4285,170.0,82.53,1.805,3297.25,14802.24,94.64,1558.8,27.653
2013-04-11,3.4445,200.0,82.25,1.791,3300.16,14865.14,93.51,1564.9,27.697
2013-04-12,3.3605,850.0,82.13,1.721,3294.95,14865.06,91.29,1501.4,26.331
2013-04-15,3.2825,960.0,82.42,1.688,3216.49,14599.2,88.71,1361.1,23.361
2013-04-16,3.315,2210.0,81.75,1.722,3264.63,14756.78,88.72,1387.4,23.628
2013-04-17,3.1955,1480.0,82.68,1.698,3204.67,14618.59,86.68,1382.7,23.307
2013-04-18,3.212,1210.0,82.56,1.686,3166.36,14537.14,87.73,1392.5,23.245
2013-04-19,3.156,990.0,82.71,1.705,3206.06,14547.51,88.01,1395.6,22.96
2013-04-22,3.137,1450.0,82.68,1.695,3233.55,14567.17,88.76,1421.2,23.324
2013-04-23,3.0975,1360.0,83.05,1.706,3269.33,14719.46,89.18,1408.8,22.817
2013-04-24,3.1605,760.0,83.05,1.703,3269.65,14676.3,91.43,1423.7,22.833
2013-04-25,3.239,1230.0,82.74,1.71,3289.99,14700.8,93.64,1462.0,24.14
2013-04-26,3.182,1280.0,82.47,1.665,3279.26,14712.55,93.0,1453.6,23.788
2013-04-29,3.2265,47030.0,82.15,1.667,3307.02,14818.75,94.5,1467.4,24.166
2013-04-30,3.1875,53010.0,81.75,1.673,3328.79,14839.8,93.46,1472.1,24.185
2013-05-01,3.08,61280.0,81.48,1.632,3299.13,14700.95,91.03,1446.2,23.343
2013-05-02,3.1045,72270.0,82.22,1.624,3340.62,14831.58,93.99,1467.6,23.83
2013-05-03,3.3145,119530.0,82.1,1.74,3378.63,14973.96,95.61,1464.2,24.014
2013-05-06,3.3105,43640.0,82.31,1.764,3392.97,14968.89,96.16,1468.0,23.955
2013-05-07,3.3025,79220.0,82.25,1.78,3396.63,15056.2,95.62,1448.8,23.806
2013-05-08,3.3705,79290.0,81.9,1.767,3413.27,15105.12,96.62,1473.7,23.927
2013-05-09,3.3405,63210.0,82.79,1.813,3409.17,15082.62,96.39,1468.6,23.911
2013-05-10,3.353,72520.0,83.14,1.9,3436.58,15118.49,96.04,1436.6,23.658
2013-05-13,3.3595,45130.0,83.28,1.917,3438.79,15091.68,95.17,1434.3,23.696
2013-05-14,3.288,57380.0,83.59,1.982,3462.61,15215.25,94.21,1424.5,23.379
2013-05-15,3.265,64870.00000000001,83.83,1.94,3471.62,15275.69,94.3,1396.2,22.658
2013-05-16,3.2945,69750.0,83.59,1.879,3465.24,15233.22,95.16,1386.9,22.659
2013-05-17,3.323,53560.0,84.25,1.954,3498.97,15354.4,96.02,1364.7,22.352
2013-05-20,3.36,60940.0,83.74,1.965,3496.43,15335.28,96.71,1384.1,22.582
2013-05-21,3.3435,54540.0,83.86,1.93,3502.12,15387.58,96.16,1377.6,22.455
2013-05-22,3.3805,73350.0,84.35,2.037,3463.3,15307.17,94.28,1367.4,22.472
2013-05-23,3.304,81480.0,83.8,2.016,3459.42,15294.5,94.25,1391.8,22.508
2013-05-24,3.2955,42950.0,83.7,2.011,3459.14,15303.1,94.15,1386.6,22.496
2013-05-29,3.297,51070.0,83.66,2.119,3467.52,15302.8,93.13,1391.3,22.453
2013-05-30,3.323,140.0,83.04,2.119,3491.3,15324.53,93.61,1412.0,22.69
2013-05-31,3.3,170.0,83.26,2.132,3455.91,15115.57,91.97,1393.0,22.243
2013-06-03,3.3375,50.0,82.66,2.128,3465.37,15254.03,93.45,1411.9,22.721
2013-06-04,3.376,120.0,82.77,2.15,3445.26,15177.54,93.31,1397.2,22.409
2013-06-05,3.3785,80.0,82.59,2.091,3401.48,14960.59,93.74,1398.5,22.472
2013-06-06,3.3255,440.0,81.54,2.079,3424.05,15040.62,94.76,1415.8,22.707
2013-06-07,3.275,180.0,81.67,2.179,3469.22,15248.12,96.03,1383.0,21.743
2013-06-10,3.248,220.0,81.65,2.213,3473.77,15238.59,95.77,1386.0,21.925
2013-06-11,3.202,680.0,81.11,2.19,3436.95,15122.02,95.38,1377.0,21.646
2013-06-12,3.2325,410.0,80.95,2.228,3400.43,14995.23,95.88,1392.0,21.796
2013-06-13,3.1915,320.0,80.75,2.149,3445.36,15176.08,96.69,1377.8,21.583
2013-06-14,3.208,370.0,80.62,2.13,3423.56,15070.18,97.85,1387.6,21.954
2013-06-17,3.203,100.0,80.79,2.178,3452.13,15179.85,97.77,1383.1,21.758
2013-06-18,3.161,640.0,80.61,2.185,3482.18,15318.23,98.44,1366.9,21.677
2013-06-19,3.146,470.0,81.43,2.354,3443.2,15112.19,98.24,1374.0,21.623
2013-06-20,3.0665,830.0,81.92,2.421,3364.64,14758.32,95.4,1286.2,19.823
2013-06-21,3.0965,250.0,82.41,2.542,3357.25,14799.4,93.69,1292.0,19.959
2013-06-24,3.025,250.0,82.42,2.544,3320.76,14659.56,95.18,1277.1,19.493
2013-06-25,3.0725,490.0,82.58,2.612,3347.89,14760.31,95.32,1275.1,19.526
2013-06-26,3.039,420.0,82.98,2.541,3376.22,14910.14,95.5,1229.8,18.587
2013-06-27,3.0595,59280.0,82.9,2.474,3401.86,15024.49,97.05,1211.6,18.553
2013-06-28,3.0575,57410.0,83.14,2.487,3403.25,14909.6,96.56,1223.7,19.47
2013-07-01,3.157,67630.0,83.05,2.477,3434.49,14974.96,97.99,1255.7,19.578
2013-07-02,3.143,53680.0,83.54,2.471,3433.4,14932.41,99.6,1243.4,19.309
2013-07-03,3.1745,48970.0,83.23,2.503,3443.67,14988.55,101.24,1251.9,19.7
2013-07-08,3.0995,40530.0,84.19,2.638,3484.83,15224.69,103.14,1234.9,19.038
2013-07-09,3.0645,57950.0,84.58,2.64,3504.26,15300.34,103.53,1245.9,19.138
2013-07-10,3.091,55380.0,84.04,2.674,3520.76,15291.66,106.52,1247.4,19.165
2013-07-11,3.1775,77650.0,82.75,2.572,3578.3,15460.92,104.91,1279.9,19.956
2013-07-12,3.155,40980.0,82.99,2.592,3600.08,15464.3,105.95,1277.6,19.792
2013-07-15,3.1445,40180.0,83.04,2.543,3607.49,15484.26,106.32,1283.5,19.839
2013-07-16,3.1865,42870.0,82.5,2.532,3598.5,15451.85,106.0,1290.4,19.935
2013-07-17,3.1285,66550.0,82.71,2.491,3610.0,15470.52,106.48,1277.5,19.42
2013-07-18,3.1315,34480.0,82.82,2.534,3611.28,15548.54,108.04,1284.2,19.389
2013-07-19,3.14,42560.0,82.62,2.482,3587.61,15543.74,108.05,1292.9,19.46
2013-07-22,3.185,55830.0,82.22,2.484,3600.39,15545.55,106.91,1336.0,20.509
2013-07-23,3.198,43370.0,81.94,2.507,3579.27,15567.74,107.23,1334.7,20.254
2013-07-24,3.179,57090.0,82.29,2.584,3579.6,15542.24,105.39,1319.5,20.02
2013-07-25,3.1855,46680.0,81.97,2.577,3605.19,15555.61,105.49,1328.8,20.154
2013-07-26,3.1055,56000.0,81.66,2.564,3613.16,15558.83,104.7,1321.5,19.771
2013-07-29,3.1075,47440.0,81.66,2.599,3599.14,15521.97,104.55,1328.4,19.864
2013-07-30,3.0485,170.0,81.83,2.606,3616.47,15520.59,103.08,1324.8,19.68
2013-07-31,3.125,240.0,81.45,2.588,3626.37,15499.54,105.03,1313.0,19.628
2013-08-01,3.171,410.0,82.34,2.708,3675.74,15628.02,107.89,1311.2,19.624
2013-08-02,3.178,120.0,81.91,2.598,3689.59,15658.36,106.94,1310.5,19.912
2013-08-05,3.1735,100.0,81.88,2.64,3692.95,15612.13,106.56,1302.4,19.72
2013-08-06,3.1775,150.0,81.6,2.642,3665.77,15518.74,105.3,1282.5,19.523
2013-08-07,3.177,110.0,81.29,2.599,3654.01,15470.67,104.37,1285.3,19.508
2013-08-08,3.2725,570.0,80.98,2.587,3669.12,15498.32,103.4,1309.9,20.193
2013-08-09,3.3085,180.0,81.13,2.58,3660.11,15425.51,105.97,1312.2,20.407
2013-08-12,3.3045,150.0,81.33,2.622,3669.95,15419.68,106.11,1334.2,21.339
2013-08-13,3.318,80.0,81.77,2.721,3684.44,15451.01,106.83,1320.5,21.343
2013-08-14,3.34,90.0,81.71,2.712,3669.27,15337.66,106.85,1333.4,21.787
2013-08-15,3.3385,110.0,81.18,2.764,3606.12,15112.19,107.33,1360.9,22.935
2013-08-16,3.3645,120.0,81.26,2.825,3602.78,15081.47,107.46,1371.0,23.322
2013-08-19,3.332,300.0,81.23,2.882,3589.09,15010.74,107.1,1365.7,23.166
2013-08-20,3.338,200.0,80.91,2.818,3613.59,15002.99,104.96,1372.6,23.071
2013-08-21,3.308,260.0,81.21,2.892,3599.79,14897.55,103.85,1370.1,22.963
2013-08-22,3.331,260.0,81.49,2.892,3638.71,14963.74,105.03,1370.8,23.035
2013-08-23,3.351,140.0,81.36,2.818,3657.79,15010.51,106.42,1395.8,23.738
2013-08-26,3.322,280.0,81.41,2.787,3657.57,14946.46,105.92,1393.1,24.01
2013-08-27,3.3305,400.0,81.17,2.709,3578.52,14776.13,109.01,1420.2,24.651
2013-08-28,3.3055,750.0,81.43,2.765,3593.35,14824.51,110.1,1418.8,24.391
2013-08-29,3.257,360.0,81.95,2.762,3620.3,14840.95,108.8,1412.9,24.14
2013-08-30,3.2305,370.0,82.09,2.789,3589.87,14810.31,107.65,1396.1,23.513
2013-09-04,3.239,150.0,82.17,2.897,3649.04,14930.87,107.23,1390.0,23.415
2013-09-05,3.242,140.0,82.63,2.996,3658.78,14937.48,108.37,1373.0,23.255
2013-09-06,3.2585,100.0,82.15,2.934,3660.01,14922.5,110.53,1386.5,23.891
2013-09-09,3.276,200.0,81.79,2.914,3706.18,15063.12,109.52,1386.7,23.717
2013-09-10,3.261,160.0,81.82,2.966,3729.02,15191.06,107.39,1364.0,23.016
2013-09-11,3.2555,240.0,81.52,2.912,3725.01,15326.6,107.56,1363.8,23.172
2013-09-12,3.21,300.0,81.49,2.905,3715.97,15300.64,108.6,1330.6,22.149
2013-09-13,3.2035,130.0,81.45,2.89,3722.18,15376.06,108.21,1308.6,21.72
2013-09-16,3.222,90.0,81.3,2.862,3717.85,15494.78,106.59,1317.8,22.009
2013-09-17,3.223,100.0,81.14,2.849,3745.7,15529.73,105.42,1309.4,21.784
2013-09-18,3.2785,300.0,80.24,2.692,3783.64,15676.94,108.07,1307.6,21.564
2013-09-19,3.346,90.0,80.37,2.752,3789.38,15636.55,106.39,1369.3,23.292
2013-09-20,3.319,380.0,80.43,2.736,3774.73,15451.09,104.68,1332.5,21.927
2013-09-23,3.2975,170.0,80.45,2.701,3765.29,15401.38,103.59,1327.0,21.857
2013-09-24,3.2555,370.0,80.56,2.655,3768.25,15334.59,103.13,1316.3,21.586
2013-09-25,3.271,230.0,80.33,2.626,3761.1,15273.26,102.66,1336.2,21.886
2013-09-26,3.305,680.0,80.52,2.648,3787.43,15328.3,103.03,1324.1,21.766
2013-09-27,3.3295,35960.0,80.29,2.628,3781.59,15258.24,102.87,1339.2,21.831
2013-09-30,3.323,39050.0,80.22,2.615,3771.48,15129.67,102.33,1327.0,21.708
2013-10-01,3.274,51910.0,80.14,2.65,3817.98,15191.7,102.04,1286.1,21.175
2013-10-02,3.316,44780.0,79.9,2.619,3815.02,15133.14,104.1,1320.7,21.897
2013-10-03,3.2685,37080.0,79.75,2.605,3774.34,14996.48,103.31,1317.6,21.786
2013-10-04,3.301,38140.0,80.13,2.645,3807.75,15072.58,103.84,1309.9,21.752
2013-10-07,3.2965,36990.0,79.94,2.63,3770.38,14936.24,103.03,1325.1,22.386
2013-10-08,3.2925,43070.0,80.06,2.638,3694.83,14776.53,103.49,1324.6,22.443
2013-10-09,3.231,66900.0,80.38,2.661,3677.78,14802.98,101.61,1307.2,21.891
2013-10-10,3.2485,53910.0,80.42,2.683,3760.75,15126.07,103.01,1296.9,21.896
2013-10-11,3.269,49410.0,80.41,2.691,3791.87,15237.11,102.02,1268.2,21.259
2013-10-14,3.303,49190.0,80.26,2.74,3815.28,15301.26,102.41,1276.6,21.354
2013-10-15,3.3075,36970.0,80.48,2.728,3794.01,15168.01,101.21,1273.2,21.191
2013-10-16,3.308,58640.0,80.47,2.667,3839.43,15373.83,102.29,1282.3,21.365
2013-10-17,3.297,48680.0,79.65,2.592,3863.15,15371.65,100.67,1323.0,21.947
2013-10-18,3.299,42750.0,79.65,2.583,3914.28,15399.65,100.81,1314.6,21.913
2013-10-21,3.3035,26920.0,79.69,2.601,3920.05,15392.2,99.22,1315.8,22.278
2013-10-22,3.3355,60520.0,79.23,2.511,3929.57,15467.66,97.8,1342.6,22.79
2013-10-23,3.2675,63570.0,79.26,2.498,3907.07,15413.33,96.86,1334.0,22.617
2013-10-24,3.2635,50500.0,79.19,2.52,3928.96,15509.21,97.11,1350.3,22.822
2013-10-25,3.269,49180.0,79.19,2.511,3943.36,15570.28,97.85,1352.5,22.639
2013-10-28,3.269,32040.0,79.25,2.523,3940.13,15568.93,98.68,1352.2,22.538
2013-10-29,3.278,48080.0,79.61,2.503,3952.34,15680.35,98.2,1345.5,22.492
2013-10-30,3.328,210.0,79.78,2.538,3930.62,15618.76,96.77,1349.3,22.983
2013-10-31,3.3045,100.0,80.19,2.552,3919.71,15545.75,96.38,1323.7,21.867
2013-11-01,3.303,30.0,80.72,2.62,3922.04,15615.55,94.61,1313.2,21.837
2013-11-04,3.258,100.0,80.55,2.603,3936.59,15639.12,94.62,1314.7,21.7
2013-11-05,3.264,110.0,80.71,2.67,3939.86,15618.22,93.37,1308.1,21.636
2013-11-06,3.2425,50.0,80.48,2.644,3931.95,15746.88,94.8,1317.8,21.768
2013-11-07,3.254,490.0,80.84,2.602,3857.33,15593.98,94.2,1308.5,21.657
2013-11-08,3.2595,210.0,81.3,2.751,3919.23,15761.78,94.6,1284.6,21.317
2013-11-11,3.265,110.0,81.09,2.768,3919.79,15783.1,95.14,1281.1,21.282
2013-11-12,3.24,150.0,81.19,2.774,3919.92,15750.67,93.04,1271.2,20.778
2013-11-13,3.166,340.0,80.93,2.716,3965.57,15821.63,93.88,1268.4,20.442
2013-11-14,3.167,430.0,81.02,2.693,3972.74,15876.22,93.76,1286.3,20.722
2013-11-15,3.1775,250.0,80.85,2.703,3985.97,15961.7,93.84,1287.4,20.727
2013-11-18,3.1555,310.0,80.83,2.666,3949.07,15976.02,93.03,1272.3,20.357
2013-11-19,3.1625,330.0,80.7,2.712,3931.55,15967.03,93.34,1273.5,20.334
2013-11-20,3.165,520.0,81.11,2.804,3921.27,15900.82,93.33,1258.0,20.058
2013-11-21,3.1965,600.0,81.07,2.788,3969.16,16009.99,95.44,1243.6,19.934
2013-11-22,3.2185,470.0,80.71,2.744,3991.65,16064.77,94.84,1244.1,19.862
2013-11-25,3.2285,610.0,80.92,2.73,3994.57,16072.54,94.09,1241.2,19.882
2013-11-26,3.218,630.0,80.61,2.71,4017.75,16072.8,93.68,1241.4,19.848
2013-11-27,3.193,220.0,80.72,2.739,4044.75,16097.33,92.3,1237.9,19.633
2013-12-02,3.1925,330.0,80.92,2.797,4045.26,16008.77,93.82,1221.9,19.289
2013-12-03,3.1825,70.0,80.92,2.784,4037.2,15914.62,96.04,1220.8,19.065
2013-12-04,3.257,180.0,80.62,2.837,4038.0,15889.77,97.2,1247.2,19.83
2013-12-05,3.238,130.0,80.23,2.873,4033.16,15821.51,97.38,1231.9,19.57
2013-12-06,3.2565,400.0,80.31,2.857,4062.52,16020.2,97.65,1229.0,19.523
2013-12-09,3.268,180.0,80.13,2.841,4068.75,16025.53,97.34,1234.2,19.701
2013-12-10,3.2775,400.0,79.97,2.803,4060.49,15973.13,98.51,1261.1,20.315
2013-12-11,3.306,110.0,79.89,2.855,4003.81,15843.53,97.44,1257.2,20.356
2013-12-12,3.304,90.0,80.21,2.879,3998.4,15739.43,97.5,1224.9,19.453
2013-12-13,3.3225,220.0,80.21,2.866,4000.97,15755.36,96.6,1234.6,19.604
2013-12-16,3.3415,140.0,80.07,2.879,4029.52,15884.57,97.48,1244.4,20.101
2013-12-17,3.333,70.0,80.06,2.837,4023.68,15875.26,97.22,1230.1,19.84
2013-12-18,3.3265,290.0,80.11,2.896,4070.06,16167.97,97.8,1235.0,20.059
2013-12-19,3.3035,80.0,80.63,2.929,4058.14,16179.08,98.77,1193.6,19.186
2013-12-20,3.315,140.0,80.58,2.89,4104.74,16221.14,99.32,1203.7,19.453
2013-12-23,3.318,130.0,80.45,2.931,4148.9,16294.61,98.91,1197.0,19.413
2013-12-24,3.3835,170.0,80.45,2.981,4155.42,16357.55,99.22,1203.3,19.484
2013-12-26,3.4115,100.0,80.48,2.992,4167.18,16479.88,99.55,1212.3,19.916
2013-12-27,3.3975,300.0,80.39,3.002,4156.59,16478.41,100.32,1214.0,20.049
2013-12-30,3.3825,23680.0,80.0,2.972,4154.2,16504.29,99.29,1203.8,19.615
2013-12-31,3.3965,28530.0,80.03,3.026,4176.59,16576.66,98.42,1202.3,19.37
2014-01-02,3.3815,42680.0,80.63,2.991,4143.07,16441.35,95.44,1225.2,20.128
2014-01-03,3.355,36140.0,80.79,2.998,4131.91,16469.99,93.96,1238.6,20.211
2014-01-06,3.3595,38060.0,80.65,2.958,4113.68,16425.1,93.43,1238.0,20.103
2014-01-07,3.3595,36080.0,80.83,2.941,4153.18,16530.94,93.67,1229.6,19.787
2014-01-08,3.3425,38930.0,81.02,2.991,4165.61,16462.74,92.33,1225.5,19.539
2014-01-09,3.299,56660.0,81.0,2.969,4156.19,16444.76,91.66,1229.4,19.683
2014-01-10,3.3415,46980.0,80.66,2.86,4174.66,16437.05,92.72,1246.9,20.223
2014-01-13,3.3465,43800.0,80.51,2.829,4113.3,16257.94,91.8,1251.1,20.385
2014-01-14,3.336,29960.0,80.66,2.873,4183.02,16373.86,92.59,1245.4,20.282
2014-01-15,3.358,47720.0,81.03,2.893,4214.88,16481.94,94.17,1238.3,20.134
2014-01-16,3.3425,38300.0,80.91,2.841,4218.69,16417.01,93.96,1240.2,20.054
2014-01-17,3.3445,30250.0,81.22,2.821,4197.58,16458.56,94.37,1251.9,20.304
2014-01-22,3.337,30060.0,81.17,2.867,4243.0,16373.34,96.73,1238.6,19.839
2014-01-23,3.2855,66310.0,80.44,2.779,4218.88,16197.35,97.32,1262.3,20.01
2014-01-24,3.2715,49010.0,80.46,2.719,4128.17,15879.11,96.64,1264.3,19.765
2014-01-27,3.259,44400.0,80.52,2.75,4083.61,15837.88,95.72,1263.4,19.793
2014-01-28,3.253,38510.0,80.57,2.752,4097.96,15928.56,97.41,1250.8,19.503
2014-01-29,3.2405,38920.0,80.5,2.679,4051.43,15738.79,97.36,1262.2,19.552
2014-01-30,3.229,70.0,81.08,2.697,4123.12,15848.61,98.23,1242.5,19.126
2014-01-31,3.2,170.0,81.31,2.644,4103.88,15698.85,97.49,1239.8,19.12
2014-02-03,3.187,120.0,81.01,2.577,3996.96,15372.8,96.43,1259.9,19.409
2014-02-04,3.193,150.0,81.12,2.631,4031.52,15445.24,97.19,1251.2,19.422
2014-02-05,3.189,230.0,81.04,2.669,4011.55,15440.23,97.38,1256.9,19.805
2014-02-06,3.228,80.0,80.91,2.702,4057.12,15628.53,97.84,1257.2,19.928
2014-02-07,3.237,350.0,80.69,2.684,4125.86,15794.08,99.88,1262.9,19.936
2014-02-10,3.2255,500.0,80.64,2.669,4148.17,15801.79,100.06,1274.7,20.112
2014-02-11,3.2155,410.0,80.64,2.726,4191.05,15994.77,99.94,1289.8,20.153
2014-02-12,3.2555,1060.0,80.68,2.763,4201.29,15963.94,100.37,1295.0,20.341
2014-02-13,3.25,510.0,80.32,2.734,4240.67,16027.59,100.35,1300.1,20.395
2014-02-14,3.2655,690.0,80.15,2.745,4244.02,16154.39,100.3,1318.6,21.421
2014-02-19,3.283,520.0,80.14,2.739,4237.95,16040.56,103.31,1320.4,21.85
2014-02-20,3.274,1130.0,80.29,2.752,4267.55,16133.23,102.92,1316.9,21.684
2014-02-21,3.276,540.0,80.24,2.732,4263.41,16103.3,102.2,1323.6,21.782
2014-02-24,3.257,440.0,80.2,2.741,4292.97,16207.14,102.82,1338.0,22.051
2014-02-25,3.2445,200.0,80.14,2.703,4287.59,16179.66,101.83,1342.7,21.963
2014-02-26,3.232,610.0,80.43,2.666,4292.06,16198.41,102.59,1328.0,21.254
2014-02-27,3.201,49750.0,80.28,2.639,4318.93,16272.65,102.4,1331.8,21.352
2014-02-28,3.1875,44340.0,79.69,2.649,4308.12,16321.71,102.59,1321.6,21.241
2014-03-03,3.172,46020.0,80.08,2.603,4277.3,16168.03,104.92,1350.3,21.485
2014-03-04,3.2145,51130.0,80.17,2.701,4351.97,16395.88,103.33,1337.9,21.222
2014-03-05,3.2025,35570.0,80.11,2.708,4357.97,16360.18,101.45,1340.3,21.271
2014-03-06,3.218,32409.999999999996,79.66,2.739,4352.12,16421.89,101.56,1351.8,21.574
2014-03-07,3.0825,94140.0,79.72,2.79,4336.22,16452.72,102.58,1338.2,20.928
2014-03-10,3.0315,79360.0,79.77,2.779,4334.45,16418.68,101.12,1341.5,20.91
2014-03-11,2.952,82360.0,79.74,2.77,4307.19,16351.25,100.03,1346.7,20.815
2014-03-12,2.962,93720.0,79.61,2.732,4323.33,16340.08,97.99,1370.5,21.358
2014-03-13,2.923,60240.0,79.62,2.645,4260.42,16108.89,98.2,1372.4,21.198
2014-03-14,2.9505,46580.0,79.45,2.656,4245.4,16065.67,98.89,1379.0,21.413
2014-03-17,2.952,50710.0,79.39,2.694,4279.95,16247.22,98.08,1372.9,21.275
2014-03-18,2.9515,48320.0,79.41,2.674,4333.31,16336.19,99.7,1359.0,20.862
2014-03-19,2.987,107680.0,80.0,2.773,4307.6,16222.17,100.37,1341.3,20.826
2014-03-20,2.9285,64660.0,80.19,2.773,4319.29,16331.05,99.43,1330.5,20.43
2014-03-21,2.9505,44530.0,80.11,2.746,4276.79,16302.77,99.46,1336.0,20.31
2014-03-24,2.9455,43420.0,79.93,2.73,4226.39,16276.69,99.6,1311.2,20.067
2014-03-25,3.0055,62190.0,79.94,2.75,4234.27,16367.88,99.19,1311.4,19.979
2014-03-26,2.9655,46100.0,80.03,2.694,4173.58,16268.99,100.26,1303.4,19.78
2014-03-27,2.993,42110.0,80.11,2.683,4151.23,16264.23,101.28,1294.7,19.708
2014-03-28,3.0395,380.0,80.18,2.723,4155.76,16323.06,101.67,1294.3,19.79
2014-03-31,3.0245,420.0,80.1,2.719,4198.99,16457.66,101.58,1283.8,19.752
2014-04-01,3.0335,150.0,80.09,2.755,4268.04,16532.61,99.74,1280.0,19.688
2014-04-02,3.0445,220.0,80.22,2.806,4276.46,16573.0,99.62,1290.8,20.05
2014-04-03,3.027,270.0,80.47,2.801,4237.74,16572.55,100.29,1284.6,19.805
2014-04-04,3.022,200.0,80.42,2.726,4127.73,16412.71,101.14,1303.5,19.946
2014-04-07,3.0385,410.0,80.23,2.701,4079.75,16245.87,100.44,1298.3,19.907
2014-04-08,3.0455,450.0,79.75,2.683,4112.99,16256.14,102.56,1309.1,20.057
2014-04-09,3.0315,550.0,79.48,2.693,4183.9,16437.18,103.6,1305.9,19.77
2014-04-10,3.0415,580.0,79.38,2.647,4054.11,16170.22,103.4,1320.5,20.091
2014-04-11,3.0405,410.0,79.45,2.628,3999.73,16026.75,103.74,1319.0,19.946
2014-04-14,3.0465,390.0,79.73,2.65,4022.69,16173.24,104.05,1327.5,20.01
2014-04-15,2.9875,770.0,79.8,2.63,4034.16,16262.56,103.75,1300.3,19.489
2014-04-16,3.0225,370.0,79.8,2.635,4086.22,16424.85,103.76,1303.5,19.634
2014-04-17,3.043,150.0,79.83,2.721,4095.52,16408.54,104.3,1293.9,19.596
2014-04-21,3.0405,250.0,79.94,2.715,4121.55,16449.25,104.37,1288.5,19.351
2014-04-22,3.047,290.0,79.91,2.711,4161.46,16514.37,102.13,1281.1,19.361
2014-04-23,3.051,410.0,79.86,2.693,4126.97,16501.65,101.44,1284.6,19.438
2014-04-24,3.1035,1100.0,79.8,2.682,4148.34,16501.65,101.94,1290.6,19.688
2014-04-25,3.108,470.0,79.75,2.666,4075.56,16361.46,100.6,1300.8,19.691
2014-04-28,3.104,610.0,79.68,2.708,4074.4,16448.74,100.84,1299.0,19.588
2014-04-29,3.073,40100.0,79.81,2.697,4103.54,16535.37,101.28,1296.3,19.538
2014-04-30,3.0275,51010.0,79.47,2.646,4114.56,16580.84,99.74,1295.9,19.174
2014-05-01,3.0215,28770.0,79.53,2.613,4127.45,16558.87,99.42,1283.4,19.043
2014-05-02,3.07,36860.0,79.52,2.586,4123.9,16512.89,99.76,1302.9,19.546
2014-05-05,3.0535,18670.0,79.49,2.606,4138.06,16530.55,99.48,1309.3,19.571
2014-05-06,3.057,25210.0,79.09,2.593,4080.76,16401.02,99.5,1308.6,19.645
2014-05-07,3.0325,40400.0,79.2,2.59,4067.67,16518.54,100.77,1288.9,19.342
2014-05-08,3.0625,38250.0,79.36,2.611,4051.5,16550.97,100.26,1287.7,19.138
2014-05-09,3.083,38350.0,79.9,2.623,4071.87,16583.34,99.99,1287.6,19.121
2014-05-12,3.1495,55560.0,79.9,2.661,4143.86,16695.47,100.59,1295.8,19.543
2014-05-13,3.1355,39860.0,80.14,2.611,4130.16,16715.44,101.7,1294.8,19.547
2014-05-14,3.16,44940.0,80.07,2.548,4100.63,16613.97,102.37,1305.9,19.775
2014-05-15,3.1445,40400.0,80.0,2.496,4069.29,16446.81,101.5,1293.6,19.484
2014-05-16,3.147,34860.0,80.04,2.523,4090.59,16491.31,102.02,1293.4,19.329
2014-05-19,3.167,33830.0,79.99,2.545,4125.81,16511.86,102.61,1293.8,19.353
2014-05-20,3.145,35700.0,80.04,2.514,4096.89,16374.31,102.44,1294.6,19.399
2014-05-21,3.123,40530.0,80.09,2.534,4131.54,16533.06,104.07,1288.1,19.338
2014-05-22,3.142,41970.0,80.25,2.554,4154.34,16543.08,103.74,1295.0,19.52
2014-05-23,3.1675,28680.0,80.39,2.536,4185.81,16606.27,104.35,1291.7,19.418
2014-05-28,3.1735,28670.0,80.57,2.445,4225.07,16633.18,102.72,1259.3,19.059
2014-05-29,3.1415,190.0,80.49,2.47,4247.95,16698.74,103.58,1257.1,19.014
2014-05-30,3.1205,60.0,80.37,2.475,4242.62,16717.17,102.71,1246.0,18.682
2014-06-02,3.168,90.0,80.64,2.527,4237.2,16743.63,102.47,1244.0,18.739
2014-06-03,3.135,190.0,80.55,2.599,4234.08,16722.34,102.66,1244.5,18.763
2014-06-04,3.091,610.0,80.66,2.606,4251.64,16737.53,102.64,1244.3,18.792
2014-06-05,3.0895,360.0,80.37,2.584,4296.23,16836.11,102.48,1253.3,19.083
2014-06-06,3.0505,300.0,80.41,2.597,4321.4,16924.28,102.66,1252.5,18.991
2014-06-09,3.042,540.0,80.65,2.608,4336.24,16943.1,104.41,1253.9,19.066
2014-06-10,3.052,240.0,80.82,2.64,4338.0,16945.92,104.35,1260.1,19.168
2014-06-11,3.04,200.0,80.77,2.64,4331.93,16843.88,104.4,1261.2,19.172
2014-06-12,3.0175,310.0,80.58,2.597,4297.63,16734.19,106.53,1274.0,19.533
2014-06-13,3.029,600.0,80.58,2.608,4310.65,16775.74,106.91,1274.1,19.655
2014-06-16,3.047,120.0,80.47,2.597,4321.1,16781.01,106.9,1275.3,19.715
2014-06-17,3.0605,350.0,80.63,2.653,4337.23,16808.49,106.36,1272.0,19.732
2014-06-18,3.061,270.0,80.58,2.59,4362.84,16906.62,105.97,1272.7,19.778
2014-06-19,3.0755,380.0,80.32,2.621,4359.33,16921.46,106.43,1314.1,20.648
2014-06-20,3.1145,450.0,80.37,2.608,4368.04,16947.08,107.26,1316.6,20.949
2014-06-23,3.1435,360.0,80.27,2.626,4368.68,16937.26,106.17,1318.4,20.916
2014-06-24,3.1455,440.0,80.33,2.577,4350.35,16818.13,106.03,1321.3,21.043
2014-06-25,3.1655,680.0,80.22,2.561,4379.76,16867.51,106.5,1322.6,21.116
2014-06-26,3.1685,920.0,80.22,2.532,4379.05,16846.13,105.84,1317.0,21.108
2014-06-27,3.168,40490.0,80.02,2.536,4397.93,16851.84,105.74,1320.0,21.134
2014-06-30,3.2035,43910.0,79.78,2.532,4408.18,16826.6,105.37,1322.0,21.056
2014-07-01,3.204,36050.0,79.81,2.567,4458.65,16956.07,105.34,1326.6,21.117
2014-07-02,3.265,52820.0,79.96,2.628,4457.73,16976.24,104.48,1330.9,21.302
2014-07-03,3.2795,46930.0,80.21,2.641,4485.93,17068.26,104.06,1320.6,21.137
2014-07-08,3.257,46420.0,80.18,2.559,4391.46,16906.62,103.4,1316.5,21.013
2014-07-09,3.248,40510.0,79.99,2.556,4419.03,16985.61,102.29,1324.3,21.068
2014-07-10,3.267,43790.0,80.13,2.538,4396.2,16915.07,102.93,1339.2,21.508
2014-07-11,3.269,37510.0,80.19,2.516,4415.49,16943.81,100.83,1337.4,21.461
2014-07-14,3.249,35270.0,80.19,2.547,4440.42,17055.42,100.91,1306.7,20.914
2014-07-15,3.2495,44630.0,80.39,2.552,4416.39,17060.68,99.96,1297.1,20.889
2014-07-16,3.2145,41020.0,80.56,2.53,4425.97,17138.2,101.2,1299.8,20.775
2014-07-17,3.2205,38520.0,80.5,2.442,4363.45,16976.81,103.19,1316.9,21.134
2014-07-18,3.1845,45360.0,80.52,2.482,4432.15,17100.18,103.13,1309.4,20.886
2014-07-21,3.199,36810.0,80.56,2.469,4424.7,17051.73,104.59,1313.9,21.012
2014-07-22,3.208,42990.0,80.78,2.466,4456.02,17113.54,104.42,1306.3,21.008
2014-07-23,3.207,30730.0,80.82,2.469,4473.7,17086.63,103.12,1304.7,20.995
2014-07-24,3.2665,58540.0,80.87,2.502,4472.11,17083.8,102.07,1290.8,20.415
2014-07-25,3.2405,41600.0,81.03,2.467,4449.56,16960.57,102.09,1303.3,20.636
2014-07-28,3.2435,32310.000000000004,81.03,2.487,4444.91,16982.59,101.67,1303.3,20.567
2014-07-29,3.219,34470.0,81.21,2.462,4442.7,16912.11,100.97,1298.3,20.583
2014-07-30,3.246,90.0,81.43,2.56,4462.9,16880.36,100.27,1296.9,20.597
2014-07-31,3.236,80.0,81.46,2.562,4369.77,16563.3,98.17,1282.8,20.412
2014-08-01,3.2205,110.0,81.3,2.494,4352.64,16493.37,97.88,1294.8,20.371
2014-08-04,3.25,70.0,81.33,2.485,4383.89,16569.28,98.29,1288.9,20.233
2014-08-05,3.2105,130.0,81.33,2.489,4352.84,16429.47,97.38,1285.3,19.833
2014-08-06,3.171,170.0,81.44,2.469,4355.05,16443.34,96.92,1308.2,20.024
2014-08-07,3.1815,560.0,81.52,2.409,4334.97,16368.27,97.34,1312.5,19.99
2014-08-08,3.1795,530.0,81.45,2.422,4370.9,16553.93,97.65,1311.0,19.941
2014-08-11,3.1805,400.0,81.47,2.429,4401.33,16569.98,98.08,1310.5,20.095
2014-08-12,3.162,550.0,81.5,2.449,4389.25,16560.54,97.37,1310.6,19.905
2014-08-13,3.1215,1520.0,81.6,2.42,4434.12,16651.8,97.59,1314.5,19.845
2014-08-14,3.101,650.0,81.59,2.403,4453.0,16713.58,95.58,1315.7,19.906
2014-08-15,3.113,360.0,81.42,2.341,4464.93,16662.91,97.35,1306.2,19.525
2014-08-18,3.12,550.0,81.58,2.394,4508.31,16838.74,96.41,1299.3,19.635
2014-08-19,3.102,1090.0,81.88,2.403,4527.51,16919.59,94.48,1296.7,19.412
2014-08-20,3.1845,400.0,82.23,2.428,4526.48,16979.13,96.07,1295.2,19.497
2014-08-21,3.183,160.0,82.15,2.409,4532.1,17039.49,93.96,1275.4,19.415
2014-08-22,3.212,120.0,82.34,2.403,4538.55,17001.22,93.65,1280.2,19.386
2014-08-25,3.226,280.0,82.55,2.384,4557.35,17076.87,93.35,1278.9,19.358
2014-08-26,3.1975,460.0,82.65,2.398,4570.64,17106.7,93.86,1285.2,19.386
2014-08-27,3.1855,350.0,82.43,2.361,4569.62,17122.01,93.88,1283.4,19.405
2014-08-28,3.144,500.0,82.48,2.338,4557.69,17079.57,94.55,1290.4,19.609
2014-08-29,3.153,220.0,82.75,2.345,4580.27,17098.45,95.96,1287.4,19.492
2014-09-03,3.1245,360.0,82.86,2.398,4572.56,17078.28,95.54,1270.3,19.189
2014-09-04,3.1485,240.0,83.82,2.453,4562.29,17069.58,94.45,1266.5,19.138
2014-09-05,3.167,50.0,83.74,2.459,4582.9,17137.36,93.29,1267.3,19.156
2014-09-08,3.1655,220.0,84.23,2.471,4592.28,17111.42,92.66,1254.3,18.961
2014-09-09,3.0995,340.0,84.28,2.502,4552.28,17013.87,92.75,1248.5,18.92
2014-09-10,3.1085,130.0,84.28,2.543,4586.52,17068.71,91.67,1245.3,18.926
2014-09-11,3.0905,210.0,84.3,2.55,4591.81,17049.0,92.83,1239.0,18.599
2014-09-12,3.105,120.0,84.24,2.609,4567.6,16987.51,92.27,1231.5,18.606
2014-09-15,3.0845,360.0,84.26,2.591,4518.9,17031.14,92.92,1235.1,18.62
2014-09-16,3.1635,310.0,84.07,2.594,4552.76,17131.97,94.88,1236.7,18.721
2014-09-17,3.142,110.0,84.34,2.622,4562.19,17156.85,94.42,1235.9,18.734
2014-09-18,3.0935,140.0,84.32,2.618,4593.43,17265.99,93.07,1226.9,18.517
2014-09-19,3.091,270.0,84.73,2.578,4579.79,17279.74,92.41,1216.6,17.844
2014-09-22,3.038,260.0,84.75,2.566,4527.69,17172.68,91.52,1217.9,17.774
2014-09-23,3.0345,210.0,84.66,2.527,4508.69,17055.87,91.56,1222.0,17.779
2014-09-24,3.053,280.0,85.04,2.566,4555.22,17210.06,92.8,1219.5,17.702
2014-09-25,3.03,690.0,85.19,2.504,4466.75,16945.8,92.53,1221.9,17.438
2014-09-26,3.034,460.0,85.64,2.528,4512.19,17113.15,93.54,1215.4,17.537
2014-09-29,3.0565,49880.0,85.59,2.479,4505.85,17071.22,94.57,1218.8,17.567
2014-09-30,3.0075,53920.0,85.94,2.495,4493.39,17042.9,91.16,1211.6,17.057
2014-10-01,3.036,44750.0,85.97,2.389,4422.09,16804.71,90.73,1215.5,17.259
2014-10-02,2.9985,50420.0,85.6,2.436,4430.19,16801.05,91.01,1215.1,17.047
2014-10-03,2.9985,31590.0,86.69,2.436,4475.62,17009.69,89.74,1192.9,16.826
2014-10-06,3.0355,34110.0,85.93,2.42,4454.8,16991.91,90.34,1207.3,17.225
2014-10-07,3.039,32820.0,85.67,2.341,4385.2,16719.39,88.85,1212.4,17.24
2014-10-08,3.0035,67260.0,85.3,2.318,4468.59,16994.22,87.31,1206.0,17.064
2014-10-09,3.03,57720.0,85.52,2.327,4378.34,16659.25,85.77,1225.3,17.418
2014-10-10,3.035,65319.99999999999,85.91,2.286,4276.24,16544.1,85.82,1221.7,17.303
2014-10-13,3.0405,46790.0,85.53,2.238,4213.66,16321.07,85.74,1230.0,17.345
2014-10-14,3.09,62850.0,85.82,2.197,4227.17,16315.19,81.84,1234.3,17.403
2014-10-15,3.009,77030.0,85.15,2.129,4215.32,16141.74,81.78,1244.8,17.464
2014-10-16,2.9815,79230.0,84.95,2.151,4217.39,16117.24,82.7,1241.2,17.437
2014-10-17,3.0035,44460.0,85.11,2.199,4258.44,16380.41,82.75,1239.0,17.331
2014-10-20,2.988,31730.0,84.95,2.193,4316.07,16399.67,82.71,1244.7,17.354
2014-10-21,3.028,42980.0,85.3,2.227,4419.48,16614.81,82.81,1251.7,17.549
2014-10-22,3.0175,32430.0,85.74,2.22,4382.85,16461.32,80.52,1245.5,17.231
2014-10-23,3.04,33870.0,85.84,2.277,4452.79,16677.9,82.09,1229.1,17.158
2014-10-24,3.041,30530.0,85.73,2.266,4483.72,16805.41,81.01,1231.8,17.182
2014-10-27,3.064,42660.0,85.5,2.259,4485.93,16817.94,81.0,1229.3,17.161
2014-10-28,3.093,41660.0,85.41,2.3,4564.29,17005.75,81.42,1229.4,17.226
2014-10-29,3.1045,45390.0,85.95,2.321,4549.23,16974.31,82.2,1224.9,17.264
2014-10-30,3.061,70.0,86.15,2.308,4566.14,17195.42,81.12,1198.6,16.42
2014-10-31,3.047,160.0,86.92,2.335,4630.74,17390.52,80.54,1171.6,16.106
2014-11-03,3.0655,110.0,87.31,2.346,4638.91,17366.24,78.78,1169.8,16.201
2014-11-04,3.0185,370.0,86.98,2.335,4623.64,17383.84,77.19,1167.7,15.953
2014-11-05,3.0075,170.0,87.44,2.346,4620.72,17484.53,78.68,1145.7,15.439
2014-11-06,3.016,130.0,88.01,2.382,4638.47,17554.47,77.91,1142.6,15.413
2014-11-07,3.037,70.0,87.64,2.301,4632.53,17573.93,78.65,1169.8,15.714
2014-11-10,3.0205,240.0,87.81,2.36,4651.62,17613.74,77.4,1159.8,15.671
2014-11-11,3.035,180.0,87.53,2.371,4660.56,17614.9,77.94,1163.0,15.678
2014-11-12,3.026,90.0,87.82,2.373,4675.14,17612.2,77.18,1159.1,15.623
2014-11-13,2.9955,90.0,87.67,2.345,4680.14,17652.79,74.21,1161.5,15.621
2014-11-14,3.0445,200.0,87.53,2.319,4688.54,17634.74,75.82,1185.6,16.314
2014-11-17,3.038,160.0,87.93,2.34,4671.0,17647.75,75.64,1183.5,16.057
2014-11-18,3.001,200.0,87.58,2.317,4702.44,17687.82,74.61,1197.1,16.174
2014-11-19,3.042,310.0,87.65,2.358,4675.71,17685.73,74.58,1193.9,16.294
2014-11-20,3.0195,200.0,87.59,2.338,4701.87,17719.0,75.58,1190.9,16.137
2014-11-21,3.0335,320.0,88.31,2.312,4712.97,17810.06,76.51,1197.7,16.395
2014-11-24,3.008,370.0,88.15,2.305,4754.89,17817.9,75.78,1195.7,16.376
2014-11-25,2.9735,3250.0,87.92,2.259,4758.25,17814.94,74.09,1197.1,16.553
2014-11-26,2.963,220.0,87.61,2.245,4787.32,17827.75,73.69,1197.5,16.548
2014-12-01,2.9105,280.0,87.95,2.236,4727.35,17776.8,69.0,1218.1,16.692
2014-12-02,2.9025,110.0,88.65,2.294,4755.81,17879.55,66.88,1199.4,16.456
2014-12-03,2.881,200.0,88.96,2.282,4774.47,17912.62,67.38,1208.7,16.412
2014-12-04,2.9235,90.0,88.7,2.236,4769.44,17900.1,66.81,1207.7,16.575
2014-12-05,2.9135,190.0,89.33,2.307,4780.76,17958.79,65.84,1190.4,16.258
2014-12-08,2.8955,90.0,89.04,2.259,4740.69,17852.48,63.05,1194.9,16.276
2014-12-09,2.9355,120.0,88.69,2.213,4766.47,17801.2,63.82,1232.0,17.134
2014-12-10,2.9025,50.0,88.27,2.173,4684.02,17533.15,60.94,1229.4,17.187
2014-12-11,2.9305,80.0,88.66,2.169,4708.16,17596.34,59.95,1225.6,17.112
2014-12-12,2.9415,140.0,88.36,2.083,4653.6,17280.83,57.81,1222.5,17.057
2014-12-15,2.8875,90.0,88.46,2.115,4605.16,17180.84,55.91,1207.7,16.563
2014-12-16,2.867,100.0,88.12,2.061,4547.83,17068.87,55.93,1194.3,15.752
2014-12-17,2.877,110.0,89.13,2.136,4644.31,17356.87,56.47,1194.5,15.928
2014-12-18,2.86,430.0,89.23,2.208,4748.4,17778.15,54.11,1194.8,15.934
2014-12-19,2.8925,70.0,89.6,2.16,4765.38,17804.8,56.52,1196.0,16.03
2014-12-22,2.881,100.0,89.77,2.156,4781.42,17959.44,55.26,1179.8,15.688
2014-12-23,2.8755,100.0,90.06,2.269,4765.42,18024.17,57.12,1178.0,15.767
2014-12-24,2.8635,60.0,89.97,2.264,4773.47,18030.21,55.84,1173.5,15.71
2014-12-26,2.8235,70.0,90.03,2.252,4806.86,18053.71,54.73,1195.3,16.147
2014-12-29,2.8295,390.0,90.19,2.204,4806.91,18038.23,53.61,1181.9,15.779
2014-12-30,2.854,33050.0,89.99,2.192,4777.44,17983.07,54.12,1200.4,16.276
2014-12-31,2.8255,21860.0,90.27,2.17,4736.05,17823.07,53.27,1184.1,15.599
2015-01-02,2.8175,24540.0,91.08,2.114,4726.81,17832.99,52.69,1186.2,15.768
2015-01-05,2.766,51070.0,91.38,2.034,4652.57,17501.65,50.04,1204.0,16.213
2015-01-06,2.767,34050.0,91.5,1.938,4592.74,17371.64,47.93,1219.4,16.637
2015-01-07,2.7585,36920.0,91.89,1.969,4650.47,17584.52,48.65,1210.7,16.544
2015-01-08,2.7695,47900.0,92.37,2.018,4736.19,17907.87,48.79,1208.5,16.385
2015-01-09,2.7545,45110.0,91.94,1.95,4704.07,17737.37,48.36,1216.1,16.419
2015-01-12,2.7255,55600.0,91.98,1.909,4664.71,17640.84,46.07,1232.8,16.564
2015-01-13,2.644,70160.0,92.31,1.905,4661.5,17613.68,45.89,1234.4,17.156
2015-01-14,2.5055,124430.0,92.16,1.855,4639.32,17427.09,48.48,1234.5,16.988
2015-01-15,2.558,90310.0,92.35,1.728,4570.82,17320.71,46.25,1264.8,17.102
2015-01-16,2.617,63060.0,92.52,1.831,4634.38,17511.57,48.69,1276.9,17.75
2015-01-21,2.6125,53900.0,92.9,1.875,4667.42,17554.28,47.78,1293.7,18.193
2015-01-22,2.5785,42680.0,94.08,1.872,4750.4,17813.98,46.31,1300.7,18.36
2015-01-23,2.5015,49900.0,94.76,1.789,4757.88,17672.6,45.59,1292.6,18.3
2015-01-26,2.543,83320.0,94.8,1.828,4771.76,17678.7,45.15,1279.4,17.983
2015-01-27,2.4625,58050.0,94.02,1.828,4681.5,17387.21,46.23,1291.7,18.084
2015-01-28,2.4795,48910.0,94.47,1.719,4637.99,17191.37,44.45,1285.9,18.088
2015-01-29,2.4545,180.0,94.78,1.756,4683.41,17416.85,44.53,1255.9,16.773
2015-01-30,2.4955,150.0,94.8,1.639,4635.24,17164.95,48.24,1279.2,17.208
2015-02-02,2.4925,60.0,94.5,1.674,4676.69,17361.04,49.57,1276.9,17.251
2015-02-03,2.583,230.0,93.6,1.798,4727.74,17666.4,53.05,1260.3,17.321
2015-02-04,2.5915,310.0,93.99,1.747,4716.7,17673.02,48.45,1264.5,17.395
2015-02-05,2.596,150.0,93.57,1.817,4765.1,17884.88,50.48,1262.7,17.196
2015-02-06,2.588,140.0,95.85,1.958,4744.4,17824.29,51.69,1234.6,16.694
2015-02-09,2.584,310.0,94.45,1.978,4726.01,17729.21,52.86,1241.5,17.07
2015-02-10,2.557,500.0,94.76,2.004,4787.65,17868.76,50.02,1232.2,16.873
2015-02-11,2.544,400.0,94.98,2.021,4801.18,17862.14,48.84,1219.6,16.761
2015-02-12,2.6045,120.0,94.09,1.988,4857.61,17972.38,51.21,1220.7,16.794
2015-02-13,2.611,690.0,94.2,2.047,4893.84,18019.35,52.78,1227.1,17.294
2015-02-18,2.6165,450.0,94.2,2.085,4906.36,18029.85,52.14,1200.2,16.265
2015-02-19,2.623,780.0,94.4,2.122,4924.7,17985.77,51.16,1207.6,16.381
2015-02-20,2.598,520.0,94.34,2.115,4955.97,18140.44,50.34,1204.9,16.273
2015-02-23,2.594,710.0,94.57,2.061,4960.97,18116.84,49.45,1200.8,16.254
2015-02-24,2.648,1500.0,94.49,1.972,4968.12,18209.19,49.28,1197.3,16.188
2015-02-25,2.657,1210.0,94.21,1.972,4967.14,18224.57,50.99,1201.5,16.43
2015-02-26,2.6945,62850.0,95.29,2.031,4987.89,18214.42,48.17,1210.1,16.624
2015-02-27,2.6915,40260.0,95.32,1.996,4963.53,18132.7,49.76,1213.1,16.558
2015-03-02,2.6975,42090.0,95.46,2.089,5008.1,18288.63,49.59,1208.2,16.451
2015-03-03,2.6565,49180.0,95.38,2.122,4979.9,18203.37,50.52,1204.4,16.296
2015-03-04,2.6595,32320.0,95.97,2.119,4967.14,18096.9,51.53,1200.9,16.158
2015-03-05,2.6525,29770.0,96.38,2.117,4982.81,18135.72,50.76,1196.2,16.158
2015-03-06,2.609,42860.0,97.61,2.247,4927.37,17856.78,49.61,1164.3,15.807
2015-03-09,2.6705,50100.0,97.59,2.192,4942.44,17995.72,50.0,1166.5,15.776
2015-03-10,2.624,42210.0,98.62,2.121,4859.8,17662.94,48.29,1160.1,15.633
2015-03-11,2.606,40770.0,99.8,2.109,4849.94,17635.39,48.17,1150.6,15.365
2015-03-12,2.6585,60640.0,99.44,2.11,4893.29,17895.22,47.05,1151.9,15.516
2015-03-13,2.6635,38560.0,100.33,2.118,4871.76,17749.31,44.84,1152.4,15.494
2015-03-16,2.6675,30530.0,99.6,2.074,4929.51,17977.42,43.88,1153.2,15.617
2015-03-17,2.633,46020.0,99.58,2.052,4937.44,17849.08,43.46,1148.2,15.578
2015-03-18,2.5705,72250.0,98.55,1.918,4982.83,18076.19,44.66,1151.3,15.541
2015-03-19,2.66,61360.0,99.26,1.97,4992.38,17959.03,43.96,1169.0,16.114
2015-03-20,2.761,77780.0,97.91,1.932,5026.42,18127.65,45.72,1184.6,16.883
2015-03-23,2.7895,69360.0,97.03,1.909,5010.97,18116.04,47.45,1187.7,16.891
2015-03-24,2.803,62100.0,97.19,1.873,4994.73,18011.14,47.51,1191.4,16.983
2015-03-25,2.792,43330.0,96.98,1.927,4876.52,17718.54,49.21,1197.0,17.0
2015-03-26,2.811,53170.0,97.44,1.996,4863.36,17678.23,51.43,1204.8,17.14
2015-03-27,2.7675,51790.0,97.29,1.96,4891.22,17712.66,48.87,1199.8,17.069
2015-03-30,2.7825,100.0,97.97,1.953,4947.44,17976.31,48.68,1185.3,16.674
2015-03-31,2.741,150.0,98.36,1.927,4900.88,17776.12,47.6,1183.2,16.598
2015-04-01,2.75,100.0,98.19,1.859,4880.23,17698.18,50.09,1208.2,17.059
2015-04-02,2.736,110.0,97.44,1.913,4886.94,17763.24,49.14,1200.9,16.701
2015-04-06,2.719,220.0,96.78,1.899,4917.32,17880.85,52.14,1218.6,17.11
2015-04-07,2.7645,180.0,97.83,1.887,4910.23,17875.42,53.98,1210.6,16.84
2015-04-08,2.7335,240.0,97.94,1.906,4950.82,17902.51,50.42,1203.1,16.454
2015-04-09,2.7305,390.0,99.16,1.963,4974.56,17958.73,50.79,1193.6,16.176
2015-04-10,2.7365,390.0,99.34,1.949,4995.98,18057.65,51.64,1204.6,16.382
2015-04-13,2.721,310.0,99.49,1.93,4988.25,17977.04,51.91,1199.3,16.291
2015-04-14,2.7025,410.0,98.73,1.9,4977.29,18036.7,53.29,1192.6,16.161
2015-04-15,2.7125,500.0,98.32,1.89,5011.02,18112.61,56.39,1201.3,16.279
2015-04-16,2.772,380.0,97.42,1.895,5007.79,18105.77,56.71,1198.0,16.284
2015-04-17,2.7725,890.0,97.52,1.865,4931.81,17826.3,55.74,1203.1,16.229
2015-04-20,2.733,360.0,97.94,1.886,4994.6,18034.93,56.38,1193.7,15.889
2015-04-21,2.705,440.0,98.0,1.911,5014.1,17949.59,55.26,1203.1,16.008
2015-04-22,2.6735,960.0,97.93,1.982,5035.17,18038.27,56.16,1186.9,15.796
2015-04-23,2.7,1250.0,97.28,1.954,5056.06,18058.69,57.74,1194.3,15.829
2015-04-24,2.752,540.0,96.92,1.914,5092.09,18080.14,57.15,1175.0,15.636
2015-04-27,2.775,620.0,96.77,1.926,5060.25,18037.97,56.99,1203.2,16.394
2015-04-28,2.784,610.0,96.09,2.003,5055.42,18110.14,57.06,1213.9,16.591
2015-04-29,2.799,41160.0,95.21,2.046,5023.64,18035.53,58.58,1210.0,16.702
2015-04-30,2.8865,65830.0,94.6,2.035,4941.42,17840.52,59.63,1182.4,16.153
2015-05-01,2.9295,43680.0,95.3,2.112,5005.39,18024.06,59.15,1174.5,16.135
2015-05-04,2.9205,30410.0,95.48,2.146,5016.93,18070.4,58.93,1186.8,16.441
2015-05-05,2.935,50420.0,95.08,2.182,4939.33,17928.2,60.4,1193.2,16.579
2015-05-06,2.926,44240.0,94.09,2.252,4919.64,17841.98,60.93,1190.3,16.506
2015-05-07,2.918,38310.0,94.64,2.178,4945.54,17924.06,58.94,1182.2,16.297
2015-05-08,2.9205,40320.0,94.79,2.142,5003.55,18191.11,59.39,1188.9,16.465
2015-05-11,2.903,35910.0,95.01,2.287,4993.57,18105.17,59.25,1183.0,16.314
2015-05-12,2.9315,41100.0,94.53,2.247,4976.19,18068.23,60.75,1192.4,16.526
2015-05-13,2.929,45250.0,93.62,2.295,4981.69,18060.49,60.5,1218.2,17.221
2015-05-14,2.9235,29850.0,93.46,2.235,5050.8,18252.24,59.88,1225.2,17.465
2015-05-15,2.9245,38100.0,93.14,2.148,5048.29,18272.56,59.69,1225.3,17.563
2015-05-18,2.9065,43990.0,94.22,2.234,5078.44,18298.88,59.43,1227.6,17.732
2015-05-19,2.8375,55540.0,95.27,2.29,5070.03,18312.39,57.26,1206.7,17.071
2015-05-20,2.829,39040.0,95.45,2.257,5071.74,18285.4,58.98,1208.7,17.113
2015-05-21,2.8485,31650.0,95.25,2.195,5090.79,18285.74,60.72,1204.1,17.132
2015-05-22,2.811,45930.0,96.11,2.215,5089.36,18232.02,59.72,1204.0,17.051
2015-05-27,2.7685,49650.0,97.37,2.13,5106.59,18162.99,57.51,1185.6,16.647
2015-05-28,2.772,70.0,96.97,2.135,5097.98,18126.12,57.68,1188.8,16.669
2015-05-29,2.733,120.0,96.91,2.123,5070.02,18010.68,60.3,1189.8,16.701
2015-06-01,2.725,180.0,97.39,2.183,5082.93,18040.37,60.2,1188.7,16.68
2015-06-02,2.74,230.0,95.83,2.266,5076.52,18011.94,61.26,1194.4,16.799
2015-06-03,2.73,90.0,95.47,2.361,5099.23,18076.27,59.64,1184.9,16.48
2015-06-04,2.691,130.0,95.46,2.309,5059.12,17905.58,58.0,1175.2,16.103
2015-06-05,2.696,70.0,96.31,2.409,5068.46,17849.46,59.13,1168.1,15.984
2015-06-08,2.7005,940.0,95.3,2.382,5021.63,17766.55,58.14,1173.6,15.959
2015-06-09,2.718,540.0,95.17,2.442,5013.86,17764.04,60.14,1177.6,15.957
2015-06-10,2.752,580.0,94.65,2.486,5076.69,18000.4,61.43,1186.6,15.959
2015-06-11,2.674,660.0,94.98,2.381,5082.51,18039.37,60.77,1180.4,15.96
2015-06-12,2.683,250.0,94.97,2.39,5051.1,17898.84,59.96,1179.2,15.825
2015-06-15,2.65,250.0,94.81,2.36,5029.97,17791.17,59.52,1185.8,16.083
2015-06-16,2.6195,150.0,95.0,2.309,5055.55,17904.48,59.97,1180.9,15.965
2015-06-17,2.608,90.0,94.3,2.32,5064.88,17935.74,59.92,1176.8,15.947
2015-06-18,2.611,210.0,94.04,2.334,5132.95,18115.84,60.45,1202.0,16.153
2015-06-19,2.575,2160.0,94.08,2.261,5117.0,18015.95,59.61,1201.9,16.109
2015-06-22,2.572,380.0,94.33,2.374,5153.97,18119.78,59.68,1184.1,16.142
2015-06-23,2.6165,860.0,95.43,2.414,5160.1,18144.07,61.01,1176.6,15.737
2015-06-24,2.6255,740.0,95.26,2.373,5122.41,17966.07,60.27,1172.9,15.853
2015-06-25,2.621,1200.0,95.19,2.412,5112.19,17890.36,59.7,1171.8,15.808
2015-06-26,2.6395,610.0,95.47,2.474,5080.51,17946.68,59.63,1173.2,15.768
2015-06-29,2.6335,53110.0,94.79,2.328,4958.47,17596.35,58.33,1179.0,15.695
2015-06-30,2.615,60390.0,95.48,2.349,4986.87,17619.51,59.47,1171.8,15.581
2015-07-01,2.6305,48060.0,96.31,2.427,5013.12,17757.91,56.96,1169.3,15.577
2015-07-02,2.631,31120.0,96.11,2.386,5009.21,17730.11,56.93,1163.5,15.562
2015-07-07,2.4465,118540.0,96.86,2.255,4997.46,17776.91,52.33,1152.6,14.969
2015-07-08,2.497,113770.0,96.29,2.197,4909.76,17515.42,51.65,1163.5,15.163
2015-07-09,2.5515,79040.0,96.61,2.317,4922.4,17548.62,52.78,1159.2,15.361
2015-07-10,2.5375,39660.0,96.03,2.401,4997.7,17760.41,52.74,1157.9,15.481
2015-07-13,2.5445,47630.0,96.86,2.446,5071.51,17977.68,52.2,1155.4,15.457
2015-07-14,2.535,38290.0,96.64,2.397,5104.89,18053.58,53.04,1153.5,15.315
2015-07-15,2.5215,45240.0,97.17,2.356,5098.94,18050.17,51.41,1147.4,15.048
2015-07-16,2.523,36280.0,97.67,2.356,5163.18,18120.25,50.91,1143.9,14.984
2015-07-17,2.496,38740.0,97.86,2.347,5210.14,18086.45,50.89,1131.9,14.834
2015-07-20,2.4815,38910.0,98.03,2.38,5218.86,18100.41,50.15,1106.8,14.758
2015-07-21,2.4745,39610.0,97.33,2.331,5208.12,17919.29,50.36,1103.5,14.785
2015-07-22,2.428,42340.0,97.6,2.327,5171.77,17851.04,49.19,1091.5,14.73
2015-07-23,2.3855,64110.0,97.11,2.269,5146.41,17731.92,48.45,1094.1,14.701
2015-07-24,2.3825,57450.0,97.24,2.262,5088.63,17568.53,48.14,1085.5,14.488
2015-07-27,2.3535,49660.0,96.5,2.216,5039.78,17440.59,47.39,1096.4,14.605
2015-07-28,2.4025,55530.0,96.77,2.25,5089.21,17630.27,47.98,1096.2,14.642
2015-07-29,2.4075,48770.0,96.98,2.289,5111.73,17751.39,48.79,1092.6,14.743
2015-07-30,2.382,320.0,97.56,2.257,5128.78,17745.98,48.52,1088.7,14.696
2015-07-31,2.369,70.0,97.34,2.187,5128.28,17689.86,47.12,1095.1,14.745
2015-08-03,2.352,600.0,97.49,2.15,5115.38,17598.2,45.17,1089.4,14.515
2015-08-04,2.3675,60.0,97.93,2.223,5105.55,17550.69,45.74,1090.7,14.557
2015-08-05,2.354,540.0,97.96,2.27,5139.94,17540.47,45.15,1085.6,14.553
2015-08-06,2.345,360.0,97.83,2.227,5056.44,17419.75,44.66,1090.1,14.677
2015-08-07,2.337,240.0,97.56,2.166,5043.54,17373.38,43.87,1094.1,14.821
2015-08-10,2.405,330.0,97.16,2.232,5101.8,17615.17,44.96,1104.1,15.292
2015-08-11,2.335,180.0,97.29,2.143,5036.79,17402.84,43.08,1107.7,15.284
2015-08-12,2.352,700.0,96.26,2.148,5044.39,17402.51,43.3,1123.6,15.476
2015-08-13,2.354,250.0,96.44,2.189,5033.56,17408.25,42.23,1115.6,15.399
2015-08-14,2.3515,250.0,96.52,2.201,5048.23,17477.4,42.5,1112.7,15.213
2015-08-17,2.3215,80.0,96.81,2.17,5091.7,17545.18,41.87,1118.4,15.298
2015-08-18,2.286,130.0,97.04,2.192,5059.35,17511.34,42.62,1116.9,14.79
2015-08-19,2.2775,230.0,96.36,2.129,5019.05,17348.73,40.8,1127.9,15.179
2015-08-20,2.3195,250.0,95.98,2.073,4877.49,16990.69,41.14,1153.2,15.517
2015-08-21,2.302,1110.0,95.01,2.045,4706.04,16459.75,40.45,1159.6,15.301
2015-08-24,2.2545,950.0,93.33,2.012,4526.25,15871.35,38.24,1153.6,14.762
2015-08-25,2.308,660.0,94.53,2.078,4506.49,15666.44,39.31,1138.3,14.61
2015-08-26,2.244,290.0,95.1,2.18,4697.54,16285.51,38.6,1124.6,14.041
2015-08-27,2.334,1170.0,95.61,2.191,4812.71,16654.77,42.56,1122.6,14.417
2015-08-28,2.346,180.0,96.11,2.184,4828.32,16643.01,45.22,1134.0,14.549
2015-08-31,2.3385,60.0,95.82,2.214,4776.51,16528.03,49.2,1132.5,14.586
2015-09-01,2.3025,210.0,95.45,2.159,4636.1,16058.35,45.41,1139.8,14.62
2015-09-02,2.3315,100.0,95.83,2.188,4749.98,16351.38,46.25,1133.6,14.667
2015-09-03,2.385,110.0,96.41,2.163,4733.5,16374.76,46.75,1124.5,14.707
2015-09-04,2.3125,80.0,96.23,2.131,4683.92,16102.38,46.05,1121.4,14.549
2015-09-09,2.4375,210.0,96.01,2.195,4756.53,16253.57,44.15,1102.0,14.576
2015-09-10,2.448,40.0,95.46,2.227,4796.25,16330.4,45.92,1109.3,14.645
2015-09-11,2.4545,40.0,95.19,2.187,4822.34,16433.09,44.63,1103.3,14.505
2015-09-14,2.4075,120.0,95.25,2.183,4805.76,16370.96,44.0,1107.7,14.363
2015-09-15,2.4285,130.0,95.61,2.292,4860.52,16599.85,44.59,1102.6,14.326
2015-09-16,2.453,170.0,95.42,2.296,4889.24,16739.95,47.15,1119.0,14.885
2015-09-17,2.453,140.0,94.55,2.192,4893.95,16674.74,46.9,1117.0,14.984
2015-09-18,2.3875,100.0,94.86,2.134,4827.23,16384.58,44.68,1137.8,15.163
2015-09-21,2.3895,130.0,95.89,2.199,4828.95,16510.19,46.68,1132.8,15.221
2015-09-22,2.299,300.0,96.28,2.132,4756.72,16330.47,45.83,1124.8,14.756
2015-09-23,2.297,350.0,96.07,2.151,4752.74,16279.89,44.48,1131.5,14.789
2015-09-24,2.304,430.0,96.69,2.128,4734.48,16201.32,44.91,1153.8,15.13
2015-09-25,2.2855,380.0,96.27,2.166,4686.5,16314.67,45.7,1145.6,15.111
2015-09-28,2.252,370.0,96.03,2.098,4543.97,16001.89,44.43,1131.7,14.538
2015-09-29,2.2515,38300.0,95.86,2.06,4517.32,16049.13,45.23,1126.8,14.573
2015-09-30,2.341,69060.0,96.35,2.035,4620.16,16284.7,45.09,1115.2,14.518
2015-10-01,2.3045,52450.0,96.19,2.042,4627.08,16272.01,44.74,1113.7,14.511
2015-10-02,2.3255,43130.0,95.83,1.991,4707.77,16472.37,45.54,1136.6,15.263
2015-10-05,2.3555,35210.0,96.11,2.058,4781.26,16776.43,46.26,1137.6,15.708
2015-10-06,2.355,34050.0,95.45,2.035,4748.36,16790.19,48.53,1146.4,15.984
2015-10-07,2.367,41860.0,95.5,2.065,4791.15,16912.29,47.81,1148.7,16.094
2015-10-08,2.343,45060.0,95.32,2.102,4810.79,17050.75,49.43,1144.3,15.766
2015-10-09,2.414,75810.0,94.81,2.09,4830.47,17084.49,49.63,1155.9,15.818
2015-10-12,2.4155,36230.0,94.84,2.07,4838.64,17131.86,47.1,1164.5,15.864
2015-10-13,2.3875,38890.0,94.76,2.042,4796.61,17081.89,46.66,1165.4,15.907
2015-10-14,2.4155,33730.0,93.93,1.975,4782.85,16924.75,46.64,1179.8,16.117
2015-10-15,2.423,40650.0,94.37,2.019,4870.1,17141.75,46.38,1187.5,16.164
2015-10-16,2.4035,40390.0,94.54,2.035,4886.69,17215.97,47.26,1183.1,16.114
2015-10-19,2.3675,39660.0,94.93,2.023,4905.47,17230.54,45.89,1172.8,15.841
2015-10-20,2.3655,40910.0,94.91,2.069,4880.97,17217.11,45.55,1177.5,15.917
2015-10-21,2.3605,46790.0,95.03,2.028,4840.12,17168.61,45.2,1167.1,15.71
2015-10-22,2.3835,52300.0,96.38,2.028,4920.05,17489.16,45.38,1166.1,15.837
2015-10-23,2.35,64819.99999999999,97.13,2.087,5031.86,17646.7,44.6,1162.8,15.827
2015-10-26,2.357,39270.0,96.86,2.058,5034.7,17623.05,43.98,1166.2,15.905
2015-10-27,2.362,42960.0,96.91,2.037,5030.15,17581.43,43.2,1165.8,15.863
2015-10-28,2.3625,58180.0,97.78,2.101,5095.69,17779.52,45.94,1176.1,16.293
2015-10-29,2.3265,50.0,97.28,2.172,5074.27,17755.8,46.06,1147.3,15.55
2015-10-30,2.3235,60.0,96.95,2.146,5053.75,17663.54,46.59,1141.4,15.567
2015-11-02,2.324,70.0,96.93,2.176,5127.15,17828.76,46.14,1135.9,15.408
2015-11-03,2.336,170.0,97.16,2.218,5145.13,17918.15,47.9,1114.1,15.239
2015-11-04,2.328,120.0,97.95,2.227,5142.48,17867.58,46.32,1106.2,15.058
2015-11-05,2.262,220.0,97.94,2.236,5127.74,17863.43,45.2,1104.2,14.983
2015-11-06,2.25,610.0,99.17,2.325,5147.12,17910.33,44.29,1087.7,14.691
2015-11-09,2.2375,250.0,98.98,2.349,5095.3,17730.48,43.87,1088.1,14.413
2015-11-10,2.223,430.0,99.29,2.336,5083.24,17758.21,44.21,1088.5,14.356
2015-11-11,2.224,130.0,99.01,2.331,5067.02,17702.22,42.93,1084.9,14.263
2015-11-12,2.179,330.0,98.65,2.315,5005.08,17448.07,41.75,1081.0,14.225
2015-11-13,2.174,220.0,99.0,2.275,4927.88,17245.24,40.74,1080.9,14.204
2015-11-16,2.1225,690.0,99.44,2.271,4984.62,17483.01,41.74,1083.6,14.222
2015-11-17,2.1095,240.0,99.63,2.268,4986.02,17489.5,40.67,1068.6,14.171
2015-11-18,2.0825,470.0,99.65,2.273,5075.2,17737.16,40.75,1068.7,14.081
2015-11-19,2.082,680.0,98.99,2.247,5073.64,17732.75,40.54,1077.9,14.222
2015-11-20,2.058,400.0,99.56,2.264,5104.92,17823.81,40.39,1076.3,14.096
2015-11-23,2.021,710.0,99.8,2.243,5102.48,17792.68,41.75,1066.8,14.032
2015-11-24,2.062,2160.0,99.53,2.239,5102.81,17812.19,42.87,1073.8,14.159
2015-11-25,2.0505,1300.0,99.8,2.234,5116.14,17813.39,43.04,1070.0,14.158
2015-11-30,2.046,210.0,100.17,2.208,5108.67,17719.92,41.65,1065.3,14.086
2015-12-01,2.0715,980.0,99.8,2.145,5156.31,17888.35,41.85,1063.5,14.083
2015-12-02,2.0325,400.0,99.99,2.178,5123.22,17729.68,39.94,1053.8,14.009
2015-12-03,2.0605,180.0,97.62,2.321,5037.53,17477.67,41.08,1061.2,14.077
2015-12-04,2.0775,200.0,98.35,2.273,5142.27,17847.63,39.97,1084.1,14.528
2015-12-07,2.049,200.0,98.66,2.236,5101.81,17730.51,37.65,1075.2,14.332
2015-12-08,2.0525,220.0,98.47,2.222,5098.24,17568.0,37.51,1075.3,14.116
2015-12-09,2.0645,200.0,97.34,2.211,5022.86,17492.3,37.16,1076.5,14.189
2015-12-10,2.0705,60.0,97.94,2.234,5045.17,17574.75,36.76,1072.0,14.11
2015-12-11,2.1135,200.0,97.56,2.132,4933.47,17265.21,35.62,1075.7,13.884
2015-12-14,2.109,90.0,97.6,2.225,4952.23,17368.5,36.31,1063.4,13.695
2015-12-15,2.054,100.0,98.22,2.268,4995.36,17524.91,37.35,1061.6,13.77
2015-12-16,2.069,70.0,97.87,2.298,5071.13,17749.09,35.52,1076.8,14.248
2015-12-17,2.041,80.0,99.27,2.225,5002.55,17495.84,34.95,1049.6,13.703
2015-12-18,2.11,80.0,98.7,2.204,4923.08,17128.55,34.73,1065.0,14.096
2015-12-21,2.1375,70.0,98.36,2.195,4968.92,17251.62,34.74,1080.6,14.315
2015-12-22,2.106,90.0,98.23,2.237,5001.11,17417.27,36.14,1074.1,14.314
2015-12-23,2.121,140.0,98.34,2.259,5045.93,17602.61,37.5,1068.3,14.287
2015-12-24,2.1205,100.0,97.98,2.245,5048.49,17552.17,38.1,1075.9,14.379
2015-12-28,2.0755,110.0,97.92,2.232,5040.98,17528.27,36.81,1068.3,13.884
2015-12-29,2.132,560.0,98.1,2.308,5107.94,17720.98,37.87,1068.0,13.928
2015-12-30,2.1465,25890.0,98.27,2.294,5065.85,17603.87,36.6,1059.8,13.842
2015-12-31,2.135,24050.0,98.63,2.269,5007.41,17425.03,37.04,1060.2,13.803
2016-01-04,2.0795,57200.0,98.87,2.243,4903.09,17148.94,36.76,1075.2,13.841
2016-01-05,2.0955,41860.0,99.4,2.239,4891.43,17158.66,35.97,1078.4,13.971
2016-01-06,2.088,39360.0,99.18,2.17,4835.77,16906.51,33.97,1091.9,13.976
2016-01-07,2.022,109450.0,98.22,2.149,4689.43,16514.1,33.27,1107.8,14.344
2016-01-08,2.022,57490.0,98.54,2.116,4643.63,16346.45,33.16,1097.9,13.918
2016-01-11,1.9725,69510.0,98.72,2.175,4637.99,16398.57,31.41,1096.2,13.866
2016-01-12,1.959,55040.0,98.97,2.105,4685.92,16516.22,30.44,1085.2,13.751
2016-01-13,1.956,51720.0,98.93,2.091,4526.06,16151.41,30.48,1087.1,14.156
2016-01-14,1.976,64150.00000000001,99.09,2.091,4615.0,16379.05,31.2,1073.6,13.748
2016-01-15,1.9435,46200.0,98.96,2.037,4488.42,15988.08,29.42,1090.7,13.896
2016-01-20,1.9595,52540.0,99.09,1.988,4471.69,15766.74,26.55,1106.2,14.16
2016-01-21,1.9965,55970.0,99.06,2.028,4472.06,15882.68,29.53,1098.2,14.094
2016-01-22,2.0025,51750.0,99.57,2.057,4591.18,16093.51,32.19,1096.3,14.057
2016-01-25,1.998,50540.0,99.36,2.006,4518.49,15885.22,30.34,1105.3,14.254
2016-01-26,2.0375,64780.0,99.36,2.003,4567.67,16167.23,31.45,1120.2,14.564
2016-01-27,2.064,60950.0,98.9,2.003,4468.17,15944.46,32.3,1115.8,14.459
2016-01-28,2.0555,20.0,98.51,1.982,4506.68,16069.64,33.22,1116.1,14.232
2016-01-29,2.0705,30.0,99.61,1.923,4613.95,16466.3,33.62,1116.4,14.243
2016-02-01,2.059,230.0,99.01,1.95,4620.37,16449.18,31.62,1128.0,14.343
2016-02-02,2.0585,90.0,98.87,1.852,4516.95,16153.54,29.88,1127.2,14.289
2016-02-03,2.0975,120.0,97.29,1.883,4504.24,16336.66,32.28,1141.3,14.734
2016-02-04,2.134,110.0,96.47,1.846,4509.56,16416.58,31.72,1157.5,14.85
2016-02-05,2.105,100.0,97.03,1.843,4363.14,16204.97,30.89,1157.7,14.778
2016-02-08,2.0915,90.0,96.57,1.748,4283.75,16027.05,29.69,1197.9,15.426
2016-02-09,2.0415,140.0,96.07,1.731,4268.76,16014.38,27.94,1198.6,15.449
2016-02-10,2.029,170.0,95.89,1.673,4283.59,15914.74,27.45,1194.6,15.282
2016-02-11,2.0085,160.0,95.56,1.664,4266.84,15660.18,26.21,1247.8,15.794
2016-02-12,2.031,100.0,95.94,1.746,4337.51,15973.84,29.44,1239.4,15.79
2016-02-17,2.077,180.0,96.79,1.816,4534.06,16453.83,30.66,1211.4,15.377
2016-02-18,2.0745,170.0,96.95,1.741,4487.54,16413.43,30.77,1226.3,15.432
2016-02-19,2.0775,140.0,96.6,1.743,4504.43,16391.99,29.64,1230.8,15.373
2016-02-22,2.116,450.0,97.38,1.755,4570.61,16620.66,31.48,1210.1,15.184
2016-02-23,2.107,370.0,97.48,1.716,4503.58,16431.78,31.87,1222.6,15.24
2016-02-24,2.098,340.0,97.46,1.752,4542.61,16484.99,32.15,1239.1,15.297
2016-02-25,2.07,720.0,97.29,1.714,4582.2,16697.29,33.07,1238.8,15.17
2016-02-26,2.125,97520.0,98.15,1.764,4590.47,16639.97,32.78,1220.4,14.714
2016-02-29,2.1325,57130.0,98.21,1.738,4557.95,16516.5,33.75,1234.4,14.918
2016-03-01,2.1455,59110.0,98.35,1.827,4689.6,16865.08,34.4,1230.8,14.756
2016-03-02,2.181,70180.0,98.21,1.835,4703.42,16899.32,34.66,1241.8,15.022
2016-03-03,2.2085,63000.0,97.59,1.835,4707.42,16943.9,34.57,1258.2,15.146
2016-03-04,2.2745,104960.0,97.34,1.876,4717.02,17006.77,35.92,1270.7,15.694
2016-03-07,2.2835,80420.0,97.07,1.904,4708.25,17073.95,37.9,1264.0,15.633
2016-03-08,2.222,82510.0,97.21,1.831,4648.82,16964.1,36.5,1262.9,15.39
2016-03-09,2.2325,64629.99999999999,97.17,1.88,4674.38,17000.36,38.29,1257.4,15.366
2016-03-10,2.22,53450.0,96.07,1.936,4662.16,16995.13,37.84,1272.8,15.549
2016-03-11,2.241,50020.0,96.17,1.98,4748.47,17213.31,38.5,1259.4,15.605
2016-03-14,2.2395,56340.0,96.62,1.961,4750.28,17229.13,37.18,1245.1,15.521
2016-03-15,2.2335,43070.0,96.63,1.968,4728.67,17251.53,36.34,1231.0,15.261
2016-03-16,2.234,49140.0,95.89,1.913,4763.97,17325.76,38.46,1229.8,15.219
2016-03-17,2.2925,72920.0,94.76,1.898,4774.98,17481.49,40.2,1265.0,16.033
2016-03-18,2.2825,61570.0,95.09,1.877,4795.65,17602.3,39.44,1254.3,15.811
2016-03-21,2.2925,44870.0,95.29,1.917,4808.87,17623.87,39.91,1244.2,15.847
2016-03-22,2.2895,35360.0,95.65,1.944,4821.66,17582.57,41.45,1248.6,15.885
2016-03-23,2.2355,62920.0,96.05,1.879,4768.86,17502.59,39.79,1224.0,15.272
2016-03-24,2.229,54450.0,96.14,1.9,4773.51,17515.73,39.46,1221.6,15.199
2016-03-28,2.246,26260.0,95.94,1.883,4766.79,17535.39,39.39,1220.1,15.19
2016-03-29,2.214,66650.0,95.16,1.804,4846.62,17633.11,38.28,1235.8,15.233
2016-03-30,2.195,200.0,94.84,1.828,4869.29,17716.66,38.32,1228.6,15.211
2016-03-31,2.188,350.0,94.59,1.77,4869.85,17685.09,38.34,1235.6,15.464
2016-04-01,2.1685,100.0,94.62,1.774,4914.54,17792.75,36.79,1223.5,15.046
2016-04-04,2.146,240.0,94.51,1.762,4891.8,17737.0,35.7,1219.3,14.944
2016-04-05,2.144,380.0,94.63,1.72,4843.93,17603.32,35.89,1229.6,15.116
2016-04-06,2.15,500.0,94.43,1.758,4920.72,17716.05,37.75,1223.8,15.054
2016-04-07,2.084,450.0,94.48,1.687,4848.37,17541.96,37.26,1237.5,15.158
2016-04-08,2.093,540.0,94.23,1.717,4850.69,17576.96,39.72,1243.8,15.384
2016-04-11,2.095,290.0,93.95,1.722,4833.4,17556.41,40.36,1258.0,15.976
2016-04-12,2.1505,280.0,93.96,1.776,4872.09,17721.25,42.17,1260.9,16.222
2016-04-13,2.1725,400.0,94.74,1.766,4947.42,17908.28,41.76,1248.3,16.325
2016-04-14,2.1755,360.0,94.9,1.792,4945.89,17926.43,41.5,1226.5,16.173
2016-04-15,2.1575,190.0,94.7,1.753,4938.22,17897.46,40.36,1234.6,16.313
2016-04-18,2.1695,390.0,94.49,1.771,4960.02,18004.16,39.78,1235.0,16.253
2016-04-19,2.228,410.0,93.98,1.787,4940.33,18053.6,41.08,1254.3,16.972
2016-04-20,2.2415,920.0,94.49,1.845,4948.13,18096.27,42.63,1254.4,17.135
2016-04-21,2.253,890.0,94.6,1.865,4945.89,17982.52,43.18,1250.3,17.09
2016-04-22,2.2665,660.0,95.12,1.891,4906.23,18003.75,43.73,1230.0,16.9
2016-04-25,2.254,1220.0,94.84,1.914,4895.79,17977.24,42.64,1240.2,17.009
2016-04-26,2.243,880.0,94.57,1.931,4888.28,17990.32,44.04,1243.4,17.11
2016-04-27,2.2205,1270.0,94.39,1.852,4863.14,18041.55,45.33,1250.4,17.289
2016-04-28,2.2315,51110.0,93.76,1.824,4805.29,17830.76,46.03,1266.4,17.588
2016-04-29,2.2835,69030.0,93.08,1.835,4775.36,17773.64,45.92,1290.5,17.819
2016-05-02,2.2665,29600.0,92.63,1.872,4817.59,17891.16,44.78,1295.8,17.682
2016-05-03,2.219,70430.0,92.94,1.796,4763.22,17750.91,43.65,1291.8,17.499
2016-05-04,2.1865,59890.0,93.18,1.777,4725.64,17651.26,43.78,1274.4,17.301
2016-05-05,2.154,66970.0,93.78,1.742,4717.09,17660.71,44.32,1272.3,17.327
2016-05-06,2.154,63630.0,93.89,1.779,4736.15,17740.63,44.66,1294.0,17.527
2016-05-09,2.1065,77410.0,94.13,1.751,4750.21,17705.91,43.44,1266.6,17.089
2016-05-10,2.0925,63010.0,94.29,1.754,4809.88,17928.35,44.66,1264.8,17.092
2016-05-11,2.1035,64280.0,93.82,1.735,4760.69,17711.12,46.23,1275.5,17.319
2016-05-12,2.0745,96220.0,94.15,1.748,4737.33,17720.5,46.7,1271.2,17.103
2016-05-13,2.074,62030.0,94.61,1.702,4717.68,17535.32,46.21,1272.7,17.132
2016-05-16,2.089,62450.0,94.57,1.757,4775.46,17710.71,47.72,1274.2,17.154
2016-05-17,2.089,58060.0,94.55,1.772,4715.73,17529.98,48.31,1276.9,17.25
2016-05-18,2.0785,70980.0,95.08,1.859,4739.12,17526.62,48.19,1274.4,17.132
2016-05-19,2.061,60390.0,95.29,1.847,4712.53,17435.4,48.16,1254.8,16.493
2016-05-20,2.0555,45630.0,95.33,1.844,4769.56,17500.94,47.75,1252.9,16.532
2016-05-23,2.055,51840.0,95.23,1.835,4765.78,17492.93,48.08,1251.5,16.423
2016-05-24,2.0665,60150.0,95.57,1.865,4861.06,17706.05,48.62,1229.2,16.254
2016-05-25,2.1015,64970.0,95.35,1.872,4894.89,17851.51,49.56,1223.8,16.261
2016-05-26,2.1025,57840.0,95.17,1.83,4901.77,17828.29,49.48,1220.4,16.343
2016-05-27,2.119,30.0,95.52,1.851,4933.51,17873.22,49.33,1216.7,16.269
2016-06-01,2.0775,630.0,95.45,1.839,4952.25,17789.67,49.01,1214.7,15.927
2016-06-02,2.074,120.0,95.56,1.799,4971.36,17838.56,49.17,1212.6,16.025
2016-06-03,2.1155,80.0,94.03,1.702,4942.52,17807.06,48.62,1242.9,16.365
2016-06-06,2.121,130.0,93.9,1.737,4968.71,17920.33,49.69,1247.4,16.447
2016-06-07,2.0545,300.0,93.83,1.716,4961.75,17938.28,50.36,1247.0,16.394
2016-06-08,2.065,170.0,93.59,1.704,4974.64,18005.05,51.23,1262.3,16.985
2016-06-09,2.042,150.0,93.95,1.682,4958.62,17985.19,50.56,1272.7,17.268
2016-06-10,2.033,140.0,94.57,1.644,4894.55,17865.34,49.07,1275.9,17.33
2016-06-13,2.055,160.0,94.36,1.613,4848.44,17732.48,48.88,1286.9,17.443
2016-06-14,2.042,440.0,94.93,1.613,4843.55,17674.82,48.49,1288.1,17.424
2016-06-15,2.092,530.0,94.61,1.575,4834.93,17640.17,48.01,1288.3,17.503
2016-06-16,2.0505,320.0,94.57,1.579,4844.91,17733.1,46.21,1298.4,17.607
2016-06-17,2.0535,160.0,94.21,1.611,4800.34,17675.16,47.98,1294.8,17.411
2016-06-20,2.0945,300.0,93.61,1.678,4837.21,17804.87,49.37,1292.1,17.514
2016-06-21,2.1165,200.0,94.02,1.709,4843.76,17829.73,48.85,1272.5,17.319
2016-06-22,2.135,300.0,93.72,1.687,4833.32,17780.83,49.13,1270.0,17.312
2016-06-23,2.1635,1000.0,93.53,1.744,4910.04,18011.07,50.11,1263.1,17.353
2016-06-24,2.113,770.0,95.45,1.562,4707.98,17400.75,47.64,1322.4,17.789
2016-06-27,2.1235,360.0,96.54,1.444,4594.44,17140.24,46.33,1324.7,17.744
2016-06-28,2.173,300.0,96.25,1.465,4691.87,17409.72,47.85,1317.9,17.843
2016-06-29,2.186,49760.0,95.77,1.517,4779.24,17694.68,49.88,1326.9,18.407
2016-06-30,2.1955,57400.0,96.14,1.475,4842.67,17929.99,48.33,1320.6,18.623
2016-07-01,2.217,67240.0,95.65,1.456,4862.57,17949.37,48.99,1339.0,19.588
2016-07-06,2.1535,71260.0,96.05,1.373,4859.16,17918.62,47.43,1367.1,20.203
2016-07-07,2.1235,53420.0,96.33,1.385,4876.81,17895.88,45.14,1362.1,19.838
2016-07-08,2.119,44180.0,96.3,1.358,4956.76,18146.74,45.41,1358.4,20.099
2016-07-11,2.1475,51990.0,96.57,1.43,4988.64,18226.93,44.76,1356.6,20.304
2016-07-12,2.213,73430.0,96.44,1.507,5022.82,18347.67,46.8,1335.3,20.171
2016-07-13,2.24,96290.0,96.22,1.473,5005.73,18372.12,44.75,1343.6,20.413
2016-07-14,2.243,54110.0,96.08,1.537,5034.06,18506.41,45.68,1332.2,20.322
2016-07-15,2.2335,63650.0,96.58,1.558,5029.59,18516.55,45.95,1327.4,20.165
2016-07-18,2.237,74260.0,96.56,1.582,5055.78,18533.05,45.24,1329.3,20.075
2016-07-19,2.263,63250.0,97.06,1.558,5036.37,18559.01,44.65,1332.3,20.007
2016-07-20,2.254,63220.0,97.2,1.58,5089.93,18595.03,44.94,1319.3,19.613
2016-07-21,2.2585,53580.0,97.0,1.556,5073.9,18517.23,44.75,1331.0,19.815
2016-07-22,2.2355,64950.0,97.47,1.566,5100.16,18570.85,44.19,1323.4,19.689
2016-07-25,2.217,58900.0,97.29,1.575,5097.63,18493.06,43.13,1319.5,19.647
2016-07-26,2.2255,50060.0,97.16,1.563,5110.05,18473.75,42.92,1320.8,19.683
2016-07-27,2.185,67020.0,97.05,1.503,5139.81,18472.17,41.92,1326.7,19.995
2016-07-28,2.2125,40.0,96.74,1.508,5154.98,18456.35,41.14,1341.2,20.192
2016-07-29,2.225,30.0,95.53,1.45,5162.13,18432.24,41.6,1357.5,20.347
2016-08-01,2.2045,280.0,95.71,1.52,5184.2,18404.51,40.06,1359.6,20.5
2016-08-02,2.214,110.0,95.06,1.554,5137.73,18313.77,39.51,1372.6,20.701
2016-08-03,2.2035,580.0,95.56,1.545,5159.74,18355.0,40.83,1364.7,20.471
2016-08-04,2.18,450.0,95.76,1.503,5166.25,18352.05,41.93,1367.4,20.443
2016-08-05,2.16,110.0,96.19,1.59,5221.12,18543.53,41.8,1344.4,19.817
2016-08-08,2.17,230.0,96.4,1.592,5213.14,18529.29,43.02,1341.3,19.805
2016-08-09,2.1545,50.0,96.18,1.549,5225.48,18533.05,42.77,1346.7,19.85
2016-08-10,2.175,160.0,95.65,1.513,5204.59,18495.66,41.71,1351.9,20.17
2016-08-11,2.194,130.0,95.86,1.561,5228.4,18613.52,43.49,1350.0,20.02
2016-08-12,2.144,230.0,95.72,1.51,5232.9,18576.47,44.49,1343.2,19.703
2016-08-15,2.156,540.0,95.63,1.558,5262.02,18636.05,45.74,1347.5,19.847
2016-08-16,2.176,50.0,94.79,1.575,5227.11,18552.02,46.58,1356.9,19.874
2016-08-17,2.157,290.0,94.72,1.549,5228.66,18573.94,46.79,1348.8,19.648
2016-08-18,2.1725,250.0,94.16,1.534,5240.15,18597.7,48.22,1357.2,19.74
2016-08-19,2.1715,130.0,94.51,1.58,5238.38,18552.57,48.52,1346.2,19.317
2016-08-22,2.1455,670.0,94.52,1.544,5244.6,18529.42,47.05,1343.4,18.859
2016-08-23,2.12,360.0,94.54,1.546,5260.08,18547.3,48.1,1346.1,18.922
2016-08-24,2.08,810.0,94.79,1.563,5217.69,18481.48,46.77,1329.7,18.556
2016-08-25,2.079,1050.0,94.77,1.578,5212.2,18448.41,47.33,1324.6,18.489
2016-08-26,2.0815,640.0,95.57,1.628,5218.92,18395.4,47.64,1325.9,18.651
2016-08-29,2.0765,490.0,95.58,1.563,5232.33,18502.99,46.98,1327.1,18.768
2016-08-30,2.0745,210.0,96.05,1.57,5222.99,18454.3,46.35,1316.5,18.673
2016-08-31,2.075,100.0,96.02,1.578,5213.22,18400.88,44.7,1311.4,18.707
2016-09-01,2.0735,100.0,95.65,1.568,5227.21,18419.3,43.16,1317.1,18.943
2016-09-02,2.076,270.0,95.84,1.607,5249.9,18491.96,44.44,1326.7,19.366
2016-09-07,2.097,80.0,94.96,1.536,5283.93,18526.14,45.5,1349.2,19.848
2016-09-08,2.0995,100.0,95.03,1.601,5259.48,18479.91,47.62,1341.6,19.678
2016-09-09,2.092,50.0,95.34,1.675,5125.91,18085.45,45.88,1334.5,19.368
2016-09-12,2.0995,120.0,95.09,1.666,5211.89,18325.07,46.29,1325.6,19.0
2016-09-13,2.1,150.0,95.63,1.729,5155.26,18066.75,44.9,1323.7,18.975
2016-09-14,2.1535,300.0,95.33,1.698,5173.77,18034.77,43.58,1326.1,19.066
2016-09-15,2.157,110.0,95.29,1.698,5249.69,18212.48,43.91,1318.0,19.041
2016-09-16,2.157,80.0,96.11,1.694,5244.57,18123.8,43.03,1310.2,18.862
2016-09-19,2.1545,50.0,95.84,1.707,5235.03,18120.17,43.3,1317.8,19.29
2016-09-20,2.1615,130.0,96.02,1.693,5241.35,18129.96,43.44,1318.2,19.277
2016-09-21,2.151,90.0,95.66,1.655,5295.18,18293.7,45.34,1331.4,19.768
2016-09-22,2.1925,230.0,95.45,1.618,5339.52,18392.46,46.32,1344.7,20.099
2016-09-23,2.1975,130.0,95.48,1.62,5305.75,18261.45,44.48,1341.7,19.81
2016-09-26,2.1955,130.0,95.3,1.584,5257.49,18094.83,45.93,1344.1,19.596
2016-09-27,2.1675,130.0,95.44,1.56,5305.71,18228.3,44.67,1330.4,19.165
2016-09-28,2.1845,340.0,95.43,1.572,5318.55,18339.24,47.05,1323.7,19.121
2016-09-29,2.19,61740.0,95.53,1.558,5269.15,18143.45,47.83,1326.0,19.188
2016-09-30,2.2105,60150.0,95.46,1.598,5312.0,18308.15,48.24,1317.1,19.214
2016-10-03,2.192,70440.0,95.69,1.627,5300.87,18253.85,48.81,1312.7,18.868
2016-10-04,2.167,53150.0,96.17,1.69,5289.66,18168.45,48.69,1269.7,17.775
2016-10-05,2.1645,37070.0,96.12,1.706,5316.02,18281.03,49.83,1268.6,17.695
2016-10-06,2.1555,43200.0,96.77,1.739,5306.85,18268.5,50.44,1253.0,17.345
2016-10-07,2.1635,60790.0,96.63,1.723,5292.4,18240.49,49.81,1251.9,17.38
2016-10-10,2.1975,64200.0,96.93,1.765,5328.67,18329.04,51.35,1260.4,17.659
2016-10-11,2.1855,59880.0,97.69,1.767,5246.79,18128.66,50.79,1255.9,17.509
2016-10-12,2.1765,43910.0,97.97,1.771,5239.02,18144.2,50.18,1253.8,17.505
2016-10-13,2.122,97460.0,97.52,1.746,5213.33,18098.94,50.44,1257.6,17.458
2016-10-14,2.1105,68070.0,98.02,1.805,5214.16,18138.38,50.35,1255.5,17.441
2016-10-17,2.107,59950.0,97.89,1.768,5199.82,18086.4,49.94,1256.6,17.474
2016-10-18,2.1055,60720.0,97.89,1.74,5243.84,18161.94,50.29,1262.9,17.638
2016-10-19,2.1035,63360.0,97.92,1.747,5246.41,18202.62,51.6,1269.9,17.663
2016-10-20,2.096,43370.0,98.31,1.756,5241.83,18162.35,50.43,1267.5,17.549
2016-10-21,2.0885,39910.0,98.69,1.736,5257.4,18145.71,50.85,1267.7,17.493
2016-10-24,2.093,50710.0,98.76,1.766,5309.83,18223.03,50.52,1263.7,17.604
2016-10-25,2.1385,90330.0,98.72,1.758,5283.4,18169.27,49.96,1273.6,17.78
2016-10-26,2.1455,54330.0,98.63,1.791,5250.27,18199.33,49.18,1266.6,17.626
2016-10-27,2.1635,61400.0,98.89,1.85,5215.97,18169.68,49.72,1269.5,17.639
2016-10-28,2.197,40.0,98.35,1.849,5190.1,18161.19,48.7,1276.8,17.796
2016-10-31,2.208,250.0,98.44,1.826,5189.14,18142.42,46.86,1273.1,17.796
2016-11-01,2.2315,230.0,97.7,1.827,5153.58,18037.1,46.67,1288.0,18.418
2016-11-02,2.2335,60.0,97.4,1.801,5105.57,17959.64,45.34,1308.2,18.693
2016-11-03,2.252,120.0,97.16,1.81,5058.41,17930.67,44.66,1303.3,18.416
2016-11-04,2.2685,140.0,97.06,1.778,5046.37,17888.28,44.07,1304.5,18.371
2016-11-07,2.3135,400.0,97.78,1.828,5166.17,18259.6,44.89,1279.4,18.151
2016-11-08,2.383,690.0,97.86,1.858,5193.49,18332.74,44.98,1274.5,18.356
2016-11-09,2.4615,320.0,98.5,2.068,5251.07,18589.69,45.27,1273.5,18.378
2016-11-10,2.554,530.0,98.78,2.138,5208.8,18807.88,44.66,1266.4,18.737
2016-11-14,2.5235,530.0,100.11,2.254,5218.4,18868.69,43.32,1221.7,16.893
2016-11-15,2.5075,360.0,100.23,2.23,5275.62,18923.06,45.81,1224.5,17.043
2016-11-16,2.4705,560.0,100.41,2.214,5294.58,18868.14,45.57,1223.9,16.927
2016-11-17,2.4935,290.0,100.89,2.297,5333.97,18903.82,45.42,1216.9,16.772
2016-11-18,2.47,510.0,101.21,2.348,5321.51,18867.93,45.69,1208.7,16.624
2016-11-21,2.5195,1930.0,101.05,2.314,5368.86,18956.69,47.49,1209.8,16.521
2016-11-22,2.548,1060.0,101.04,2.314,5386.35,19023.87,48.03,1211.2,16.632
2016-11-23,2.6095,1350.0,101.7,2.355,5380.68,19083.18,47.96,1189.3,16.391
2016-11-28,2.661,3090.0,101.33,2.312,5368.81,19097.9,47.08,1190.8,16.583
2016-11-29,2.6065,240.0,100.93,2.293,5379.92,19121.6,45.23,1190.8,16.74
2016-11-30,2.6295,260.0,101.5,2.39,5323.68,19123.58,49.44,1173.9,16.482
2016-12-01,2.639,170.0,101.04,2.454,5251.11,19191.93,51.06,1169.4,16.506
2016-12-02,2.622,90.0,100.77,2.392,5255.65,19170.42,51.68,1177.8,16.832
2016-12-05,2.6945,70.0,100.09,2.401,5308.89,19216.24,51.79,1176.5,16.899
2016-12-06,2.677,90.0,100.49,2.392,5333.0,19251.78,50.93,1170.1,16.81
2016-12-07,2.6415,120.0,100.23,2.344,5393.76,19549.62,49.77,1177.5,17.275
2016-12-08,2.6235,140.0,101.1,2.409,5417.36,19614.81,50.84,1172.4,17.096
2016-12-09,2.645,110.0,101.59,2.466,5444.5,19756.85,51.5,1161.9,16.967
2016-12-12,2.616,170.0,101.03,2.477,5412.54,19796.43,52.83,1165.8,17.187
2016-12-13,2.595,80.0,101.07,2.473,5463.83,19911.21,52.98,1159.0,16.977
2016-12-14,2.6015,170.0,101.76,2.567,5436.67,19792.53,51.04,1163.7,17.221
2016-12-15,2.597,90.0,103.02,2.606,5456.85,19852.24,50.9,1129.8,15.958
2016-12-16,2.561,180.0,102.95,2.599,5437.16,19843.41,51.9,1137.4,16.215
2016-12-19,2.4965,150.0,103.14,2.544,5457.44,19883.06,52.12,1142.7,16.089
2016-12-20,2.4995,410.0,103.29,2.56,5483.94,19974.62,52.23,1133.6,16.117
2016-12-21,2.494,60.0,103.02,2.538,5471.43,19941.96,52.49,1133.2,15.979
2016-12-22,2.497,210.0,103.09,2.553,5447.42,19918.88,52.95,1130.7,15.871
2016-12-23,2.476,210.0,103.01,2.543,5462.69,19933.81,53.02,1133.6,15.759
2016-12-27,2.5125,120.0,103.02,2.561,5487.44,19945.04,53.9,1138.8,15.989
2016-12-28,2.497,190.0,103.3,2.512,5438.56,19833.68,54.06,1140.9,16.038
2016-12-29,2.488,42190.0,102.68,2.477,5432.09,19819.78,53.77,1158.1,16.218
2016-12-30,2.5055,32870.0,102.21,2.446,5383.12,19762.6,53.72,1151.7,15.989
2017-01-03,2.489,68380.0,103.21,2.448,5429.08,19881.76,52.33,1162.0,16.409
2017-01-04,2.5565,71970.0,102.7,2.441,5477.01,19942.16,53.26,1165.3,16.552
2017-01-05,2.5375,67500.0,101.52,2.348,5487.94,19899.29,53.76,1181.3,16.637
2017-01-09,2.5385,58420.0,101.93,2.368,5531.82,19887.38,51.96,1184.9,16.683
2017-01-10,2.6125,90990.0,102.01,2.378,5551.82,19855.53,50.82,1185.5,16.848
2017-01-11,2.6105,66760.0,101.78,2.37,5563.65,19954.28,52.25,1196.6,16.828
2017-01-12,2.6715,88520.0,101.35,2.361,5547.49,19891.0,53.01,1199.8,16.825
2017-01-18,2.6165,51700.0,100.93,2.428,5555.65,19804.72,51.08,1212.1,17.274
2017-01-19,2.6105,57870.0,101.15,2.47,5540.08,19732.4,51.37,1201.5,17.002
2017-01-23,2.6475,52060.0,100.16,2.401,5552.94,19799.85,52.75,1215.6,17.186
2017-01-24,2.7085,77400.0,100.35,2.465,5600.96,19912.71,53.18,1210.8,17.185
2017-01-25,2.71,77600.0,100.03,2.515,5656.34,20068.51,52.75,1197.8,16.98
2017-01-26,2.673,58100.0,100.38,2.512,5655.18,20100.91,53.78,1189.8,16.85
2017-01-30,2.661,210.0,100.43,2.49,5613.71,19971.13,52.63,1196.0,17.152
2017-01-31,2.7335,40.0,99.51,2.466,5614.79,19864.09,52.81,1211.4,17.543
2017-02-01,2.7175,190.0,99.64,2.477,5642.65,19890.94,53.88,1208.3,17.45
2017-02-02,2.6925,390.0,99.79,2.474,5636.2,19884.91,53.54,1219.4,17.429
2017-02-06,2.658,320.0,99.91,2.417,5663.55,20052.42,53.01,1232.1,17.693
2017-02-07,2.6395,870.0,100.26,2.397,5674.22,20090.29,52.17,1236.1,17.756
2017-02-08,2.6735,140.0,100.28,2.34,5682.45,20054.34,52.34,1239.5,17.705
2017-02-09,2.6605,140.0,100.65,2.397,5715.18,20172.4,53.0,1236.8,17.741
2017-02-13,2.79,290.0,100.96,2.436,5763.96,20412.16,52.93,1225.8,17.821
2017-02-14,2.746,1270.0,101.25,2.472,5782.57,20504.41,53.2,1225.4,17.889
2017-02-15,2.752,1040.0,101.18,2.497,5819.44,20611.86,53.11,1233.1,17.963
2017-02-16,2.728,840.0,100.44,2.447,5814.9,20619.77,53.36,1241.6,18.074
2017-02-22,2.74,290.0,101.22,2.415,5860.63,20775.6,53.59,1233.3,17.95
2017-02-23,2.6515,680.0,101.05,2.375,5835.51,20810.32,54.45,1251.4,18.117
2017-02-27,2.698,63220.0,101.13,2.367,5861.9,20837.44,54.05,1258.8,18.417
2017-02-28,2.714,54540.0,101.12,2.397,5825.44,20812.24,54.01,1253.9,18.469
2017-03-01,2.736,67920.0,101.78,2.458,5904.03,21115.55,53.83,1250.0,18.489
2017-03-02,2.6905,55240.0,102.2,2.481,5861.22,21002.97,52.61,1232.9,17.748
2017-03-06,2.652,65160.0,101.64,2.494,5849.18,20954.34,53.2,1225.5,17.773
2017-03-07,2.6185,69660.0,101.81,2.518,5833.93,20924.76,53.14,1216.1,17.536
2017-03-08,2.6005,70140.0,102.07,2.56,5837.55,20855.73,50.28,1209.4,17.298
2017-03-09,2.58,75310.0,101.85,2.609,5838.81,20858.19,49.28,1203.2,17.036
2017-03-13,2.6255,55460.0,101.31,2.626,5875.78,20881.48,48.4,1203.1,16.972
2017-03-14,2.635,65010.00000000001,101.7,2.602,5856.82,20837.37,47.72,1202.6,16.923
2017-03-15,2.6565,51110.0,100.74,2.5,5900.05,20950.1,48.86,1200.7,16.923
2017-03-16,2.6775,57340.0,100.36,2.537,5900.76,20934.55,48.75,1227.1,17.33
2017-03-20,2.667,63850.0,100.41,2.463,5901.53,20905.86,48.22,1234.0,17.438
2017-03-21,2.6185,76750.0,99.81,2.416,5793.82,20668.01,47.34,1246.5,17.583
2017-03-22,2.6305,69450.0,99.68,2.403,5821.64,20661.3,48.04,1249.7,17.578
2017-03-23,2.6445,73650.0,99.76,2.418,5817.69,20656.58,47.7,1247.2,17.593
2017-03-27,2.632,96550.0,99.17,2.378,5840.37,20550.98,47.73,1255.7,18.108
2017-03-28,2.676,75550.0,99.71,2.42,5875.14,20701.5,48.37,1255.6,18.252
2017-03-29,2.6775,71490.0,100.0,2.38,5897.55,20659.32,49.51,1253.7,18.252
2017-03-30,2.6785,250.0,100.41,2.421,5914.34,20728.49,50.35,1248.0,18.206
2017-04-03,2.612,390.0,100.54,2.323,5894.68,20650.21,50.24,1254.0,18.212
2017-04-04,2.621,70.0,100.54,2.364,5898.61,20689.24,51.03,1258.4,18.323
2017-04-05,2.6885,670.0,100.56,2.339,5864.48,20648.15,51.15,1248.5,18.187
2017-04-06,2.666,230.0,100.67,2.341,5878.95,20662.95,51.7,1253.3,18.246
2017-04-10,2.611,560.0,101.02,2.366,5880.93,20658.02,53.08,1253.9,17.915
2017-04-11,2.6155,2240.0,100.71,2.298,5866.77,20651.3,53.4,1278.1,18.254
2017-04-12,2.5535,920.0,100.78,2.244,5836.16,20591.86,53.11,1288.5,18.3
2017-04-17,2.604,300.0,100.29,2.248,5856.79,20636.92,52.65,1294.1,18.59
2017-04-18,2.5345,930.0,99.5,2.172,5849.47,20523.28,52.41,1283.4,18.35
2017-04-19,2.5425,530.0,99.74,2.216,5863.03,20404.49,50.44,1283.8,18.24
2017-04-20,2.5505,740.0,99.78,2.236,5916.78,20578.71,50.27,1289.1,18.098
2017-04-24,2.5595,570.0,99.09,2.273,5983.82,20763.89,49.23,1267.2,17.932
2017-04-25,2.5855,780.0,98.78,2.334,6025.49,20996.12,49.56,1264.2,17.659
2017-04-26,2.5955,750.0,99.05,2.303,6025.23,20975.09,49.96,1265.9,17.431
2017-04-27,2.593,85880.0,99.08,2.3,6048.94,20981.33,49.31,1268.3,17.408
2017-05-01,2.656,400.0,99.08,2.322,6091.6,20913.46,49.16,1257.0,16.913
2017-05-02,2.631,370.0,98.98,2.287,6095.37,20949.89,47.99,1248.5,16.902
2017-05-03,2.55,120.0,99.21,2.322,6072.55,20957.9,48.18,1228.6,16.616
2017-05-04,2.5185,80.0,98.8,2.352,6075.34,20951.47,45.9,1226.9,16.373
2017-05-08,2.5,100.0,99.06,2.389,6102.66,21012.28,46.84,1216.1,16.328
2017-05-09,2.504,90.0,99.66,2.398,6120.59,20975.78,46.27,1218.9,16.136
2017-05-10,2.5,100.0,99.67,2.411,6129.14,20943.11,47.7,1224.2,16.277
2017-05-11,2.5135,80.0,99.62,2.393,6115.96,20919.42,48.2,1227.7,16.334
2017-05-15,2.5445,40.0,98.91,2.343,6149.67,20981.94,49.16,1236.4,16.672
2017-05-16,2.5565,190.0,98.11,2.326,6169.87,20979.75,49.0,1258.7,16.818
2017-05-17,2.553,130.0,97.58,2.223,6011.24,20606.93,49.41,1252.8,16.978
2017-05-18,2.538,70.0,97.88,2.228,6055.13,20663.02,49.66,1253.6,16.742
2017-05-22,2.602,80.0,96.98,2.252,6133.62,20894.83,51.13,1255.5,17.262
2017-05-23,2.6025,60.0,97.35,2.282,6138.71,20937.91,51.72,1253.1,17.21
2017-05-24,2.59,100.0,97.24,2.252,6163.02,21012.42,51.59,1256.4,17.189
2017-05-25,2.6035,270.0,97.25,2.255,6205.26,21082.95,49.14,1268.1,17.266
2017-05-30,2.578,8250.0,97.28,2.208,6203.19,21029.47,49.91,1275.4,17.502
2017-05-31,2.593,13480.0,96.92,2.206,6198.52,21008.65,48.56,1270.1,17.481
2017-06-01,2.599,12990.0,97.2,2.213,6246.83,21144.18,48.6,1280.2,17.356
2017-06-05,2.57,8780.0,96.8,2.183,6295.68,21184.04,47.4,1297.5,17.617
2017-06-06,2.5595,13510.0,96.64,2.145,6275.06,21136.23,48.19,1293.2,17.746
2017-06-07,2.564,23240.0,96.75,2.176,6297.38,21173.69,45.72,1279.5,17.656
2017-06-08,2.6195,29000.0,96.92,2.192,6321.76,21182.53,45.64,1271.4,17.45
2017-06-12,2.627,25940.0,97.14,2.214,6175.47,21235.67,46.08,1268.6,16.979
2017-06-13,2.609,23270.0,96.97,2.211,6220.37,21328.47,46.67,1275.9,16.801
2017-06-14,2.5875,22010.0,96.94,2.127,6194.89,21374.56,44.93,1254.6,17.17
2017-06-15,2.5805,19480.0,97.43,2.164,6165.5,21359.9,44.68,1256.5,16.747
2017-06-19,2.598,1230.0,97.55,2.191,6239.01,21528.99,44.43,1243.5,16.532
2017-06-20,2.564,1020.0,97.76,2.157,6188.03,21467.14,43.51,1245.8,16.446
2017-06-21,2.6085,600.0,97.56,2.165,6233.95,21410.03,42.75,1249.4,16.403
2017-06-22,2.604,330.0,97.59,2.148,6236.69,21397.29,42.97,1256.4,16.54
2017-06-26,2.6325,220.0,97.43,2.135,6247.15,21409.55,43.61,1246.9,16.591
2017-06-27,2.6545,1310.0,96.39,2.203,6146.62,21310.66,44.49,1249.1,16.611
2017-06-28,2.6685,1080.0,96.01,2.226,6234.41,21454.61,44.99,1245.8,16.759
2017-06-29,2.6955,82580.0,95.63,2.267,6144.35,21287.03,45.2,1242.3,16.654
2017-07-03,2.693,54170.0,96.22,2.348,6110.06,21479.27,47.29,1221.7,16.092
2017-07-05,2.66,99030.0,96.29,2.327,6150.85,21478.17,45.34,1223.3,15.896
2017-07-06,2.6615,49550.0,95.8,2.368,6089.46,21320.04,45.7,1209.7,15.983
2017-07-10,2.6475,55750.0,96.02,2.373,6176.39,21408.52,44.6,1214.7,15.629
2017-07-11,2.672,61700.0,95.67,2.361,6193.31,21409.07,45.23,1219.1,15.745
2017-07-12,2.684,59010.0,95.76,2.319,6261.17,21532.14,45.66,1217.3,15.887
2017-07-13,2.6615,57790.0,95.73,2.348,6274.44,21553.09,46.25,1227.5,15.691
2017-07-17,2.724,71750.0,95.13,2.314,6314.43,21629.72,46.23,1241.9,16.099
2017-07-18,2.7305,53540.0,94.6,2.261,6344.31,21574.73,46.59,1242.0,16.268
2017-07-19,2.7105,56380.0,94.78,2.271,6385.04,21640.75,47.32,1245.5,16.297
2017-07-20,2.716,53020.0,94.31,2.257,6390.0,21611.78,46.92,1254.9,16.345
2017-07-24,2.7365,45120.0,93.98,2.257,6410.81,21513.17,46.51,1252.1,16.411
2017-07-25,2.8465,154050.0,94.05,2.332,6412.17,21613.43,48.02,1249.4,16.51
2017-07-26,2.872,150120.0,93.67,2.293,6422.75,21711.01,48.85,1260.0,16.556
2017-07-27,2.8775,79190.0,93.86,2.319,6382.19,21796.55,49.17,1275.3,16.67
2017-07-31,2.9,210.0,92.86,2.296,6348.12,21891.12,50.26,1279.4,16.884
2017-08-01,2.889,70.0,93.04,2.253,6362.94,21963.92,49.29,1278.4,16.862
2017-08-02,2.8915,130.0,92.84,2.271,6362.65,22016.24,49.73,1274.4,16.83
2017-08-03,2.885,210.0,92.84,2.219,6340.34,22026.1,49.19,1264.6,16.725
2017-08-07,2.915,890.0,93.43,2.257,6383.77,22118.42,49.57,1262.6,16.339
2017-08-08,2.95,210.0,93.65,2.262,6370.46,22085.34,49.17,1279.3,16.475
2017-08-09,2.9345,350.0,93.55,2.249,6352.33,22048.7,49.56,1290.1,16.948
2017-08-10,2.911,250.0,93.4,2.201,6216.87,21844.01,48.59,1294.0,17.152
2017-08-14,2.927,21450.0,93.41,2.224,6340.23,21993.71,47.59,1279.7,17.208
2017-08-15,2.906,23040.0,93.85,2.273,6333.01,21998.99,47.55,1282.9,16.801
2017-08-16,2.976,38840.0,93.54,2.226,6345.11,22024.87,46.78,1292.4,17.026
2017-08-17,2.961,24400.0,93.62,2.185,6221.91,21750.73,47.09,1291.6,17.14
2017-08-21,3.0015,38100.0,93.09,2.183,6213.13,21703.75,47.37,1291.0,17.096
2017-08-22,3.0075,48450.0,93.55,2.217,6297.48,21899.89,47.64,1294.7,17.06
2017-08-23,3.003,45590.0,93.15,2.169,6278.41,21812.09,48.41,1292.0,17.126
2017-08-24,3.0565,57750.0,93.28,2.196,6271.33,21783.4,47.43,1297.9,17.046
2017-08-28,3.086,51730.0,92.21,2.159,6283.02,21808.4,46.57,1318.9,17.529
2017-08-29,3.1045,73060.0,92.25,2.129,6301.89,21865.37,46.44,1314.1,17.516
2017-08-30,3.0945,60.0,92.88,2.136,6368.31,21892.43,45.96,1322.2,17.503
2017-08-31,3.106,20.0,92.67,2.121,6428.66,21948.1,47.23,1330.4,17.575
2017-09-05,3.1345,0.0,92.25,2.063,6375.57,21753.31,48.66,1339.0,17.941
2017-09-06,3.1585,140.0,92.29,2.106,6393.31,21807.64,49.16,1350.3,17.91
2017-09-07,3.1505,100.0,91.66,2.042,6397.87,21784.78,49.09,1351.2,18.116
2017-09-11,3.073,110.0,91.9,2.134,6432.26,22057.37,48.07,1332.7,17.902
2017-09-12,3.043,60.0,91.88,2.167,6454.28,22118.86,48.23,1328.0,17.89
2017-09-13,2.988,20.0,92.52,2.194,6460.19,22158.18,49.3,1329.3,17.867
2017-09-14,2.9645,50.0,92.12,2.187,6429.08,22203.48,49.89,1325.2,17.789
2017-09-18,2.976,50.0,92.05,2.234,6454.64,22331.35,49.91,1310.6,17.124
2017-09-19,2.976,40.0,91.79,2.246,6461.32,22370.8,49.48,1316.4,17.247
2017-09-20,2.976,30.0,92.51,2.273,6456.04,22412.59,50.41,1294.8,17.301
2017-09-21,2.9415,30.0,92.19,2.278,6422.69,22359.23,50.55,1297.5,16.985
2017-09-25,2.9445,40.0,92.65,2.222,6370.59,22296.09,52.22,1301.7,17.113
2017-09-26,2.926,80.0,92.97,2.236,6380.16,22284.32,51.88,1287.8,16.849
2017-09-27,2.9365,60.0,93.36,2.31,6453.26,22340.71,52.43,1288.7,16.793
2017-09-28,2.995,0.0,93.08,2.309,6453.45,22381.2,51.87,1284.8,16.847
2017-10-02,2.9555,53500.0,93.56,2.341,6516.72,22557.6,50.9,1274.6,16.654
2017-10-03,2.9635,55300.0,93.57,2.325,6531.71,22641.67,50.74,1276.8,16.65
2017-10-04,2.959,45590.0,93.46,2.323,6534.63,22661.64,50.32,1273.2,16.624
2017-10-05,3.0465,85890.0,93.96,2.348,6585.36,22775.39,51.15,1274.9,16.638
2017-10-09,3.031,77520.0,93.67,2.361,6579.73,22761.07,49.93,1293.8,16.971
2017-10-10,3.0605,99230.0,93.29,2.355,6587.25,22830.68,51.23,1288.9,17.207
2017-10-11,3.0955,107250.0,93.02,2.353,6603.55,22872.89,51.6,1296.5,17.133
2017-10-12,3.12,94690.0,93.06,2.321,6591.51,22841.01,50.93,1304.6,17.266
2017-10-16,3.239,173730.0,93.31,2.305,6624.01,22956.96,52.14,1286.2,17.369
2017-10-17,3.1955,113640.0,93.51,2.302,6623.66,22997.44,52.11,1283.0,17.041
2017-10-18,3.178,119820.0,93.36,2.345,6624.22,23157.6,52.26,1290.0,16.997
2017-10-19,3.1675,96320.0,93.16,2.318,6605.07,23163.04,51.51,1280.5,17.255
2017-10-23,3.188,86150.0,93.94,2.37,6586.83,23273.96,52.08,1278.3,17.075
2017-10-24,3.198,109970.0,93.77,2.421,6598.43,23441.76,52.67,1279.0,16.966
2017-10-25,3.183,105990.0,93.71,2.435,6563.89,23329.46,52.43,1269.6,16.925
2017-10-26,3.1775,95890.0,94.61,2.463,6556.77,23400.86,52.86,1271.8,16.811
2017-10-30,3.119,190.0,94.56,2.37,6698.96,23348.74,54.37,1270.5,16.88
2017-10-31,3.108,70.0,94.55,2.378,6727.67,23377.24,54.59,1277.3,16.726
2017-11-01,3.1495,170.0,94.81,2.372,6716.53,23435.01,54.51,1278.1,17.209
2017-11-02,3.1505,100.0,94.69,2.349,6714.94,23516.26,54.77,1269.2,17.17
2017-11-06,3.165,210.0,94.76,2.318,6786.44,23548.42,57.57,1275.8,17.268
2017-11-07,3.097,250.0,94.91,2.316,6767.78,23557.23,57.43,1283.7,16.973
2017-11-08,3.1065,520.0,94.87,2.334,6789.12,23563.36,57.05,1287.5,17.171
2017-11-09,3.0935,250.0,94.44,2.34,6750.05,23461.94,57.39,1274.2,17.007
2017-11-13,3.124,280.0,94.49,2.407,6757.6,23439.7,56.97,1282.9,17.079
2017-11-14,3.073,340.0,93.83,2.375,6737.87,23409.47,55.89,1277.7,17.105
2017-11-15,3.062,170.0,93.81,2.326,6706.21,23271.28,55.52,1278.2,17.003
2017-11-16,3.056,110.0,93.93,2.375,6793.29,23458.36,55.35,1296.5,17.104
2017-11-20,3.1005,640.0,94.08,2.368,6790.71,23430.33,56.42,1281.7,16.874
2017-11-21,3.1355,520.0,93.95,2.358,6862.48,23590.83,56.92,1292.2,16.994
2017-11-22,3.144,610.0,93.22,2.32,6867.36,23526.18,58.02,1287.3,17.145
2017-11-27,3.142,440.0,92.9,2.331,6878.52,23580.78,58.16,1294.9,17.05
2017-11-28,3.0815,2040.0,93.27,2.326,6912.36,23836.71,58.05,1286.2,16.854
2017-11-29,3.06,1090.0,93.16,2.388,6824.39,23940.68,57.36,1276.7,16.526
2017-11-30,3.0555,370.0,93.05,2.415,6873.97,24272.35,57.45,1282.3,16.445
2017-12-04,3.081,120.0,93.19,2.372,6775.37,24290.05,57.49,1264.9,16.338
2017-12-05,2.9375,320.0,93.38,2.353,6762.21,24180.64,57.67,1266.1,16.032
2017-12-06,2.9535,260.0,93.61,2.34,6776.38,24140.91,56.03,1253.1,15.918
2017-12-07,2.956,70.0,93.8,2.362,6812.84,24211.48,56.75,1248.4,15.753
2017-12-11,3.0035,140.0,93.87,2.39,6875.08,24386.03,58.05,1241.7,15.748
2017-12-12,3.0145,170.0,94.1,2.403,6862.32,24504.8,57.16,1248.6,15.63
2017-12-13,3.0445,270.0,93.43,2.348,6875.8,24585.43,56.59,1257.1,15.834
2017-12-14,3.0635,160.0,93.49,2.349,6856.53,24508.66,57.08,1257.5,15.903
2017-12-18,3.1375,180.0,93.69,2.394,6994.76,24792.2,57.22,1264.2,16.168
2017-12-19,3.143,100.0,93.44,2.459,6963.85,24754.75,57.56,1269.6,16.118
2017-12-20,3.187,120.0,93.31,2.497,6960.96,24726.65,58.13,1270.6,16.236
2017-12-21,3.21,360.0,93.28,2.484,6965.36,24782.29,58.4,1278.8,16.205
2017-12-26,3.2715,170.0,93.26,2.474,6936.25,24746.21,60.0,1291.4,16.573
2017-12-27,3.274,740.0,93.03,2.412,6939.34,24774.3,59.69,1297.2,16.72
2017-12-28,3.3085,111150.0,92.6,2.434,6950.16,24837.51,59.87,1309.3,16.923
2018-01-02,3.278,107290.0,91.87,2.461,7006.9,24824.01,60.38,1318.5,17.206
2018-01-03,3.2575,104300.0,92.16,2.445,7065.53,24922.68,61.55,1321.6,17.267
2018-01-04,3.263,105440.0,91.85,2.453,7077.91,25075.13,61.9,1322.3,17.269
2018-01-08,3.224,87800.0,92.36,2.48,7157.39,25283.0,61.72,1313.7,17.144
2018-01-09,3.216,99570.0,92.53,2.551,7163.58,25385.8,62.87,1319.3,17.01
2018-01-10,3.2355,96990.0,92.33,2.559,7153.57,25369.13,63.42,1322.5,17.035
2018-01-11,3.233,96620.0,91.85,2.537,7211.78,25574.73,63.68,1334.9,16.966
2018-01-16,3.2195,230070.0,90.39,2.539,7223.69,25792.86,63.67,1339.2,17.189
2018-01-17,3.189,96400.0,90.54,2.587,7298.28,26115.65,63.92,1327.2,17.166
2018-01-18,3.199,84680.0,90.5,2.624,7296.05,26017.81,63.89,1333.1,16.954
2018-01-22,3.1985,85890.0,90.4,2.656,7408.03,26214.6,63.57,1336.7,16.989
2018-01-23,3.111,173580.0,90.12,2.617,7460.29,26210.81,64.31,1356.3,16.913
2018-01-24,3.2285,172470.0,89.21,2.648,7415.06,26252.12,65.36,1362.9,17.489
2018-01-25,3.2165,130080.00000000001,89.39,2.624,7411.16,26392.79,65.37,1352.1,17.615
2018-01-29,3.194,84800.0,89.31,2.699,7466.51,26439.48,65.39,1340.0,17.127
2018-01-30,3.1995,240.0,89.16,2.724,7402.48,26076.89,64.35,1343.1,17.101
2018-01-31,3.2065,180.0,89.13,2.713,7411.48,26149.39,64.56,1347.9,17.284
2018-02-01,3.22,980.0,88.67,2.782,7385.86,26186.71,65.55,1337.3,17.199
2018-02-05,3.2315,130.0,89.55,2.709,6967.53,24345.75,63.83,1329.5,16.718
2018-02-06,3.2,160.0,89.58,2.805,7115.88,24912.77,63.11,1314.6,16.628
2018-02-07,3.098,230.0,90.25,2.834,7051.98,24893.35,61.55,1319.0,16.286
2018-02-08,3.092,200.0,90.23,2.828,6777.16,23860.46,60.94,1315.7,16.389
2018-02-12,3.0965,240.0,90.21,2.859,6981.96,24601.27,59.08,1330.4,16.615
2018-02-13,3.1715,170.0,89.7,2.833,7013.51,24640.45,59.03,1358.0,16.573
2018-02-14,3.245,240.0,89.12,2.913,7143.61,24893.49,60.51,1355.3,16.923
2018-02-15,3.2545,240.0,88.59,2.906,7256.43,25200.37,61.17,1356.2,16.842
2018-02-20,3.2015,380.0,89.72,2.891,7234.31,24964.75,61.79,1332.1,16.478
2018-02-21,3.226,420.0,90.0,2.952,7218.23,24797.78,61.52,1332.7,16.647
2018-02-22,3.2505,850.0,89.74,2.919,7210.09,24962.48,62.6,1330.3,16.614
2018-02-26,3.2115,3340.0,89.85,2.864,7421.46,25709.27,63.77,1318.6,16.588
2018-02-27,3.1865,103010.0,90.36,2.901,7330.35,25410.03,62.9,1317.9,16.434
2018-02-28,3.1325,94830.0,90.61,2.864,7273.01,25029.2,61.47,1305.2,16.407
2018-03-01,3.123,110390.0,90.32,2.811,7180.56,24608.98,60.8,1323.4,16.276
2018-03-05,3.128,79050.0,90.08,2.883,7330.7,24874.76,62.39,1335.2,16.412
2018-03-06,3.159,83850.0,89.62,2.886,7372.01,24884.12,62.45,1327.6,16.784
2018-03-07,3.136,92630.0,89.64,2.881,7396.65,24801.36,61.02,1321.7,16.494
2018-03-08,3.079,94990.0,90.18,2.857,7427.95,24895.21,60.06,1324.0,16.5
2018-03-12,3.124,89730.0,89.89,2.866,7588.32,25178.61,61.33,1327.1,16.536
2018-03-13,3.138,81590.0,89.66,2.844,7511.01,25007.03,60.75,1325.6,16.627
2018-03-14,3.1585,113110.0,89.7,2.819,7496.81,24758.12,61.02,1317.8,16.537
2018-03-15,3.1275,79320.0,90.14,2.826,7481.74,24873.66,61.25,1312.3,16.422
2018-03-19,3.082,92060.0,89.77,2.855,7344.24,24610.91,62.13,1311.9,16.325
2018-03-20,3.038,108990.0,90.37,2.9,7364.3,24727.27,63.54,1321.5,16.185
2018-03-21,3.0585,119310.0,89.78,2.881,7345.28,24682.31,64.95,1327.4,16.419
2018-03-22,3.02,125080.0,89.86,2.823,7166.68,23957.89,64.18,1349.9,16.387
2018-03-26,2.97,123570.0,89.03,2.852,7220.54,24202.6,65.41,1342.0,16.684
2018-03-27,3.0005,109830.0,89.33,2.775,7008.81,23857.71,65.18,1330.0,16.541
2018-03-28,3.0135,830.0,90.06,2.783,6949.23,23848.42,64.35,1327.3,16.297
2018-04-02,3.061,210.0,90.05,2.733,6870.12,23644.19,62.99,1337.3,16.716
2018-04-03,3.0745,450.0,90.2,2.781,6941.28,24033.36,63.46,1340.2,16.436
2018-04-04,3.021,1460.0,90.14,2.808,7042.11,24264.3,63.33,1328.5,16.284
2018-04-05,3.085,580.0,90.46,2.834,7076.55,24505.22,63.54,1336.1,16.39
2018-04-09,3.0865,320.0,89.84,2.781,6950.34,23979.1,63.43,1345.9,16.567
2018-04-10,3.146,220.0,89.59,2.801,7094.3,24408.0,65.44,1360.0,16.63
2018-04-11,3.1265,320.0,89.57,2.779,7069.03,24189.45,66.74,1341.9,16.806
2018-04-12,3.074,400.0,89.75,2.843,7140.25,24483.05,66.95,1347.9,16.511
2018-04-16,3.1065,520.0,89.42,2.829,7156.28,24573.04,66.2,1349.5,16.708
2018-04-17,3.0915,1020.0,89.52,2.83,7281.1,24786.63,66.51,1353.5,16.817
2018-04-18,3.17,1080.0,89.62,2.875,7295.24,24748.07,68.47,1348.8,17.286
2018-04-19,3.1425,950.0,89.94,2.914,7238.06,24664.89,68.33,1338.3,17.269
2018-04-23,3.1205,660.0,90.95,2.977,7128.6,24448.69,68.47,1333.0,16.624
2018-04-24,3.1525,620.0,90.77,3.0,7007.35,24024.13,67.57,1322.8,16.744
2018-04-25,3.146,1590.0,91.17,3.032,7003.74,24083.83,67.92,1317.9,16.539
2018-04-26,3.1265,1480.0,91.56,2.983,7118.68,24322.34,68.08,1323.4,16.533
2018-04-30,3.074,66650.0,91.84,2.955,7066.27,24163.15,68.48,1306.8,16.401
2018-05-01,3.0375,97580.0,92.45,2.968,7130.7,24099.05,67.13,1305.6,16.127
2018-05-02,3.0685,91640.0,92.51,2.976,7100.9,23924.98,67.77,1312.7,16.375
2018-05-03,3.0805,110560.0,92.41,2.948,7088.15,23930.15,68.26,1314.7,16.447
2018-05-07,3.079,57380.0,92.75,2.952,7265.21,24357.32,70.62,1313.7,16.495
2018-05-08,3.059,131180.0,93.12,2.972,7266.9,24360.21,68.97,1313.0,16.472
2018-05-09,3.0575,82870.0,93.04,3.006,7339.9,24542.54,71.05,1322.3,16.539
2018-05-10,3.11,113510.0,92.65,2.964,7404.98,24739.53,71.31,1320.7,16.759
2018-05-14,3.093,81000.0,92.59,3.002,7411.31,24899.41,70.99,1290.3,16.645
2018-05-15,3.056,103720.0,93.22,3.072,7351.63,24706.41,71.37,1291.5,16.269
2018-05-16,3.0705,77780.0,93.39,3.104,7398.3,24768.93,71.56,1289.4,16.371
2018-05-17,3.089,81080.0,93.47,3.115,7382.47,24713.98,71.57,1291.3,16.481
2018-05-21,3.0985,89590.0,93.68,3.058,7394.04,25013.29,72.35,1292.0,16.52
2018-05-22,3.132,112350.0,93.61,3.063,7378.45,24834.41,72.2,1289.6,16.575
2018-05-23,3.0705,125180.0,94.0,2.993,7425.95,24886.81,71.71,1304.4,16.405
2018-05-24,3.096,85710.0,93.76,2.977,7424.43,24811.76,70.58,1303.7,16.687
2018-05-29,3.0625,161460.0,94.83,2.79,7396.59,24361.45,66.62,1306.5,16.373
2018-05-30,3.0795,440.0,94.15,2.857,7462.45,24667.78,68.08,1304.7,16.587
2018-05-31,3.075,160.0,93.98,2.86,7442.12,24415.84,66.91,1299.3,16.503
2018-06-04,3.144,100.0,94.02,2.944,7606.46,24813.69,64.68,1302.2,16.476
2018-06-05,3.208,380.0,93.9,2.926,7637.86,24799.98,65.46,1301.4,16.586
2018-06-06,3.272,290.0,93.66,2.974,7689.24,25146.39,64.7,1303.0,16.73
2018-06-07,3.2845,520.0,93.4,2.922,7635.07,25241.41,65.89,1302.7,16.852
2018-06-11,3.2665,590.0,93.58,2.952,7659.93,25322.31,66.03,1299.4,16.991
2018-06-12,3.2595,310.0,93.8,2.964,7703.79,25320.73,66.28,1301.3,16.927
2018-06-13,3.2635,200.0,93.71,2.974,7695.7,25201.2,66.52,1308.3,17.027
2018-06-14,3.232,390.0,94.77,2.935,7761.04,25175.31,66.69,1278.5,17.299
2018-06-18,3.1175,240.0,94.8,2.917,7747.02,24987.47,65.69,1278.6,16.481
2018-06-19,3.058,1580.0,95.08,2.897,7725.59,24700.21,64.9,1274.5,16.364
2018-06-20,3.051,1830.0,95.06,2.937,7781.52,24657.8,65.71,1270.5,16.348
2018-06-21,3.0325,1200.0,94.74,2.899,7712.95,24461.7,64.86,1270.7,16.364
2018-06-25,2.9985,2520.0,94.28,2.882,7532.01,24252.8,67.04,1259.9,16.37
2018-06-26,3.005,3970.0,94.66,2.877,7561.63,24283.11,69.28,1256.1,16.293
2018-06-27,2.9975,2240.0,95.27,2.827,7445.09,24117.59,71.26,1251.0,16.196
2018-06-28,2.9715,112590.0,95.39,2.84,7503.68,24216.05,71.81,1254.5,16.041
2018-07-02,2.944,91250.0,95.03,2.871,7567.69,24307.18,71.62,1253.5,15.835
2018-07-03,2.917,99940.0,94.67,2.833,7502.67,24174.82,71.59,1258.8,16.043
2018-07-05,2.826,208620.0,94.47,2.833,7586.43,24356.74,70.63,1255.8,16.097
2018-07-09,2.85,114510.0,94.08,2.858,7756.2,24776.59,71.98,1255.4,16.139
2018-07-10,2.8395,98140.0,94.15,2.867,7759.2,24919.66,72.56,1244.4,16.087
2018-07-11,2.7435,165560.0,94.72,2.84,7716.61,24700.45,68.86,1246.6,15.817
2018-07-12,2.777,110520.0,94.81,2.849,7823.92,24924.89,69.35,1241.2,15.977
2018-07-16,2.7645,84320.0,94.51,2.856,7805.72,25064.36,67.07,1227.3,15.812
2018-07-17,2.747,90920.0,94.94,2.86,7855.12,25119.89,67.16,1227.9,15.617
2018-07-18,2.76,106260.0,95.08,2.875,7854.44,25199.29,67.75,1224.0,15.574
2018-07-19,2.6955,148360.0,95.15,2.838,7825.3,25064.5,68.24,1231.1,15.402
2018-07-23,2.7465,86560.0,94.67,2.96,7841.87,25044.29,66.75,1225.5,15.425
2018-07-24,2.8105,143290.0,94.61,2.95,7840.77,25241.94,67.19,1231.8,15.52
2018-07-25,2.8175,102250.0,94.36,2.973,7932.24,25414.1,68.01,1225.7,15.589
2018-07-26,2.818,102280.0,94.75,2.982,7852.19,25527.07,68.43,1223.0,15.495
2018-07-30,2.801,190.0,94.32,2.975,7630.0,25306.83,68.95,1233.6,15.667
2018-07-31,2.8405,130.0,94.49,2.962,7671.79,25415.19,67.63,1227.6,15.597
2018-08-01,2.757,90.0,94.62,3.004,7707.29,25333.82,66.5,1220.1,15.488
2018-08-02,2.7455,880.0,95.16,2.986,7802.69,25326.16,67.66,1223.2,15.418
2018-08-06,2.7385,500.0,95.36,2.945,7859.68,25502.18,67.94,1218.3,15.381
2018-08-07,2.759,210.0,95.22,2.977,7883.66,25628.91,68.33,1221.0,15.405
2018-08-08,2.7575,160.0,95.05,2.964,7888.33,25583.75,66.25,1219.9,15.464
2018-08-09,2.7725,160.0,95.5,2.929,7891.78,25509.23,66.14,1219.0,15.495
2018-08-13,2.738,160.0,96.39,2.877,7819.71,25187.7,66.57,1200.7,15.016
2018-08-14,2.69,220.0,96.73,2.9,7870.89,25299.92,66.33,1185.0,15.086
2018-08-15,2.568,560.0,96.7,2.864,7774.12,25162.41,64.46,1184.0,14.488
2018-08-16,2.623,320.0,96.64,2.87,7806.52,25558.73,64.88,1184.2,14.745
2018-08-20,2.6745,400.0,95.9,2.819,7821.01,25758.69,65.42,1200.0,14.703
2018-08-21,2.7005,220.0,95.26,2.842,7859.17,25822.29,65.84,1203.3,14.799
2018-08-22,2.68,360.0,95.15,2.821,7889.1,25733.6,67.51,1194.0,14.785
2018-08-23,2.662,660.0,95.67,2.828,7878.46,25656.98,67.53,1213.3,14.577
2018-08-27,2.717,290.0,94.78,2.846,8017.9,26049.64,68.54,1214.4,14.901
2018-08-28,2.745,1050.0,94.72,2.884,8030.04,26064.02,68.22,1211.5,14.82
2018-08-29,2.7195,1450.0,94.6,2.886,8109.69,26124.57,69.17,1205.0,14.733
2018-08-30,2.7095,2140.0,94.72,2.859,8088.36,25986.92,69.81,1206.7,14.551
2018-09-04,2.5965,830.0,95.44,2.898,8091.25,25952.48,69.56,1201.3,14.145
2018-09-05,2.604,320.0,95.18,2.904,7995.17,25974.99,68.42,1204.3,14.18
2018-09-06,2.63,240.0,95.02,2.878,7922.73,25995.87,67.52,1200.4,14.141
2018-09-10,2.6215,40.0,95.15,2.935,7924.16,25857.07,67.41,1202.2,14.138
2018-09-11,2.615,80.0,95.25,2.981,7972.47,25971.06,69.04,1210.9,14.112
2018-09-12,2.669,230.0,94.8,2.964,7954.23,25998.92,70.16,1208.2,14.246
2018-09-13,2.676,170.0,94.52,2.974,8013.71,26145.99,68.41,1201.1,14.199
2018-09-17,2.6435,240.0,94.5,2.994,7895.79,26062.12,68.68,1202.9,14.183
2018-09-18,2.723,1030.0,94.64,3.057,7956.11,26246.96,69.59,1208.3,14.145
2018-09-19,2.7215,710.0,94.54,3.066,7950.04,26405.76,70.77,1211.3,14.24
2018-09-20,2.7315,160.0,93.91,3.065,8028.23,26656.98,70.32,1201.3,14.262
2018-09-24,2.827,380.0,94.19,3.089,7993.25,26562.05,71.76,1205.1,14.296
2018-09-25,2.8145,720.0,94.13,3.098,8007.47,26492.21,72.1,1199.1,14.445
2018-09-26,2.8185,400.0,94.19,3.048,7990.37,26385.28,71.41,1187.4,14.354
2018-09-27,2.783,98380.0,94.89,3.056,8041.97,26439.93,71.96,1196.2,14.29
2018-10-01,2.7875,92440.0,95.3,3.086,8037.3,26651.21,75.14,1207.0,14.507
2018-10-02,2.8065,101140.0,95.51,3.061,7999.55,26773.94,75.04,1202.9,14.693
2018-10-03,2.834,81360.0,95.76,3.181,8025.09,26828.39,76.24,1201.6,14.67
2018-10-04,2.7775,97910.0,95.75,3.187,7879.51,26627.48,74.25,1205.6,14.59
2018-10-08,2.767,80900.0,95.76,3.231,7735.95,26486.78,74.17,1191.5,14.329
2018-10-09,2.8065,102480.0,95.67,3.206,7738.02,26430.57,74.81,1193.4,14.4
2018-10-10,2.7805,98410.0,95.51,3.174,7422.05,25598.74,73.03,1227.6,14.326
2018-10-11,2.803,150780.0,95.02,3.146,7329.06,25052.83,70.81,1222.0,14.606
2018-10-15,2.7885,87160.0,95.06,3.156,7430.74,25250.55,71.61,1231.0,14.727
2018-10-16,2.7795,76620.0,95.05,3.163,7645.49,25798.42,71.76,1227.4,14.701
2018-10-17,2.778,97050.0,95.58,3.207,7642.7,25706.68,69.7,1230.1,14.663
2018-10-18,2.7465,102090.0,95.9,3.177,7485.14,25379.45,68.71,1228.7,14.604
2018-10-22,2.7855,85470.0,96.01,3.2,7468.63,25317.41,69.36,1236.8,14.587
2018-10-23,2.758,89120.0,95.96,3.171,7437.54,25191.43,66.62,1231.1,14.793
2018-10-24,2.7575,81790.0,96.43,3.111,7108.4,24583.42,66.96,1232.4,14.676
2018-10-25,2.7545,95140.0,96.68,3.126,7318.34,24984.55,67.44,1235.8,14.63
2018-10-29,2.7405,83690.0,96.58,3.089,7050.29,24442.92,67.21,1225.3,14.442
2018-10-30,2.6725,320.0,97.01,3.119,7161.65,24874.64,66.31,1215.0,14.504
2018-10-31,2.667,720.0,97.13,3.149,7305.9,25115.76,65.44,1238.6,14.324
2018-11-01,2.7285,300.0,96.28,3.134,7434.06,25380.74,63.81,1233.3,14.821
2018-11-05,2.764,120.0,96.28,3.201,7328.85,25461.7,63.21,1226.3,14.691
2018-11-06,2.7395,230.0,96.32,3.231,7375.96,25635.01,62.34,1228.7,14.543
2018-11-07,2.761,130.0,96.0,3.237,7570.75,26180.3,61.82,1225.1,14.612
2018-11-08,2.7425,130.0,96.72,3.239,7530.89,26191.22,60.86,1208.6,14.467
2018-11-12,2.6845,260.0,97.54,3.151,7200.87,25387.18,60.08,1201.4,14.054
2018-11-13,2.695,240.0,97.3,3.141,7200.88,25286.49,55.84,1210.1,14.023
2018-11-14,2.718,200.0,96.8,3.127,7136.39,25080.5,56.44,1215.0,14.124
2018-11-15,2.754,270.0,96.93,3.11,7259.03,25289.27,56.68,1223.0,14.304
2018-11-19,2.8035,1160.0,96.19,3.063,7028.48,25017.44,57.2,1221.2,14.444
2018-11-20,2.7715,900.0,96.84,3.061,6908.82,24465.64,53.57,1228.0,14.311
2018-11-21,2.8005,450.0,96.71,3.065,6972.25,24464.69,54.8,1223.2,14.542
2018-11-26,2.7635,1470.0,97.07,3.059,7081.85,24640.24,51.8,1213.4,14.257
2018-11-27,2.716,1830.0,97.37,3.059,7082.7,24748.73,51.73,1223.6,14.136
2018-11-28,2.805,1720.0,96.79,3.061,7291.59,25366.43,50.49,1230.4,14.372
2018-11-29,2.788,250.0,96.78,3.032,7273.08,25338.84,51.62,1226.0,14.356
2018-12-03,2.8085,70.0,97.04,2.966,7441.51,25826.43,53.14,1246.6,14.453
2018-12-04,2.757,110.0,96.97,2.915,7158.43,25027.07,53.46,1242.6,14.595
2018-12-06,2.744,270.0,96.81,2.892,7188.26,24947.67,51.7,1252.6,14.462
2018-12-10,2.72,50.0,97.22,2.863,7020.52,24423.26,51.2,1247.2,14.555
2018-12-11,2.768,60.0,97.39,2.879,7031.83,24370.24,51.84,1250.0,14.578
2018-12-12,2.7715,80.0,97.04,2.911,7098.31,24527.27,51.36,1247.4,14.804
2018-12-13,2.7665,170.0,97.06,2.913,7070.33,24597.38,52.83,1241.4,14.805
2018-12-17,2.7545,120.0,97.1,2.857,6753.73,23592.98,50.2,1253.6,14.714
2018-12-18,2.665,210.0,97.1,2.823,6783.91,23675.64,46.6,1256.4,14.656
2018-12-19,2.7195,120.0,97.03,2.762,6636.83,23323.66,48.17,1267.9,14.771
2018-12-20,2.7005,220.0,96.28,2.808,6528.41,22859.6,46.19,1258.1,14.814
2018-12-26,2.7045,110.0,97.05,2.81,6554.35,22878.45,46.54,1281.1,15.079
2018-12-27,2.671,270.0,96.48,2.774,6579.49,23138.82,44.9,1283.0,15.26
2019-01-02,2.623,85020.0,96.82,2.633,6665.94,23346.24,46.86,1294.8,15.649
2019-01-03,2.568,88580.0,96.31,2.552,6463.5,22686.22,47.4,1285.8,15.797
2019-01-07,2.637,57830.0,95.67,2.698,6823.47,23531.35,48.82,1285.9,15.756
2019-01-08,2.656,66000.0,95.9,2.73,6897.0,23787.45,50.11,1292.0,15.713
2019-01-09,2.657,78680.0,95.22,2.712,6957.08,23879.12,52.69,1287.4,15.735
2019-01-10,2.6375,71640.0,95.54,2.746,6986.07,24001.92,52.91,1289.5,15.643
2019-01-14,2.635,69050.0,95.61,2.706,6905.91,23909.84,50.8,1288.4,15.686
2019-01-15,2.6345,65690.0,96.04,2.718,7023.83,24065.59,52.39,1293.8,15.62
2019-01-16,2.6735,72870.0,96.06,2.727,7034.69,24207.16,52.61,1292.3,15.638
2019-01-17,2.68,65820.0,96.06,2.75,7084.46,24370.1,52.36,1282.6,15.536
2019-01-22,2.6595,92240.0,96.3,2.741,7020.36,24404.48,53.01,1284.0,15.325
2019-01-23,2.6545,59250.0,96.12,2.75,7025.77,24575.62,52.92,1279.8,15.38
2019-01-24,2.6445,59050.0,96.6,2.716,7073.46,24553.24,53.42,1298.1,15.3
2019-01-28,2.68,77150.0,95.75,2.748,7085.69,24528.22,52.29,1308.9,15.765
2019-01-29,2.725,66810.0,95.82,2.71,7028.29,24579.96,53.6,1315.5,15.839
2019-01-30,2.772,210.0,95.34,2.678,7183.08,25014.86,54.47,1325.2,15.974
2019-01-31,2.789,350.0,95.58,2.633,7281.74,24999.67,54.04,1322.1,16.12
2019-02-04,2.7975,490.0,95.85,2.725,7347.54,25239.37,54.89,1319.2,15.928
2019-02-05,2.8205,90.0,96.07,2.704,7402.08,25411.52,54.0,1314.4,15.883
2019-02-06,2.84,100.0,96.39,2.7,7375.28,25390.3,54.34,1314.2,15.749
2019-02-07,2.832,320.0,96.51,2.657,7288.35,25169.53,53.0,1318.5,15.76
2019-02-11,2.793,100.0,97.06,2.654,7307.9,25053.11,52.78,1314.0,15.74
2019-02-12,2.775,50.0,96.71,2.686,7414.62,25425.76,53.47,1315.1,15.74
2019-02-13,2.776,50.0,97.13,2.709,7420.38,25543.27,54.31,1313.9,15.699
2019-02-14,2.7785,190.0,96.98,2.655,7426.95,25439.39,54.79,1322.1,15.575
2019-02-19,2.8775,180.0,96.52,2.636,7486.77,25891.32,56.45,1347.9,16.013
2019-02-20,2.92,360.0,96.45,2.648,7489.07,25954.44,57.16,1327.8,16.225
2019-02-21,2.8975,640.0,96.61,2.695,7459.71,25850.63,57.46,1332.8,15.848
2019-02-25,2.947,710.0,96.41,2.668,7554.46,26091.95,55.92,1328.5,15.875
2019-02-26,2.948,930.0,96.0,2.638,7549.3,26057.98,55.97,1321.2,15.879
2019-02-27,2.9625,73980.0,96.15,2.686,7554.51,25985.16,57.37,1316.1,15.766
2019-02-28,2.948,70210.0,96.16,2.717,7532.53,25916.0,57.61,1299.2,15.634
2019-03-04,2.909,70590.0,96.68,2.724,7577.57,25819.65,56.97,1284.7,15.105
2019-03-05,2.9335,61970.0,96.87,2.719,7576.36,25806.63,56.94,1287.6,15.105
2019-03-06,2.9185,51450.0,96.87,2.693,7505.92,25673.46,56.62,1286.1,15.085
2019-03-07,2.9105,59930.0,97.67,2.641,7421.46,25473.23,57.03,1299.3,15.04
2019-03-11,2.901,43180.0,97.22,2.641,7558.06,25650.88,57.12,1298.1,15.274
2019-03-12,2.9285,68210.0,96.94,2.6,7591.03,25554.66,57.2,1309.3,15.413
2019-03-13,2.9355,49400.0,96.55,2.625,7643.4,25702.89,58.59,1295.1,15.456
2019-03-14,2.8915,68740.0,96.78,2.63,7630.91,25709.94,58.91,1302.9,15.171
2019-03-18,2.909,60300.0,96.52,2.605,7714.48,25914.1,59.38,1306.5,15.322
2019-03-19,2.923,63280.0,96.38,2.618,7723.95,25887.38,59.29,1301.7,15.372
2019-03-20,2.921,60260.0,95.76,2.524,7728.97,25745.67,60.23,1307.3,15.318
2019-03-21,2.906,92470.0,96.5,2.539,7838.96,25962.51,60.2,1312.3,15.437
2019-03-25,2.8565,68370.0,96.57,2.405,7637.54,25516.83,59.08,1315.0,15.567
2019-03-26,2.854,62770.0,96.74,2.425,7691.52,25657.73,60.1,1310.4,15.429
2019-03-27,2.863,58230.0,96.77,2.381,7643.38,25625.59,59.61,1295.3,15.298
2019-03-28,2.877,160.0,97.2,2.391,7669.17,25717.46,59.48,1298.5,15.019
2019-04-01,2.9285,450.0,97.23,2.503,7828.91,26258.42,61.71,1295.4,15.148
2019-04-02,2.9105,410.0,97.36,2.472,7848.69,26179.13,62.61,1295.3,15.111
2019-04-03,2.9525,350.0,97.09,2.528,7895.55,26218.13,62.52,1294.3,15.153
2019-04-04,2.915,250.0,97.31,2.513,7891.78,26384.63,62.19,1295.6,15.135
2019-04-08,2.937,160.0,97.05,2.52,7953.88,26341.02,64.33,1308.3,15.263
2019-04-09,2.9385,400.0,97.01,2.502,7909.28,26150.58,63.96,1313.9,15.259
2019-04-10,2.9305,110.0,96.95,2.465,7964.24,26157.16,64.65,1293.3,15.29
2019-04-11,2.892,360.0,97.18,2.499,7947.36,26143.05,63.67,1295.2,14.911
2019-04-15,2.9385,660.0,96.94,2.556,7976.01,26384.77,63.56,1277.2,15.021
2019-04-16,2.9345,770.0,97.04,2.592,8000.23,26452.66,64.19,1276.8,14.956
2019-04-17,2.97,450.0,97.01,2.594,7996.08,26449.54,63.87,1276.0,14.979
2019-04-22,2.905,330.0,97.29,2.587,8015.27,26511.05,65.55,1273.2,15.016
2019-04-23,2.898,410.0,97.64,2.569,8120.82,26656.39,66.24,1279.4,14.829
2019-04-24,2.9135,860.0,98.17,2.518,8102.02,26597.05,65.89,1279.7,14.956
2019-04-25,2.865,560.0,98.2,2.534,8118.68,26462.08,65.28,1288.8,14.92
2019-04-29,2.897,70620.0,97.86,2.527,8161.85,26554.39,63.57,1285.7,14.933
2019-04-30,2.904,64720.0,97.48,2.504,8095.39,26592.91,63.98,1284.2,14.984
2019-05-01,2.8015,112250.0,97.69,2.502,8049.64,26430.14,63.69,1272.0,14.729
2019-05-02,2.7795,81050.0,97.83,2.545,8036.77,26307.79,61.9,1281.3,14.617
2019-05-06,2.8295,89110.0,97.52,2.5,8123.29,26438.48,62.37,1285.6,14.927
2019-05-07,2.7855,103410.0,97.63,2.448,7963.76,25965.09,61.51,1281.4,14.926
2019-05-08,2.7745,94120.0,97.62,2.485,7943.32,25967.33,62.22,1285.2,14.862
2019-05-09,2.7715,89880.0,97.37,2.453,7910.59,25828.36,61.81,1287.4,14.773
2019-05-13,2.719,78970.0,97.32,2.403,7647.02,25324.99,61.21,1296.3,14.777
2019-05-14,2.725,62620.0,97.53,2.414,7734.49,25532.05,61.96,1297.8,14.812
2019-05-15,2.743,68130.0,97.57,2.377,7822.15,25648.02,62.24,1286.2,14.812
2019-05-16,2.748,60330.0,97.86,2.394,7898.05,25862.68,63.06,1275.7,14.539
2019-05-20,2.726,47180.0,97.93,2.419,7702.38,25679.9,63.21,1273.2,14.445
2019-05-21,2.715,60840.0,98.06,2.428,7785.72,25877.33,63.13,1274.2,14.41
2019-05-22,2.678,65880.0,98.04,2.38,7750.84,25776.61,61.5,1285.4,14.449
2019-05-23,2.6805,70820.0,97.86,2.322,7628.28,25490.47,57.99,1283.6,14.613
2019-05-28,2.696,63390.0,97.95,2.267,7607.35,25347.77,59.35,1281.0,14.32
2019-05-29,2.664,60700.0,98.14,2.262,7547.31,25126.41,58.95,1292.4,14.411
2019-05-30,2.6565,410.0,98.14,2.217,7567.72,25169.88,56.74,1311.1,14.53
2019-06-03,2.651,210.0,97.14,2.075,7333.02,24819.78,53.38,1328.7,14.78
2019-06-04,2.67,290.0,97.07,2.121,7527.12,25332.18,53.63,1333.6,14.808
2019-06-05,2.6245,910.0,97.32,2.131,7575.48,25539.57,51.83,1342.7,14.826
2019-06-06,2.6515,240.0,97.04,2.121,7615.55,25720.66,52.73,1346.1,14.941
2019-06-10,2.6625,360.0,96.76,2.15,7823.17,26062.68,53.48,1331.2,14.674
2019-06-11,2.673,460.0,96.69,2.145,7822.57,26048.51,53.52,1336.8,14.774
2019-06-12,2.655,410.0,97.0,2.122,7792.72,26004.83,51.37,1343.7,14.786
2019-06-13,2.658,550.0,97.01,2.093,7837.13,26106.77,52.54,1344.5,14.926
2019-06-17,2.6455,690.0,97.56,2.091,7845.02,26112.53,52.17,1350.7,14.863
2019-06-18,2.7025,570.0,97.64,2.058,7953.88,26465.54,54.11,1348.8,15.029
2019-06-19,2.6805,210.0,97.12,2.029,7987.32,26504.0,53.97,1396.9,14.994
2019-06-20,2.7125,560.0,96.63,2.023,8051.34,26753.17,57.07,1400.1,15.529
2019-06-24,2.7065,1480.0,95.98,2.018,8005.7,26727.54,57.93,1418.7,15.418
2019-06-25,2.7365,1130.0,96.14,1.988,7884.72,26548.22,57.89,1415.4,15.342
2019-06-26,2.7155,900.0,96.21,2.05,7909.97,26536.82,59.43,1412.0,15.335
2019-06-27,2.7165,70430.0,96.19,2.014,7967.76,26526.58,59.49,1413.7,15.294
2019-07-01,2.688,86270.0,96.84,2.033,8091.16,26717.43,59.14,1408.0,15.193
2019-07-02,2.664,66390.0,96.73,1.976,8109.09,26786.68,56.34,1420.9,15.238
2019-07-03,2.683,52690.0,96.77,1.953,8170.23,26966.0,57.44,1400.1,15.336
2019-07-08,2.659,58270.0,97.38,2.048,8098.38,26806.14,57.76,1400.5,15.05
2019-07-09,2.625,78230.0,97.49,2.072,8141.73,26783.49,57.94,1412.5,15.147
2019-07-10,2.694,86280.0,97.1,2.061,8202.53,26860.2,60.52,1406.7,15.226
2019-07-11,2.6875,62900.0,97.05,2.143,8196.04,27088.08,60.28,1412.2,15.146
2019-07-15,2.711,60290.0,96.93,2.09,8258.18,27359.16,59.68,1411.2,15.365
2019-07-16,2.7,67460.0,97.39,2.106,8222.8,27335.63,57.74,1423.3,15.678
2019-07-17,2.716,54350.0,97.22,2.043,8185.21,27219.85,56.92,1428.1,15.971
2019-07-18,2.71,51680.0,96.79,2.026,8207.24,27222.97,55.42,1426.7,16.198
2019-07-22,2.722,66570.0,97.26,2.05,8204.14,27171.9,56.22,1421.7,16.411
2019-07-23,2.7,65120.00000000001,97.7,2.078,8251.4,27349.19,56.85,1423.6,16.476
2019-07-24,2.712,50450.0,97.73,2.05,8321.5,27269.97,56.0,1414.7,16.626
2019-07-25,2.7035,63420.0,97.82,2.083,8238.54,27140.98,56.16,1419.3,16.411
2019-07-29,2.7175,55520.0,98.04,2.063,8293.33,27221.35,56.96,1441.8,16.44
2019-07-30,2.683,290.0,98.05,2.06,8273.61,27198.02,58.11,1437.8,16.601
2019-07-31,2.6715,860.0,98.52,2.007,8175.42,26864.27,58.63,1432.4,16.444
2019-08-01,2.6705,330.0,98.37,1.902,8111.12,26583.42,54.01,1457.5,16.217
2019-08-05,2.549,590.0,97.52,1.718,7726.04,25717.74,54.58,1484.2,16.433
2019-08-06,2.5615,790.0,97.63,1.716,7833.27,26029.52,53.59,1519.6,16.485
2019-08-07,2.575,410.0,97.54,1.721,7862.83,26007.07,51.03,1509.5,17.237
2019-08-08,2.6105,170.0,97.62,1.719,8039.16,26378.19,52.46,1508.5,16.976
2019-08-12,2.588,710.0,97.38,1.64,7863.41,25907.37,54.85,1514.1,17.116
2019-08-13,2.6335,500.0,97.81,1.702,8016.36,26279.91,57.1,1527.8,17.028
2019-08-14,2.5955,290.0,97.99,1.583,7773.94,25479.42,55.25,1531.2,17.326
2019-08-15,2.5985,290.0,98.14,1.502,7766.62,25579.39,54.42,1523.6,17.254
2019-08-19,2.605,140.0,98.35,1.608,8002.81,26135.79,56.14,1515.7,16.985
2019-08-20,2.5815,190.0,98.19,1.552,7948.56,25962.44,56.13,1515.7,17.194
2019-08-21,2.589,530.0,98.3,1.591,8020.21,26202.73,55.49,1508.5,17.197
2019-08-22,2.5615,480.0,98.17,1.613,7991.39,26252.24,55.16,1537.6,17.086
2019-08-26,2.5465,1240.0,98.08,1.538,7853.73,25898.83,53.5,1551.8,17.685
2019-08-27,2.55,1230.0,98.0,1.474,7826.95,25777.9,54.77,1549.1,18.199
2019-08-28,2.559,2100.0,98.21,1.468,7856.88,26036.1,55.6,1536.9,18.364
2019-08-29,2.5735,2560.0,98.51,1.496,7973.39,26362.25,56.45,1529.4,18.274
2019-09-03,2.5235,770.0,99.0,1.462,7874.16,26118.02,53.76,1560.4,19.186
2019-09-04,2.59,650.0,98.45,1.471,7976.88,26355.47,56.1,1525.5,19.493
2019-09-05,2.6365,670.0,98.41,1.565,8116.83,26728.15,56.16,1515.5,18.752
2019-09-09,2.6215,240.0,98.28,1.647,8087.44,26835.51,57.73,1499.2,18.116
2019-09-10,2.6225,150.0,98.33,1.744,8084.15,26909.43,57.29,1503.2,18.131
2019-09-11,2.609,140.0,98.64,1.745,8169.68,27137.04,55.67,1507.4,18.116
2019-09-12,2.635,540.0,98.31,1.778,8194.47,27182.45,55.05,1499.5,18.125
2019-09-16,2.634,880.0,98.61,1.843,8153.54,27076.82,62.67,1513.4,17.974
2019-09-17,2.6215,240.0,98.26,1.81,8186.02,27110.8,59.1,1515.8,18.088
2019-09-18,2.6075,130.0,98.56,1.8,8177.39,27147.08,58.04,1506.2,17.869
2019-09-19,2.603,220.0,98.27,1.787,8182.88,27094.79,58.19,1515.1,17.835
2019-09-23,2.6065,230.0,98.6,1.723,8112.46,26949.99,58.42,1540.2,18.661
2019-09-24,2.6015,480.0,98.34,1.652,7993.63,26807.77,57.08,1512.3,18.579
2019-09-25,2.606,510.0,99.04,1.737,8077.38,26970.71,56.32,1515.2,18.024
2019-09-26,2.571,800.0,99.13,1.697,8030.66,26891.12,56.28,1506.4,17.864
2019-09-30,2.5785,50070.0,99.38,1.668,7999.33,26916.83,53.98,1489.0,16.998
2019-10-01,2.5605,74860.0,99.13,1.635,7908.67,26573.04,53.5,1507.9,17.302
2019-10-02,2.5705,62200.0,99.02,1.601,7785.23,26078.62,52.51,1513.8,17.683
2019-10-03,2.5535,51490.0,98.86,1.534,7872.25,26201.04,52.36,1512.9,17.676
2019-10-07,2.577,49610.0,98.97,1.565,7956.28,26478.02,52.71,1503.9,17.54
2019-10-08,2.5685,62320.0,99.13,1.532,7823.76,26164.04,52.62,1512.8,17.7
2019-10-09,2.568,46710.0,99.12,1.587,7903.73,26346.01,52.61,1500.9,17.81
2019-10-10,2.6135,76150.0,98.7,1.67,7950.77,26496.67,53.56,1488.7,17.602
2019-10-14,2.634,58730.0,98.45,1.715,8048.65,26787.36,53.65,1483.5,17.71
2019-10-15,2.614,53710.0,98.29,1.771,8148.71,27024.8,52.88,1494.0,17.384
2019-10-16,2.5895,54260.0,98.0,1.745,8124.18,27001.98,53.45,1498.3,17.427
2019-10-17,2.5975,53900.0,97.61,1.75,8156.85,27025.88,54.03,1494.1,17.612
2019-10-21,2.6465,54490.0,97.33,1.803,8162.99,26827.64,53.51,1487.5,17.602
2019-10-22,2.633,46140.0,97.53,1.768,8104.3,26788.1,54.48,1495.7,17.5
2019-10-23,2.6715,75680.0,97.49,1.768,8119.79,26833.95,55.99,1504.7,17.58
2019-10-24,2.668,61060.0,97.63,1.771,8185.8,26805.53,56.27,1505.3,17.804
2019-10-28,2.683,49120.0,97.76,1.845,8325.99,27090.72,55.9,1490.7,17.876
2019-10-29,2.6915,52040.0,97.69,1.837,8276.85,27071.42,55.68,1496.7,17.831
2019-10-30,2.6905,110.0,97.65,1.775,8303.98,27186.69,55.1,1514.8,17.921
2019-10-31,2.6425,320.0,97.35,1.688,8292.36,27046.23,54.25,1511.4,18.124
2019-11-04,2.6755,350.0,97.5,1.781,8433.2,27462.11,56.6,1483.7,18.123
2019-11-05,2.705,700.0,97.98,1.857,8434.68,27492.63,57.29,1493.1,17.623
2019-11-06,2.6695,310.0,97.95,1.83,8410.63,27492.56,56.38,1466.4,17.654
2019-11-07,2.732,590.0,98.14,1.929,8434.52,27674.8,57.15,1462.9,17.065
2019-11-11,2.668,250.0,98.2,1.923,8464.28,27691.49,56.9,1453.7,16.852
2019-11-12,2.65,470.0,98.31,1.928,8486.09,27691.49,56.85,1463.3,16.74
2019-11-13,2.6435,760.0,98.37,1.891,8482.1,27783.59,57.2,1473.4,16.963
2019-11-14,2.6265,760.0,98.16,1.822,8479.02,27781.96,56.88,1468.5,17.078
2019-11-18,2.6245,1030.0,97.79,1.815,8549.94,28036.22,57.14,1474.3,17.051
2019-11-19,2.659,910.0,97.86,1.786,8570.66,27934.02,55.35,1474.2,17.169
2019-11-20,2.652,1150.0,97.93,1.747,8526.73,27821.09,57.01,1463.6,17.166
2019-11-21,2.6275,810.0,97.99,1.776,8506.21,27766.29,58.41,1463.6,17.116
2019-11-25,2.6535,710.0,98.32,1.752,8632.49,28066.47,57.91,1460.3,16.939
2019-11-26,2.686,1480.0,98.25,1.741,8647.93,28121.68,58.32,1460.8,17.096
2019-11-27,2.6905,660.0,98.37,1.767,8705.17,28164.0,58.05,1472.7,17.009
2019-12-02,2.6455,110.0,97.86,1.822,8567.99,27783.04,55.91,1484.4,16.916
2019-12-03,2.618,80.0,97.74,1.717,8520.64,27502.81,56.03,1480.2,17.204
2019-12-04,2.6545,190.0,97.65,1.778,8566.67,27649.78,58.34,1483.1,16.881
2019-12-05,2.6585,330.0,97.41,1.809,8570.7,27677.79,58.34,1465.1,17.019
2019-12-09,2.754,380.0,97.64,1.821,8621.83,27909.6,58.92,1468.1,16.6
2019-12-10,2.7615,260.0,97.41,1.842,8616.18,27881.72,59.14,1475.0,16.664
2019-12-11,2.7855,290.0,97.08,1.793,8654.05,27911.3,58.65,1472.3,16.81
2019-12-12,2.7925,240.0,97.4,1.896,8717.32,28132.05,59.06,1481.2,16.912
2019-12-16,2.809,2320.0,97.02,1.873,8814.23,28235.89,60.14,1480.6,17.077
2019-12-17,2.8125,480.0,97.22,1.875,8823.36,28267.16,60.87,1478.7,17.036
2019-12-18,2.811,620.0,97.4,1.922,8827.74,28239.28,60.85,1484.4,17.01
2019-12-19,2.8265,480.0,97.38,1.922,8887.22,28376.96,61.18,1480.9,17.116
2019-12-23,2.8095,380.0,97.66,1.928,8945.65,28551.53,60.35,1504.8,17.463
2019-12-26,2.8475,140.0,97.53,1.894,9022.39,28621.39,61.48,1518.1,17.956
2019-12-30,2.8335,46910.0,96.74,1.886,8945.99,28462.14,61.44,1523.1,18.001
2020-01-02,2.825,72460.0,96.85,1.877,9092.19,28868.8,60.95,1528.1,18.046
2020-01-06,2.79,59570.0,96.67,1.809,9071.47,28703.38,63.04,1568.8,18.179
2020-01-07,2.7935,59470.0,97.0,1.811,9068.58,28583.68,62.51,1574.3,18.393
2020-01-08,2.812,77700.0,97.3,1.874,9129.24,28745.09,59.46,1560.2,18.167
2020-01-09,2.802,53120.0,97.45,1.855,9203.43,28956.9,59.44,1554.3,17.936
2020-01-13,2.861,73100.0,97.34,1.848,9273.93,28907.05,58.08,1550.6,17.996
2020-01-14,2.8735,74970.0,97.37,1.813,9251.33,28939.67,58.26,1544.6,17.742
2020-01-15,2.866,55200.0,97.23,1.786,9258.69,29030.22,57.84,1554.0,17.988
2020-01-16,2.847,73550.0,97.32,1.809,9357.13,29297.64,58.53,1550.5,17.939
2020-01-21,2.7935,103870.0,97.53,1.774,9370.81,29196.04,58.38,1557.9,17.808
2020-01-22,2.765,71190.0,97.53,1.769,9383.77,29186.27,56.76,1556.7,17.828
2020-01-23,2.726,88850.0,97.69,1.731,9402.48,29160.09,55.61,1565.4,17.829
2020-01-27,2.5965,118990.0,97.96,1.613,9139.31,28535.8,53.18,1577.4,18.056
2020-01-28,2.5795,100470.0,98.02,1.661,9269.68,28722.85,53.52,1569.8,17.458
2020-01-29,2.554,87190.0,97.99,1.581,9275.16,28734.45,53.41,1570.4,17.487
2020-01-30,2.5275,140.0,97.87,1.591,9298.93,28859.44,52.23,1589.2,18.032
2020-02-03,2.5105,540.0,97.8,1.526,9273.4,28399.81,50.28,1582.4,17.712
2020-02-04,2.5455,650.0,97.96,1.603,9467.97,28807.63,49.8,1555.5,17.6
2020-02-05,2.5785,370.0,98.3,1.649,9508.68,29290.85,50.92,1562.8,17.643
2020-02-06,2.5965,500.0,98.5,1.644,9572.15,29379.77,51.14,1570.0,17.857
2020-02-10,2.5545,220.0,98.83,1.563,9628.39,29276.81,49.78,1579.5,17.826
2020-02-11,2.5875,230.0,98.72,1.602,9638.94,29276.34,50.17,1570.1,17.638
2020-02-12,2.6055,830.0,99.05,1.637,9725.96,29551.42,51.41,1571.6,17.537
2020-02-13,2.6175,310.0,99.07,1.619,9711.97,29423.31,51.66,1578.8,17.66
2020-02-18,2.6085,260.0,99.44,1.559,9732.74,29232.19,52.29,1603.6,18.192
2020-02-19,2.6105,610.0,99.71,1.568,9817.18,29348.03,53.49,1611.8,18.359
2020-02-20,2.5925,780.0,99.86,1.519,9750.97,29219.98,53.88,1620.5,18.367
2020-02-24,2.5815,610.0,99.36,1.37,9221.28,27960.8,51.58,1676.6,18.923
2020-02-25,2.5805,650.0,98.97,1.355,8965.61,27081.36,50.06,1650.0,18.229
2020-02-26,2.5735,1250.0,99.0,1.335,8980.77,26957.59,48.88,1643.1,17.874
2020-02-27,2.5715,110450.0,98.51,1.274,8566.48,25766.64,47.29,1642.5,17.735
2020-03-02,2.595,106890.0,97.36,1.152,8952.17,26703.32,46.92,1594.8,16.739
2020-03-03,2.573,100560.0,97.15,0.999,8684.09,25917.41,47.33,1644.4,17.188
2020-03-04,2.586,58220.0,97.34,1.055,9018.09,27090.86,46.95,1643.0,17.246
2020-03-05,2.573,62320.0,96.82,0.917,8738.59,26121.28,46.06,1668.0,17.393
2020-03-09,2.5105,120970.0,94.89,0.559,7950.68,23851.02,31.47,1675.7,17.054
2020-03-10,2.5215,93800.0,96.41,0.8,8344.25,25018.16,34.73,1660.3,16.955
2020-03-11,2.502,74670.0,96.51,0.877,7952.05,23553.22,33.39,1642.3,16.776
2020-03-12,2.4725,116120.0,97.47,0.812,7201.8,21200.62,31.98,1590.3,16.005
2020-03-16,2.3925,114110.0,98.07,0.74,6904.59,20188.52,29.0,1486.5,12.816
2020-03-17,2.3135,101650.0,99.57,1.069,7334.78,21237.38,27.33,1525.8,12.495
2020-03-18,2.151,105930.0,101.16,1.183,6989.84,19898.92,20.83,1477.9,11.772
2020-03-19,2.1855,101070.0,102.75,1.158,7150.58,20087.19,25.91,1479.3,12.134
2020-03-23,2.1005,84920.0,102.49,0.763,6860.67,18591.93,25.48,1567.6,13.261
2020-03-24,2.18,91040.0,102.04,0.858,7417.86,20704.91,26.2,1660.8,14.257
2020-03-25,2.204,74580.0,101.05,0.869,7384.3,21200.55,27.16,1633.4,14.873
2020-03-26,2.178,60760.0,99.35,0.848,7797.54,22552.17,25.71,1651.2,14.676
2020-03-30,2.1605,190.0,99.18,0.726,7774.15,22327.48,24.09,1643.2,14.156
2020-03-31,2.232,220.0,99.05,0.668,7700.1,21917.16,24.51,1596.6,14.18
2020-04-01,2.179,190.0,99.67,0.602,7360.58,20943.51,23.74,1591.4,14.008
2020-04-02,2.222,160.0,100.18,0.611,7487.31,21413.44,28.05,1637.7,14.678
2020-04-06,2.221,200.0,100.68,0.678,7913.24,22679.99,29.98,1693.9,15.193
2020-04-07,2.277,300.0,99.9,0.726,7887.26,22653.86,28.69,1683.7,15.504
2020-04-08,2.2665,450.0,100.12,0.771,8090.9,23433.57,30.17,1684.3,15.229
2020-04-13,2.3125,1120.0,99.35,0.77,8192.42,23390.77,29.26,1761.4,15.561
2020-04-14,2.338,520.0,98.89,0.75,8515.74,23949.76,27.4,1768.9,16.154
2020-04-15,2.304,330.0,99.46,0.635,8393.18,23504.35,26.04,1740.2,15.529
2020-04-16,2.302,440.0,100.03,0.617,8532.36,23537.68,25.53,1731.7,15.646
2020-04-20,2.328,1260.0,99.96,0.616,8560.73,23650.44,20.43,1711.2,15.638
2020-04-21,2.249,3150.0,100.26,0.566,8263.23,23018.88,11.57,1687.8,14.9
2020-04-22,2.3015,810.0,100.39,0.618,8495.38,23475.82,20.69,1738.3,15.359
2020-04-23,2.3145,590.0,100.43,0.603,8494.75,23515.26,21.44,1745.4,15.381
2020-04-27,2.3475,560.0,100.04,0.664,8730.16,24133.78,18.08,1723.8,15.299
2020-04-28,2.348,1190.0,99.86,0.616,8607.73,24101.55,17.6,1722.2,15.26
2020-04-29,2.3705,46810.0,99.57,0.628,8914.71,24633.86,19.12,1713.4,15.315
2020-04-30,2.344,52270.0,99.02,0.646,8889.55,24345.72,21.85,1694.2,14.973
2020-05-04,2.3125,30430.0,99.48,0.631,8710.72,23749.76,22.78,1713.3,14.796
2020-05-05,2.3325,38370.0,99.71,0.662,8809.12,23883.09,26.49,1710.6,15.11
2020-05-06,2.347,45060.0,100.09,0.709,8854.39,23664.64,25.62,1688.5,15.015
2020-05-07,2.3805,52220.0,99.89,0.639,8979.66,23875.89,24.83,1725.8,15.59
2020-05-11,2.38,59010.0,100.24,0.707,9192.34,24221.99,25.08,1698.0,15.68
2020-05-12,2.359,48170.0,99.93,0.667,9002.55,23764.78,26.33,1706.8,15.709
2020-05-13,2.346,43800.0,100.24,0.654,8863.17,23247.97,25.68,1716.4,15.671
2020-05-14,2.346,53810.0,100.47,0.617,8943.72,23625.34,27.88,1740.9,16.156
2020-05-18,2.404,65069.99999999999,99.67,0.726,9234.83,24597.37,31.65,1734.4,17.468
2020-05-19,2.418,59830.0,99.37,0.692,9185.1,24206.86,31.96,1745.6,17.901
2020-05-20,2.46,54340.0,99.12,0.69,9375.78,24575.9,33.94,1752.1,18.031
2020-05-21,2.432,56130.0,99.37,0.68,9284.88,24474.12,34.34,1721.9,17.364
2020-05-26,2.4185,70770.0,98.91,0.695,9340.22,24995.11,34.77,1705.6,17.595
2020-05-27,2.382,73620.0,99.06,0.695,9412.36,25548.27,33.23,1726.8,17.757
2020-05-28,2.4215,80.0,98.38,0.697,9368.99,25400.64,34.06,1728.3,18.009
2020-06-01,2.478,110.0,97.83,0.667,9552.05,25475.02,35.79,1750.3,18.869
2020-06-02,2.4985,30.0,97.67,0.687,9608.38,25742.65,37.06,1734.0,18.315
2020-06-03,2.495,50.0,97.28,0.746,9682.91,26269.89,37.59,1704.8,18.013
2020-06-04,2.4965,70.0,96.68,0.825,9615.81,26281.82,37.72,1727.4,18.116
2020-06-08,2.574,610.0,96.62,0.878,9924.75,27572.44,38.43,1705.1,17.995
2020-06-09,2.607,200.0,96.32,0.824,9953.75,27272.3,39.16,1721.9,17.896
2020-06-10,2.6655,120.0,95.96,0.736,10020.35,26989.99,39.78,1720.7,17.884
2020-06-11,2.5955,110.0,96.73,0.666,9492.73,25128.17,36.57,1739.8,17.97
2020-06-15,2.5785,380.0,96.71,0.72,9726.02,25763.16,37.43,1727.2,17.484
2020-06-16,2.577,780.0,96.96,0.741,9895.87,26289.98,38.65,1736.5,17.735
2020-06-17,2.601,360.0,97.16,0.733,9910.53,26119.61,38.21,1735.6,17.86
2020-06-18,2.6015,530.0,97.42,0.707,9943.05,26080.1,39.05,1731.1,17.601
2020-06-22,2.6575,170.0,97.04,0.71,10056.48,26024.96,40.73,1766.4,17.992
2020-06-23,2.664,510.0,96.65,0.715,10131.37,26156.1,40.51,1782.0,18.155
2020-06-24,2.654,310.0,97.15,0.679,9909.17,25445.94,38.21,1775.1,17.734
2020-06-25,2.6725,270.0,97.43,0.682,10017.0,25745.6,38.91,1770.6,17.968
2020-06-29,2.6925,61500.0,97.54,0.627,9874.15,25595.8,39.81,1781.2,18.064
2020-06-30,2.7285,69030.0,97.39,0.658,10058.76,25812.88,39.34,1800.5,18.637
2020-07-01,2.734,76630.0,97.2,0.676,10154.63,25734.97,39.92,1779.9,18.218
2020-07-02,2.7485,66230.0,97.32,0.669,10207.63,25827.36,40.76,1790.0,18.322
2020-07-06,2.7745,86670.0,96.72,0.678,10433.65,26287.03,40.73,1793.5,18.582
2020-07-07,2.797,62730.0,96.88,0.64,10343.89,25890.18,40.7,1809.9,18.699
2020-07-08,2.824,59180.0,96.43,0.666,10492.5,26067.28,41.04,1820.6,19.161
2020-07-09,2.8385,78980.0,96.7,0.613,10547.75,25706.09,39.83,1803.8,18.962
2020-07-13,2.955,104540.0,96.46,0.618,10390.84,26085.8,40.32,1814.1,19.788
2020-07-14,2.9325,83110.0,96.26,0.625,10488.58,26642.59,40.55,1813.4,19.53
2020-07-15,2.885,86430.0,96.08,0.633,10550.49,26870.1,41.4,1813.8,19.761
2020-07-16,2.9015,71220.0,96.35,0.618,10473.83,26734.71,40.93,1800.3,19.573
2020-07-20,2.9155,59310.0,95.83,0.613,10767.09,26680.87,40.92,1817.4,20.192
2020-07-21,2.958,51620.0,95.12,0.605,10680.36,26840.4,41.92,1843.9,21.557
2020-07-22,2.9245,72710.0,94.99,0.6,10706.13,27005.84,42.04,1865.1,23.144
2020-07-23,2.9385,56700.0,94.69,0.577,10461.42,26652.33,41.21,1890.0,22.988
2020-07-27,2.8975,59870.0,93.67,0.615,10536.27,26584.77,41.8,1931.0,24.501
2020-07-28,2.9175,70940.0,93.7,0.579,10402.09,26379.28,41.28,1944.6,24.3
2020-07-29,2.919,57120.0,93.45,0.577,10542.94,26539.57,41.54,1953.4,24.321
2020-07-30,2.922,310.0,93.02,0.545,10587.81,26313.65,40.24,1966.8,23.45
2020-08-03,2.9205,40.0,93.54,0.554,10902.8,26664.4,41.31,1986.3,24.505
2020-08-04,2.903,50.0,93.38,0.512,10941.17,26828.47,41.91,2021.0,26.091
2020-08-05,2.925,30.0,92.87,0.549,10998.4,27201.52,42.43,2049.3,26.953
2020-08-06,2.919,290.0,92.79,0.538,11108.07,27386.98,42.2,2069.4,28.47
2020-08-10,2.8705,100.0,93.58,0.581,10968.36,27791.44,42.17,2039.7,29.311
2020-08-11,2.884,100.0,93.63,0.643,10782.82,27686.91,41.87,1946.3,26.1
2020-08-12,2.899,220.0,93.44,0.673,11012.24,27976.84,42.95,1949.0,26.023
2020-08-13,2.816,240.0,93.33,0.717,11042.5,27896.72,42.52,1970.4,27.762
2020-08-17,2.909,190.0,92.85,0.692,11129.73,27844.91,43.17,1998.7,27.717
2020-08-18,2.9805,470.0,92.27,0.67,11210.84,27778.07,43.12,2013.1,28.115
2020-08-19,3.028,270.0,92.89,0.685,11146.46,27692.88,43.11,1970.3,27.385
2020-08-20,2.981,170.0,92.79,0.652,11264.95,27739.73,42.82,1946.5,27.192
2020-08-24,2.9325,300.0,93.3,0.654,11379.72,28308.46,42.93,1939.2,26.661
2020-08-25,2.9415,390.0,93.02,0.688,11466.47,28248.44,43.65,1923.1,26.328
2020-08-26,2.9685,190.0,93.01,0.688,11665.06,28331.92,43.69,1952.5,27.514
2020-08-27,2.9755,870.0,93.0,0.754,11625.34,28492.27,43.31,1932.6,27.09
2020-08-31,3.0555,150.0,92.14,0.706,11775.46,28430.05,42.9,1978.6,28.53
2020-09-01,3.0225,170.0,92.34,0.672,11939.67,28645.66,43.08,1978.9,28.575
2020-09-02,3.015,120.0,92.85,0.648,12056.44,29100.5,41.85,1944.7,27.343
2020-09-03,2.9695,90.0,92.74,0.636,11458.1,28292.73,41.72,1937.8,26.828
2020-09-08,3.02,170.0,93.44,0.682,10847.69,27500.89,37.19,1943.2,26.947
2020-09-09,3.046,730.0,93.25,0.698,11141.56,27940.47,38.41,1954.9,27.041
2020-09-10,2.9925,300.0,93.34,0.682,10919.59,27534.58,37.66,1964.3,27.249
2020-09-14,3.065,370.0,93.05,0.676,11056.65,27993.33,37.56,1963.7,27.31
2020-09-15,3.061,320.0,93.05,0.68,11190.32,27995.6,38.55,1966.2,27.429
2020-09-16,3.0585,200.0,93.21,0.698,11050.47,28032.38,40.41,1970.5,27.443
2020-09-17,3.0685,180.0,92.97,0.689,10910.28,27901.98,41.22,1949.9,27.066
2020-09-21,3.0315,210.0,93.66,0.669,10778.94,27147.7,39.54,1910.6,24.356
2020-09-22,3.06,260.0,93.99,0.671,10963.77,27288.18,39.8,1907.6,24.488
2020-09-23,2.9925,300.0,94.39,0.677,10633.15,26763.13,40.22,1868.4,23.069
2020-09-24,2.9675,180.0,94.35,0.668,10672.43,26815.44,40.58,1876.9,23.162
2020-09-28,2.988,280.0,94.28,0.658,11117.7,27584.06,40.87,1882.3,23.572
2020-09-29,2.99,67930.0,93.89,0.651,11085.42,27452.66,39.56,1903.2,24.445
2020-09-30,3.0325,81630.0,93.89,0.686,11167.68,27781.7,40.47,1895.5,23.494
2020-10-01,2.8655,116110.0,93.71,0.679,11326.61,27816.9,39.01,1916.3,24.254
2020-10-05,2.963,56240.0,93.51,0.778,11332.58,28148.64,39.5,1920.1,24.56
2020-10-06,2.9635,45410.0,93.69,0.734,11154.7,27772.76,40.93,1908.8,23.921
2020-10-07,3.033,88200.0,93.63,0.784,11364.7,28303.46,40.23,1890.8,23.896
2020-10-08,3.042,60110.0,93.61,0.779,11421.08,28425.51,41.47,1895.1,23.876
2020-10-12,3.064,50420.0,93.07,0.764,11876.36,28837.52,39.73,1928.9,25.271
2020-10-13,3.0445,60940.0,93.53,0.729,11864.0,28679.81,40.49,1894.6,24.129
2020-10-14,3.0505,44200.0,93.38,0.727,11768.83,28514.0,41.34,1907.3,24.395
2020-10-15,3.0855,73520.0,93.86,0.739,11713.97,28494.2,41.24,1908.9,24.224
2020-10-19,3.086,53710.0,93.43,0.772,11478.98,28195.42,41.06,1911.7,24.698
2020-10-20,3.148,78890.0,93.07,0.786,11516.49,28308.79,41.7,1915.4,24.98
2020-10-21,3.1985,80170.0,92.61,0.821,11484.69,28210.82,40.31,1929.5,25.241
2020-10-22,3.1535,74340.0,92.95,0.861,11506.01,28363.66,40.94,1904.6,24.709
2020-10-26,3.0895,74730.0,93.04,0.803,11358.94,27685.38,38.89,1905.7,24.42
2020-10-27,3.0935,56270.0,92.94,0.771,11431.35,27463.19,39.87,1911.9,24.57
2020-10-28,3.064,89550.0,93.4,0.774,11004.87,26519.95,37.72,1879.2,23.359
2020-10-29,3.06,20.0,93.96,0.831,11185.59,26659.11,36.51,1868.0,23.408
2020-11-02,3.081,60.0,94.13,0.852,10957.61,26925.05,37.18,1892.5,24.073
2020-11-03,3.0935,110.0,93.55,0.896,11160.57,27480.03,37.99,1910.4,24.374
2020-11-04,3.1095,90.0,93.41,0.771,11590.78,27847.66,39.47,1896.2,23.933
2020-11-05,3.1135,140.0,92.53,0.766,11890.93,28390.18,39.11,1946.8,25.232
2020-11-09,3.1595,210.0,92.72,0.924,11713.78,29157.97,40.62,1854.4,23.736
2020-11-10,3.1595,150.0,92.75,0.96,11553.86,29420.92,41.67,1876.4,24.502
2020-11-11,3.1375,50.0,93.04,0.977,11786.43,29397.63,41.74,1861.6,24.306
2020-11-12,3.148,130.0,92.96,0.883,11709.59,29080.17,41.41,1873.3,24.35
2020-11-16,3.225,250.0,92.64,0.911,11924.13,29950.44,41.57,1887.8,24.837
2020-11-17,3.203,270.0,92.42,0.862,11899.34,29783.35,41.65,1885.1,24.686
2020-11-18,3.2035,460.0,92.32,0.87,11801.6,29438.42,42.01,1873.9,24.48
2020-11-19,3.2085,280.0,92.29,0.842,11904.71,29483.23,41.9,1861.5,24.085
2020-11-23,3.265,630.0,92.5,0.859,11880.63,29591.27,43.28,1837.8,23.675
2020-11-24,3.3075,550.0,92.23,0.885,12037.33,30046.24,45.11,1804.6,23.33
2020-11-25,3.318,1030.0,91.99,0.882,12094.4,29872.47,45.91,1805.5,23.387
2020-11-30,3.4335,160.0,91.87,0.842,12198.74,29638.64,45.51,1780.9,22.583
2020-12-01,3.48,380.0,91.31,0.929,12355.11,29823.92,44.73,1818.9,24.08
2020-12-02,3.4845,140.0,91.12,0.938,12349.37,29883.79,45.44,1830.2,24.066
2020-12-03,3.4865,90.0,90.71,0.911,12377.18,29969.52,45.79,1841.1,24.12
2020-12-07,3.514,70.0,90.79,0.928,12519.95,30069.79,45.95,1866.0,24.776
2020-12-08,3.4965,90.0,90.96,0.921,12582.77,30173.88,45.8,1874.9,24.711
2020-12-09,3.5105,100.0,91.09,0.938,12338.95,30068.81,45.72,1838.5,23.963
2020-12-10,3.5725,80.0,90.82,0.906,12405.81,29999.26,46.96,1837.4,24.073
2020-12-14,3.524,180.0,90.71,0.898,12440.04,29861.55,47.15,1832.1,24.022
2020-12-15,3.542,160.0,90.47,0.911,12595.06,30199.31,47.78,1855.3,24.614
2020-12-16,3.5575,90.0,90.45,0.92,12658.19,30154.54,48.0,1859.1,25.018
2020-12-17,3.6,40.0,89.82,0.935,12764.75,30303.37,48.54,1890.4,26.15
2020-12-21,3.5755,110.0,90.04,0.938,12742.52,30216.45,47.97,1882.8,26.34
2020-12-22,3.519,440.0,90.65,0.921,12807.92,30015.51,47.16,1870.3,25.5
2020-12-23,3.555,110.0,90.41,0.945,12771.11,30129.83,48.24,1878.1,25.885
2020-12-28,3.57,80.0,90.34,0.923,12899.42,30403.97,47.77,1880.4,26.51
2020-12-29,3.5535,240.0,89.99,0.94,12850.22,30335.67,48.14,1882.9,26.183
2020-12-30,3.549,39010.0,89.68,0.926,12870.0,30409.56,48.5,1893.4,26.573
2021-01-04,3.5545,78590.0,89.87,0.918,12698.45,30223.89,47.76,1946.6,27.364
2021-01-05,3.6395,65950.0,89.44,0.955,12818.96,30391.6,50.01,1954.4,27.64
2021-01-06,3.6505,93050.0,89.53,1.039,12740.79,30829.4,50.69,1908.6,27.042
2021-01-07,3.696,63680.0,89.83,1.081,13067.48,31041.13,50.87,1913.6,27.261
2021-01-11,3.5645,95190.0,90.46,1.144,13036.43,31008.69,52.27,1850.8,25.284
2021-01-12,3.6055,78260.0,90.09,1.129,13072.43,31068.69,53.24,1844.2,25.435
2021-01-13,3.617,64870.00000000001,90.36,1.092,13128.95,31060.47,52.96,1854.9,25.572
2021-01-14,3.6645,71340.0,90.24,1.129,13112.64,30991.52,53.62,1851.4,25.802
2021-01-19,3.6335,110270.0,90.5,1.092,13197.18,30930.52,52.98,1840.2,25.32
2021-01-20,3.6415,52140.0,90.47,1.077,13457.25,31188.38,53.31,1866.5,25.766
2021-01-21,3.6475,54040.0,90.13,1.109,13530.92,31176.01,53.05,1865.9,25.854
2021-01-25,3.6295,63750.0,90.39,1.033,13635.99,30960.0,52.67,1855.2,25.484
2021-01-26,3.6195,60310.0,90.17,1.033,13626.07,30937.04,52.52,1850.9,25.538
2021-01-27,3.5575,105180.0,90.65,1.013,13270.6,30303.17,52.73,1844.9,25.389
2021-01-28,3.58,150.0,90.46,1.052,13337.16,30603.36,52.24,1841.2,25.945
2021-02-01,3.5455,100.0,90.98,1.079,13403.39,30211.91,53.42,1863.9,29.441
2021-02-02,3.5245,70.0,91.2,1.095,13612.78,30687.48,54.62,1833.4,26.426
2021-02-03,3.5655,170.0,91.17,1.139,13610.54,30723.6,55.54,1835.1,26.914
2021-02-04,3.555,190.0,91.53,1.136,13777.74,31055.86,56.07,1791.2,26.261
2021-02-08,3.6665,110.0,90.93,1.176,13987.64,31385.76,57.83,1834.2,27.589
2021-02-09,3.719,260.0,90.44,1.16,14007.7,31375.83,58.25,1837.5,27.427
2021-02-10,3.773,130.0,90.37,1.124,13972.53,31437.8,58.57,1842.7,27.108
2021-02-11,3.7735,140.0,90.42,1.165,14025.77,31430.7,58.14,1826.8,27.072
2021-02-16,3.8345,420.0,90.51,1.311,14047.5,31522.75,60.08,1799.0,27.341
2021-02-17,3.8235,500.0,90.95,1.282,13965.5,31613.02,61.16,1772.8,27.335
2021-02-18,3.905,510.0,90.59,1.297,13865.36,31493.34,60.53,1775.0,27.098
2021-02-22,4.1465,2040.0,90.01,1.369,13533.05,31521.69,61.7,1808.4,28.111
2021-02-23,4.185,1410.0,90.17,1.343,13465.2,31537.35,61.43,1805.9,27.717
2021-02-24,4.3015,2490.0,90.18,1.372,13597.97,31961.86,63.0,1797.9,27.894
2021-02-25,4.2635,167030.0,90.13,1.53,13119.43,31402.01,63.22,1775.4,27.685
2021-03-01,4.113,106830.0,91.04,1.426,13588.83,31535.51,60.42,1723.0,26.678
2021-03-02,4.222,125090.0,90.79,1.398,13358.79,31391.52,59.57,1733.6,26.879
2021-03-03,4.142,106170.0,90.95,1.484,12997.75,31270.09,61.1,1715.8,26.387
2021-03-04,3.9785,172330.0,91.63,1.557,12723.47,30924.14,63.62,1700.7,25.461
2021-03-08,4.093,112000.0,92.31,1.603,12609.16,31802.44,64.93,1678.0,25.269
2021-03-09,4.0085,105190.0,91.96,1.528,13073.82,31832.74,63.99,1716.9,26.183
2021-03-10,4.0325,74710.0,91.82,1.521,13068.83,32297.02,64.42,1721.8,26.13
2021-03-11,4.139,89650.0,91.42,1.535,13398.67,32485.59,66.0,1722.6,26.193
2021-03-15,4.1405,60220.0,91.83,1.607,13459.71,32953.46,65.44,1729.2,26.288
2021-03-16,4.0715,72250.0,91.86,1.621,13471.57,32825.95,64.86,1730.9,26.003
2021-03-17,4.119,58920.0,91.44,1.646,13525.2,33015.37,64.63,1727.1,26.058
2021-03-18,4.108,67410.0,91.86,1.706,13116.17,32862.3,60.06,1732.5,26.351
2021-03-22,4.1395,58810.0,91.74,1.695,13377.54,32731.2,61.56,1738.1,25.769
2021-03-23,4.0795,81750.0,92.34,1.622,13227.7,32423.15,57.78,1725.1,25.227
2021-03-24,4.064,73580.0,92.53,1.614,12961.89,32420.06,61.16,1733.2,25.231
2021-03-25,3.978,108970.0,92.53,1.633,12977.68,32619.48,58.57,1725.1,25.047
2021-03-29,4.0345,61610.0,92.94,1.717,13059.65,33171.37,61.53,1714.6,24.771
2021-03-30,3.982,80.0,93.3,1.71,13045.39,33066.96,60.56,1686.0,24.157
2021-03-31,4.0,310.0,93.23,1.744,13246.87,32981.55,59.18,1715.6,24.552
2021-04-05,4.1395,340.0,92.6,1.707,13705.59,33527.19,58.68,1728.8,24.801
2021-04-06,4.118,150.0,92.33,1.658,13698.38,33430.24,59.37,1743.0,25.247
2021-04-07,4.0575,240.0,92.46,1.679,13688.84,33446.26,59.81,1741.6,25.267
2021-04-08,4.099,430.0,92.06,1.626,13829.31,33503.57,59.63,1758.2,25.604
2021-04-12,4.0225,590.0,92.14,1.669,13850.0,33745.4,59.75,1732.7,24.882
2021-04-13,4.0365,420.0,91.85,1.62,13996.1,33677.27,60.24,1747.6,25.442
2021-04-14,4.1315,500.0,91.69,1.634,13857.84,33730.89,63.22,1736.3,25.539
2021-04-15,4.223,730.0,91.69,1.574,14038.76,34035.99,63.51,1766.8,25.979
2021-04-19,4.243,520.0,91.07,1.61,13914.77,34077.63,63.43,1770.6,25.852
2021-04-20,4.219,450.0,91.24,1.566,13786.27,33821.3,62.67,1778.4,25.854
2021-04-21,4.2845,1030.0,91.15,1.559,13950.22,34137.31,61.27,1793.1,26.586
2021-04-22,4.278,900.0,91.33,1.542,13818.41,33815.9,61.34,1782.0,26.2
2021-04-26,4.443,1660.0,90.81,1.568,14138.78,33981.57,61.8,1780.1,26.228
2021-04-27,4.487,1780.0,90.91,1.625,14090.22,33984.93,62.8,1778.8,26.43
2021-04-28,4.498,2640.0,90.61,1.611,14051.03,33820.38,63.75,1773.9,26.102
2021-04-29,4.4865,92260.0,90.61,1.641,14082.55,34060.36,64.88,1768.3,26.085
2021-05-03,4.5285,40970.0,90.94,1.599,13895.12,34113.23,64.41,1791.8,26.96
2021-05-04,4.5215,64430.00000000001,91.29,1.591,13633.5,34133.03,65.61,1776.0,26.558
2021-05-05,4.524,64610.0,91.31,1.571,13582.42,34230.34,65.59,1784.3,26.522
2021-05-06,4.6025,79800.0,90.95,1.57,13632.84,34548.53,64.67,1815.7,27.477
2021-05-10,4.716,160250.0,90.21,1.604,13401.86,34742.82,64.93,1837.6,27.492
2021-05-11,4.762,109380.0,90.14,1.622,13389.43,34269.16,65.3,1836.1,27.667
2021-05-12,4.736,108330.0,90.71,1.693,13031.68,33587.66,66.1,1822.8,27.244
2021-05-13,4.6905,113720.0,90.75,1.659,13124.99,34021.45,63.84,1824.0,27.059
2021-05-17,4.7115,76760.0,90.16,1.652,13379.05,34327.79,66.28,1867.6,28.274
2021-05-18,4.7255,78110.0,89.75,1.64,13303.64,34060.66,65.5,1868.0,28.333
2021-05-19,4.5765,142070.0,90.19,1.676,13299.74,33896.04,63.35,1881.5,28.025
2021-05-20,4.568,102540.0,89.81,1.628,13535.74,34084.15,61.94,1881.9,28.067
2021-05-24,4.5255,79530.0,89.84,1.603,13661.17,34393.98,65.78,1884.5,27.905
2021-05-25,4.5065,86450.0,89.64,1.56,13657.17,34312.46,65.79,1898.0,28.056
2021-05-26,4.5295,65580.0,90.04,1.581,13738.0,34323.05,65.96,1903.8,27.877
2021-05-27,4.666,840.0,89.97,1.606,13736.28,34464.64,66.6,1898.5,27.955
2021-06-01,4.6565,320.0,89.83,1.606,13736.48,34575.31,67.52,1905.0,28.119
2021-06-02,4.595,190.0,89.91,1.589,13756.33,34600.38,68.63,1909.9,28.22
2021-06-03,4.4665,470.0,90.51,1.625,13614.51,34577.04,68.6,1873.3,27.492
2021-06-07,4.5295,290.0,89.95,1.569,13881.72,34630.24,69.04,1898.8,28.033
2021-06-08,4.559,250.0,90.08,1.538,13924.91,34599.82,69.87,1894.4,27.747
2021-06-09,4.5345,200.0,90.12,1.492,13911.75,34447.14,69.79,1895.5,28.017
2021-06-10,4.489,300.0,90.07,1.437,14020.33,34466.24,70.09,1896.4,28.047
2021-06-14,4.531,240.0,90.52,1.497,14174.14,34393.75,70.63,1865.9,28.054
2021-06-15,4.3375,780.0,90.54,1.489,14072.86,34299.33,71.86,1856.4,27.71
2021-06-16,4.3885,730.0,91.13,1.581,14039.68,34033.67,71.95,1861.4,27.828
2021-06-17,4.1825,620.0,91.89,1.511,14161.35,33823.45,70.78,1774.8,25.873
2021-06-21,4.1845,700.0,91.9,1.497,14141.48,33876.97,73.12,1782.9,26.043
2021-06-22,4.2245,530.0,91.76,1.467,14253.27,33945.58,72.85,1777.4,25.876
2021-06-23,4.3265,740.0,91.8,1.485,14271.73,33874.24,72.36,1783.4,26.132
2021-06-24,4.307,290.0,91.81,1.499,14369.71,34196.82,72.63,1776.7,26.069
2021-06-28,4.28,1440.0,91.89,1.482,14500.51,34283.27,72.2,1780.7,26.239
2021-06-29,4.2645,68650.0,92.05,1.475,14528.33,34292.29,72.31,1763.6,25.901
2021-06-30,4.289,71400.0,92.44,1.468,14503.95,34502.51,72.77,1771.6,26.194
2021-07-01,4.236,70960.0,92.6,1.459,14522.38,34633.53,74.33,1776.8,26.1
2021-07-06,4.251,147240.0,92.55,1.352,14663.64,34577.37,72.58,1794.2,26.174
2021-07-07,4.3225,81230.0,92.64,1.323,14665.06,34681.79,71.5,1802.1,26.129
2021-07-08,4.2645,72140.0,92.42,1.294,14559.78,34421.93,72.22,1800.2,25.987
2021-07-12,4.316,55990.0,92.26,1.368,14733.24,34996.18,73.44,1805.9,26.239
2021-07-13,4.307,62160.0,92.75,1.418,14677.65,34888.79,74.69,1809.9,26.14
2021-07-14,4.2675,51690.0,92.41,1.349,14644.95,34933.23,72.64,1825.0,26.271
2021-07-15,4.323,66980.0,92.62,1.301,14543.13,34987.02,71.38,1829.0,26.394
2021-07-19,4.2015,99000.0,92.89,1.199,14274.98,33962.04,66.35,1809.2,25.144
2021-07-20,4.263,63300.0,92.97,1.222,14498.88,34511.99,67.2,1811.4,24.995
2021-07-21,4.272,51380.0,92.75,1.292,14631.95,34798.0,69.57,1803.4,25.255
2021-07-22,4.3375,57620.0,92.82,1.277,14684.6,34823.35,71.14,1805.4,25.381
2021-07-26,4.585,106740.0,92.65,1.295,14840.71,35144.31,71.34,1799.2,25.318
2021-07-27,4.5445,86630.0,92.43,1.239,14660.58,35058.52,71.14,1799.8,24.649
2021-07-28,4.482,79780.0,92.32,1.238,14762.58,34930.93,71.79,1799.7,24.877
2021-07-29,4.5075,290.0,91.86,1.266,14778.26,35084.53,72.98,1835.8,25.799
2021-08-02,4.418,590.0,92.05,1.179,14681.07,34838.16,70.61,1822.2,25.59
2021-08-03,4.3755,220.0,92.08,1.174,14761.3,35116.4,70.03,1814.1,25.595
2021-08-04,4.3215,170.0,92.27,1.18,14780.53,34792.67,67.79,1814.5,25.474
2021-08-05,4.334,110.0,92.24,1.225,14895.12,35064.25,68.74,1808.9,25.303
2021-08-09,4.282,360.0,92.94,1.325,14860.18,35101.85,66.3,1726.5,23.279
2021-08-10,4.346,80.0,93.06,1.354,14788.09,35264.67,68.06,1731.7,23.402
2021-08-11,4.36,100.0,92.92,1.335,14765.14,35484.97,69.02,1753.3,23.496
2021-08-12,4.35,120.0,93.04,1.361,14816.26,35499.85,68.9,1751.8,23.122
2021-08-16,4.32,770.0,92.63,1.268,14793.76,35625.4,67.05,1789.8,23.799
2021-08-17,4.2015,350.0,93.13,1.267,14656.18,35343.28,66.34,1787.8,23.666
2021-08-18,4.117,390.0,93.14,1.26,14525.91,34960.69,65.21,1784.4,23.43
2021-08-19,4.0405,640.0,93.57,1.243,14541.79,34894.12,63.5,1783.1,23.239
2021-08-23,4.221,470.0,92.96,1.253,14942.65,35335.71,65.34,1806.3,23.666
2021-08-24,4.26,370.0,92.89,1.297,15019.8,35366.26,67.25,1808.5,23.909
2021-08-25,4.27,560.0,92.82,1.349,15041.86,35405.5,68.06,1791.0,23.795
2021-08-26,4.252,780.0,93.06,1.354,14945.81,35213.12,67.1,1795.2,23.567
2021-08-30,4.371,570.0,92.65,1.28,15265.89,35399.84,68.93,1812.2,23.992
2021-08-31,4.37,710.0,92.63,1.307,15259.24,35360.73,68.26,1818.1,23.991
2021-09-01,4.274,260.0,92.45,1.299,15309.38,35312.53,68.32,1816.0,24.201
2021-09-02,4.2995,120.0,92.22,1.285,15331.18,35443.82,69.73,1811.5,23.9
2021-09-07,4.2795,210.0,92.51,1.377,15374.33,35100.0,68.13,1798.5,24.357
2021-09-08,4.2325,280.0,92.65,1.336,15286.64,35031.07,69.05,1793.5,24.036
2021-09-09,4.284,230.0,92.48,1.297,15248.25,34879.38,67.92,1800.0,24.156
2021-09-13,4.365,450.0,92.68,1.326,15105.58,34869.63,70.19,1794.4,23.775
2021-09-14,4.319,320.0,92.62,1.284,15037.76,34577.57,70.23,1807.1,23.863
2021-09-15,4.404,180.0,92.55,1.304,15161.53,34814.39,72.33,1794.8,23.779
2021-09-16,4.28,140.0,92.93,1.336,15181.92,34751.32,72.37,1756.7,22.774
2021-09-20,4.1135,300.0,93.28,1.312,14713.9,33970.47,70.14,1763.8,22.185
2021-09-21,4.126,420.0,93.2,1.328,14746.4,33919.84,70.49,1778.2,22.593
2021-09-22,4.252,330.0,93.46,1.304,14896.85,34258.32,71.89,1778.8,22.89
2021-09-23,4.231,220.0,93.03,1.435,15052.24,34764.82,72.95,1749.8,22.663
2021-09-27,4.291,500.0,93.38,1.491,14969.97,34869.37,75.08,1752.0,22.685
2021-09-28,4.2485,510.0,93.77,1.546,14546.68,34299.99,74.9,1737.5,22.46
2021-09-29,4.199,47160.0,94.34,1.524,14512.44,34390.72,74.5,1722.9,21.485
2021-09-30,4.089,72320.0,94.23,1.492,14448.58,33843.92,74.7,1757.0,22.047
2021-10-04,4.2385,45600.0,93.78,1.481,14255.49,34002.92,77.33,1767.6,22.644
2021-10-05,4.1925,41330.0,93.97,1.528,14433.83,34314.67,78.57,1760.9,22.608
2021-10-06,4.1475,48580.0,94.27,1.528,14501.91,34416.99,77.06,1761.8,22.532
2021-10-07,4.2435,41510.0,94.22,1.576,14654.02,34754.94,77.96,1759.2,22.658
2021-10-11,4.3665,60620.0,94.32,1.628,14486.2,34496.06,79.92,1755.7,22.665
2021-10-12,4.3255,65220.0,94.52,1.572,14465.92,34378.34,79.92,1759.3,22.514
2021-10-13,4.516,104410.0,94.08,1.542,14571.64,34377.81,79.82,1794.7,23.17
2021-10-14,4.6315,91560.0,93.96,1.516,14823.43,34912.56,80.77,1797.9,23.477
2021-10-18,4.7255,76630.0,93.95,1.591,15021.81,35258.61,81.69,1765.7,23.264
2021-10-19,4.703,73560.0,93.73,1.641,15129.09,35457.31,82.44,1770.5,23.883
2021-10-20,4.7345,71770.0,93.56,1.66,15121.68,35609.34,83.42,1784.9,24.445
2021-10-21,4.5585,82450.0,93.77,1.696,15215.7,35603.08,81.36,1781.9,24.17
2021-10-25,4.528,54920.0,93.81,1.633,15226.71,35741.15,82.61,1806.8,24.592
2021-10-26,4.486,58890.0,93.95,1.61,15235.72,35756.88,83.36,1793.4,24.088
2021-10-27,4.3895,71050.0,93.8,1.55,15235.84,35490.69,81.48,1798.8,24.191
2021-10-28,4.4275,190.0,93.35,1.578,15448.12,35730.48,81.46,1802.6,24.139
2021-11-01,4.379,180.0,93.88,1.561,15595.92,35913.84,82.45,1795.8,24.091
2021-11-02,4.3515,330.0,94.09,1.547,15649.6,36052.63,82.44,1789.4,23.524
2021-11-03,4.309,210.0,93.86,1.603,15811.58,36157.58,79.57,1763.9,23.251
2021-11-04,4.309,70.0,94.35,1.53,15940.31,36124.23,77.7,1793.5,23.93
2021-11-08,4.3945,270.0,94.05,1.493,15982.36,36432.22,80.74,1828.0,24.561
2021-11-09,4.3725,180.0,93.96,1.439,15886.54,36319.98,82.56,1830.8,24.337
2021-11-10,4.323,300.0,94.85,1.57,15622.7,36079.94,80.06,1848.3,24.791
2021-11-11,4.398,180.0,95.18,1.578,15704.28,35921.23,80.42,1863.9,25.32
2021-11-15,4.4005,370.0,95.41,1.618,15853.85,36087.45,79.75,1866.6,25.124
2021-11-16,4.3545,370.0,95.92,1.64,15973.85,36142.22,79.74,1854.1,24.963
2021-11-17,4.268,480.0,95.83,1.585,15921.57,35931.05,77.55,1870.2,25.185
2021-11-18,4.305,850.0,95.54,1.587,15993.71,35870.95,78.41,1861.4,24.919
2021-11-22,4.3975,730.0,96.55,1.632,15854.76,35619.25,76.12,1806.3,24.318
2021-11-23,4.4235,430.0,96.49,1.676,15775.14,35813.8,77.94,1783.8,23.452
2021-11-24,4.4645,1610.0,96.88,1.643,15845.23,35804.38,77.81,1784.3,23.514
2021-11-29,4.3415,420.0,96.34,1.502,15782.83,35135.94,69.62,1785.2,22.836
2021-11-30,4.2805,240.0,95.99,1.456,15537.69,34483.72,65.85,1776.5,22.799
2021-12-01,4.247,120.0,96.03,1.404,15254.05,34022.04,65.37,1784.3,22.324
2021-12-02,4.2995,160.0,96.16,1.444,15381.32,34639.79,66.27,1762.7,22.304
2021-12-06,4.3375,50.0,96.33,1.433,15225.15,35227.03,69.3,1779.5,22.252
2021-12-07,4.339,40.0,96.37,1.482,15686.92,35719.43,71.84,1784.7,22.512
2021-12-08,4.3925,180.0,95.89,1.528,15786.99,35754.75,72.18,1785.5,22.422
2021-12-09,4.332,90.0,96.27,1.497,15517.37,35754.69,70.79,1776.7,22.001
2021-12-13,4.2815,80.0,96.32,1.414,15413.28,35650.95,71.06,1788.3,22.315
2021-12-14,4.255,60.0,96.57,1.441,15237.64,35544.18,70.52,1772.3,21.909
2021-12-15,4.1805,220.0,96.51,1.458,15565.58,35927.43,70.66,1764.5,21.53
2021-12-16,4.3025,280.0,96.04,1.424,15180.43,35897.64,72.15,1798.2,22.471
2021-12-20,4.29,330.0,96.55,1.428,14980.94,34932.16,68.61,1794.6,22.281
2021-12-21,4.3425,200.0,96.49,1.467,15341.09,35492.7,70.82,1788.7,22.513
2021-12-22,4.389,400.0,96.08,1.453,15521.89,35753.89,72.33,1802.2,22.804
2021-12-27,4.4695,160.0,96.09,1.477,15871.26,36302.38,75.18,1808.8,22.981
2021-12-28,4.4295,310.0,96.2,1.484,15781.72,36398.21,75.6,1810.9,23.113
2021-12-29,4.41,810.0,95.93,1.556,15766.22,36488.63,76.18,1805.8,22.85
2021-12-30,4.3925,35140.0,95.97,1.507,15741.56,36398.08,76.61,1814.1,23.06
2022-01-03,4.4215,38420.0,96.21,1.637,15832.8,36585.06,75.85,1800.1,22.81
2022-01-04,4.475,55940.0,96.26,1.649,15622.72,36799.65,76.74,1814.6,23.056
2022-01-05,4.4135,51730.0,96.17,1.7,15100.17,36407.11,77.47,1825.1,23.17
2022-01-06,4.3545,56250.0,96.32,1.728,15080.86,36236.47,78.88,1789.2,22.19
2022-01-10,4.352,45320.0,95.99,1.755,14942.83,36068.87,77.7,1798.8,22.462
2022-01-11,4.429,46660.0,95.62,1.746,15153.45,36252.02,80.67,1818.5,22.812
2022-01-12,4.5765,106930.0,94.92,1.752,15188.39,36290.32,82.02,1827.3,23.207
2022-01-13,4.546,62790.0,94.79,1.701,14806.81,36113.62,81.62,1821.4,23.162
2022-01-18,4.3825,87040.0,95.73,1.875,14506.9,35368.47,84.83,1812.4,23.492
2022-01-19,4.47,61270.0,95.51,1.854,14340.25,35028.65,85.8,1843.2,24.231
2022-01-20,4.5825,73190.0,95.74,1.811,14154.02,34715.39,85.55,1842.6,24.716
2022-01-24,4.4125,79000.0,95.92,1.776,13855.13,34364.5,82.41,1841.7,23.8
2022-01-25,4.45,54590.0,95.95,1.776,13539.3,34297.73,84.37,1852.5,23.896
2022-01-26,4.515,62130.0,96.39,1.873,13542.12,34168.09,85.96,1829.7,23.807
2022-01-27,4.4235,69840.0,97.25,1.803,13352.78,34160.78,85.29,1795.0,22.676
2022-01-31,4.3265,170.0,96.54,1.784,14239.88,35131.86,86.49,1796.4,22.419
2022-02-01,4.4315,180.0,96.39,1.795,14346.0,35405.24,86.46,1801.5,22.618
2022-02-02,4.4935,220.0,95.94,1.771,14417.55,35629.33,86.69,1810.3,22.73
2022-02-03,4.472,120.0,95.38,1.836,13878.82,35111.16,88.45,1804.1,22.397
2022-02-07,4.4675,320.0,95.4,1.919,14015.67,35091.13,89.77,1821.8,23.098
2022-02-08,4.4645,280.0,95.64,1.965,14194.45,35462.78,87.9,1827.9,23.221
2022-02-09,4.602,310.0,95.49,1.945,14490.37,35768.06,88.53,1836.6,23.362
2022-02-10,4.658,550.0,95.55,2.043,14185.64,35241.59,88.56,1837.4,23.545
2022-02-14,4.507,180.0,96.37,1.986,13790.92,34566.17,93.5,1869.4,23.877
2022-02-15,4.5345,210.0,95.99,2.043,14139.76,34988.84,90.21,1856.2,23.369
2022-02-16,4.5395,330.0,95.7,2.04,14124.09,34934.27,91.83,1871.5,23.633
2022-02-17,4.5265,250.0,95.8,1.968,13716.72,34312.03,90.04,1902.0,23.903
2022-02-22,4.5145,1430.0,96.03,1.944,13381.52,33596.61,91.91,1907.4,24.331
2022-02-23,4.4855,1120.0,96.19,1.998,13037.49,33131.76,90.69,1910.4,24.574
2022-02-24,4.458,880.0,97.14,1.97,13473.58,33223.83,90.94,1926.3,24.697
2022-02-28,4.4545,59500.0,96.71,1.822,13751.4,33892.6,93.5,1900.7,24.366
2022-03-01,4.5965,69000.0,97.41,1.716,13532.46,33294.95,100.21,1943.8,25.541
2022-03-02,4.6655,79620.0,97.39,1.878,13752.02,33891.35,107.06,1922.3,25.19
2022-03-03,4.7815,91700.0,97.79,1.84,13537.94,33794.66,104.61,1935.9,25.212
2022-03-07,4.731,96670.0,99.29,1.777,12830.96,32817.38,115.8,1995.9,25.72
2022-03-08,4.71,89600.0,99.06,1.84,12795.55,32632.64,119.65,2043.3,26.895
2022-03-09,4.5725,60810.0,97.97,1.951,13255.55,33286.25,105.05,1988.2,25.816
2022-03-10,4.6525,45460.0,98.51,1.993,13129.96,33174.07,102.99,2000.4,26.256
2022-03-14,4.523,50650.0,99.0,2.142,12581.22,32945.24,101.18,1960.8,25.298
2022-03-15,4.513,47630.0,99.1,2.149,12948.62,33544.34,94.79,1929.7,25.158
2022-03-16,4.6005,46020.0,98.62,2.192,13436.55,34063.1,93.59,1909.2,24.71
2022-03-17,4.702,45490.0,97.97,2.167,13614.78,34480.76,101.65,1943.2,25.616
2022-03-21,4.7105,32800.0,98.5,2.297,13838.46,34552.99,109.97,1929.5,25.313
2022-03-22,4.7,38070.0,98.49,2.381,14108.82,34807.46,109.27,1921.5,24.904
2022-03-23,4.7765,33270.0,98.62,2.29,13922.6,34358.5,111.99,1937.3,25.189
2022-03-24,4.7425,43510.0,98.79,2.37,14191.84,34707.94,109.43,1962.2,25.92
2022-03-28,4.7255,45400.0,99.09,2.466,14354.9,34955.89,103.42,1939.8,25.196
2022-03-29,4.731,37960.0,98.4,2.398,14619.64,35294.19,102.05,1918.0,24.736
2022-03-30,4.7525,110.0,97.79,2.358,14442.27,35228.81,105.68,1939.0,25.146
2022-03-31,4.752,150.0,98.31,2.345,14220.52,34678.35,98.52,1954.0,25.158
2022-04-04,4.7825,210.0,99.0,2.393,14532.55,34921.88,101.84,1930.6,24.636
2022-04-05,4.7965,230.0,99.47,2.554,14204.17,34641.18,100.68,1924.1,24.588
2022-04-06,4.741,340.0,99.6,2.598,13888.82,34496.51,95.41,1919.7,24.509
2022-04-07,4.704,690.0,99.75,2.665,13897.3,34583.57,95.51,1934.7,24.785
2022-04-11,4.641,260.0,99.93,2.774,13411.96,34308.08,93.92,1945.1,25.022
2022-04-12,4.7195,340.0,100.29,2.727,13371.57,34220.36,100.15,1973.2,25.769
2022-04-13,4.7215,250.0,99.88,2.703,13643.59,34564.59,103.79,1981.9,26.06
2022-04-18,4.812,230.0,100.78,2.857,13332.36,34411.69,107.61,1983.6,26.181
2022-04-19,4.7295,750.0,100.96,2.94,13619.66,34911.2,102.05,1956.3,25.426
2022-04-20,4.6645,1070.0,100.39,2.834,13453.07,35160.79,102.19,1952.9,25.303
2022-04-21,4.7135,570.0,100.58,2.908,13174.65,34792.76,102.96,1945.4,24.657
2022-04-25,4.462,1480.0,101.75,2.818,13004.85,34049.46,97.67,1893.3,23.698
2022-04-26,4.4535,820.0,102.3,2.728,12490.74,33240.18,100.41,1901.5,23.572
2022-04-27,4.467,1440.0,102.95,2.826,12488.93,33301.93,100.68,1885.8,23.483
2022-04-28,4.4335,50920.0,103.62,2.832,12871.53,33916.39,103.47,1891.3,23.181
2022-05-02,4.268,47300.0,103.74,2.977,12536.02,33061.5,103.42,1863.6,22.584
2022-05-03,4.283,52690.0,103.46,2.979,12563.76,33128.79,100.9,1870.6,22.665
2022-05-04,4.338,50390.0,102.59,2.946,12964.86,34061.06,106.22,1868.8,22.402
2022-05-05,4.2915,61500.0,103.75,3.035,12317.69,32997.97,106.74,1875.7,22.443
2022-05-09,4.1935,68330.0,103.65,3.034,11623.25,32245.7,101.77,1858.6,21.82
2022-05-10,4.1545,57710.0,103.92,2.989,11737.67,32160.74,98.45,1841.0,21.424
2022-05-11,4.209,54180.0,103.85,2.925,11364.24,31834.11,104.03,1853.7,21.575
2022-05-12,4.1005,67530.0,104.85,2.855,11370.96,31730.3,104.4,1824.6,20.773
2022-05-16,4.1915,41780.0,104.19,2.886,11662.79,32223.42,111.82,1814.0,21.551
2022-05-17,4.239,45160.0,103.36,2.995,11984.52,32654.59,109.63,1818.9,21.75
2022-05-18,4.1785,45560.0,103.81,2.884,11418.15,31490.07,107.04,1815.9,21.544
2022-05-19,4.283,56570.0,102.72,2.837,11388.5,31253.13,109.89,1841.2,21.908
2022-05-23,4.3455,50500.0,102.08,2.861,11535.27,31880.24,107.54,1847.8,21.723
2022-05-24,4.305,45140.0,101.86,2.754,11264.45,31928.62,107.2,1865.4,22.063
2022-05-25,4.2545,44200.0,102.06,2.751,11434.74,32120.28,107.75,1846.3,21.87
2022-05-26,4.259,41960.0,101.83,2.742,11740.65,32637.19,111.25,1847.6,21.965
2022-05-31,4.299,590.0,101.75,2.849,12081.39,32990.12,111.91,1845.2,21.737
2022-06-01,4.3295,160.0,102.5,2.911,11994.46,32813.23,112.72,1845.8,21.962
2022-06-02,4.555,650.0,101.82,2.913,12316.9,33248.28,114.3,1868.4,22.33
2022-06-06,4.439,420.0,102.44,3.04,12061.37,32915.78,116.06,1840.8,22.147
2022-06-07,4.4395,300.0,102.32,2.979,12175.23,33180.14,117.1,1849.2,22.233
2022-06-08,4.4545,360.0,102.54,3.027,12086.27,32910.9,119.78,1853.6,22.148
2022-06-09,4.386,100.0,103.22,3.046,11754.23,32272.79,119.09,1850.1,21.864
2022-06-13,4.2195,170.0,105.08,3.362,10809.23,30516.74,118.25,1829.2,21.305
2022-06-14,4.1665,540.0,105.52,3.479,10828.34,30364.83,116.26,1810.5,21.0
2022-06-15,4.1735,500.0,105.16,3.292,11099.16,30668.53,113.09,1816.3,21.463
2022-06-16,4.118,1590.0,103.63,3.195,10646.1,29927.07,115.25,1846.6,21.928
2022-06-21,4.0445,1040.0,104.43,3.279,11069.3,30530.25,109.52,1835.4,21.813
2022-06-22,3.947,690.0,104.2,3.16,11053.08,30483.13,103.99,1835.2,21.465
2022-06-23,3.7425,350.0,104.43,3.089,11232.19,30677.36,101.58,1826.3,21.056
2022-06-27,3.764,700.0,103.94,3.202,11524.55,31438.26,106.38,1821.0,21.178
2022-06-28,3.7785,960.0,104.51,3.177,11181.54,30946.99,108.89,1817.5,20.839
2022-06-29,3.7805,49660.0,105.11,3.087,11177.89,31029.31,107.01,1817.5,20.738
2022-06-30,3.71,55880.0,104.68,3.017,11028.74,30775.43,103.1,1807.3,20.352
2022-07-05,3.415,107350.0,106.54,2.818,11322.24,30967.82,96.52,1763.9,19.121
2022-07-06,3.408,82340.0,107.1,2.934,11361.85,31037.68,94.98,1736.5,19.159
2022-07-07,3.572,90160.0,107.13,3.0,11621.35,31384.55,99.25,1739.7,19.188
2022-07-11,3.4305,60900.0,108.02,2.993,11372.6,31173.84,101.21,1731.7,19.132
2022-07-12,3.288,61620.0,108.07,2.971,11264.73,30981.33,93.31,1724.8,18.958
2022-07-13,3.3225,87210.0,107.96,2.935,11247.58,30772.79,93.83,1735.5,19.194
2022-07-14,3.2115,71200.0,108.54,2.958,11251.18,30630.17,92.83,1705.8,18.225
2022-07-18,3.346,62480.0,107.37,2.989,11360.05,31072.61,99.42,1710.2,18.84
2022-07-19,3.291,56250.0,106.68,3.028,11713.15,31827.05,100.74,1710.7,18.713
2022-07-20,3.325,61780.0,107.08,3.03,11897.65,31874.84,99.88,1700.2,18.668
2022-07-21,3.2985,53920.0,106.91,2.882,12059.61,32036.9,93.78,1713.4,18.719
2022-07-25,3.3545,55130.0,106.48,2.807,11782.67,31990.04,94.42,1719.1,18.328
2022-07-26,3.3845,64280.0,107.19,2.803,11562.58,31761.54,92.88,1717.7,18.535
2022-07-27,3.43,57760.0,106.45,2.785,12032.42,32197.59,95.29,1719.1,18.6
2022-07-28,3.481,260.0,106.35,2.671,12162.59,32529.63,94.65,1754.4,19.918
2022-08-01,3.547,50.0,105.45,2.588,12368.98,32798.4,92.39,1772.7,20.412
2022-08-02,3.5225,60.0,106.24,2.748,12348.76,32396.17,93.22,1774.8,20.189
2022-08-03,3.472,110.0,106.51,2.706,12668.16,32812.5,89.74,1760.9,19.947
2022-08-04,3.488,200.0,105.69,2.694,12720.58,32726.82,87.56,1791.2,20.173
2022-08-08,3.593,120.0,106.43,2.75,12644.46,32832.54,89.93,1789.6,20.664
2022-08-09,3.5925,80.0,106.37,2.779,12493.93,32774.41,89.67,1796.8,20.531
2022-08-10,3.6555,180.0,105.2,2.785,12854.8,33309.51,91.2,1798.5,20.79
2022-08-11,3.7115,140.0,105.09,2.889,12779.91,33336.67,93.53,1792.1,20.394
2022-08-15,3.6215,160.0,106.55,2.793,13128.05,33912.44,88.85,1783.3,20.317
2022-08-16,3.6265,360.0,106.5,2.808,13102.55,34152.01,86.16,1774.9,20.128
2022-08-17,3.587,230.0,106.57,2.902,12938.12,33980.32,87.69,1761.9,19.776
2022-08-18,3.6335,150.0,107.48,2.886,12965.34,33999.04,90.11,1756.5,19.508
2022-08-22,3.653,280.0,109.05,3.024,12381.57,33063.61,90.36,1734.4,18.918
2022-08-23,3.696,440.0,108.62,3.057,12381.3,32909.59,93.25,1747.3,19.064
2022-08-24,3.648,410.0,108.68,3.109,12431.53,32969.23,94.4,1747.8,18.942
2022-08-25,3.6985,490.0,108.47,3.031,12639.26,33291.78,92.19,1757.8,19.147
2022-08-29,3.6085,780.0,108.83,3.114,12017.67,32098.99,96.19,1736.7,18.602
2022-08-30,3.5495,340.0,108.77,3.112,11883.14,31790.87,91.17,1726.9,18.244
2022-08-31,3.519,360.0,108.7,3.196,11816.2,31510.43,89.03,1716.9,17.849
2022-09-01,3.4085,210.0,109.69,3.259,11785.13,31656.42,86.22,1699.6,17.632
2022-09-06,3.4645,200.0,110.21,3.351,11544.91,31145.3,86.51,1703.4,17.868
2022-09-07,3.434,200.0,109.84,3.267,11791.9,31581.28,81.63,1718.2,18.22
2022-09-08,3.5305,100.0,109.71,3.323,11862.13,31774.52,83.07,1710.6,18.402
2022-09-12,3.6155,340.0,108.33,3.358,12266.41,32381.34,87.41,1730.8,19.816
2022-09-13,3.566,420.0,109.82,3.412,11633.57,31104.97,86.89,1707.1,19.449
2022-09-14,3.5295,180.0,109.66,3.404,11719.68,31135.09,88.05,1698.2,19.525
2022-09-15,3.501,160.0,109.74,3.449,11552.36,30961.82,84.65,1666.8,19.227
2022-09-19,3.5255,80.0,109.74,3.494,11535.02,31019.68,85.36,1667.6,19.319
2022-09-20,3.516,220.0,110.21,3.569,11425.05,30706.23,83.94,1661.0,19.146
2022-09-21,3.4805,300.0,110.64,3.534,11220.19,30183.78,82.43,1665.8,19.447
2022-09-22,3.482,140.0,111.35,3.71,11066.8,30076.68,83.03,1671.4,19.587
2022-09-26,3.305,510.0,114.1,3.928,10802.92,29260.81,76.18,1623.6,18.453
2022-09-27,3.295,180.0,114.11,3.949,10829.5,29134.99,77.81,1626.5,18.302
2022-09-28,3.3725,1000.0,112.6,3.737,11051.64,29683.74,81.24,1660.3,18.841
2022-09-29,3.418,86450.0,112.25,3.782,10737.51,29225.61,80.42,1663.6,18.712
2022-10-03,3.41,49580.0,111.75,3.643,10815.43,29490.89,82.7,1697.2,20.589
2022-10-04,3.49,76840.0,110.07,3.635,11176.41,30316.32,85.5,1725.5,21.099
2022-10-05,3.5005,59970.0,111.07,3.755,11148.64,30273.87,86.84,1715.6,20.544
2022-10-06,3.446,67870.0,112.26,3.828,11073.31,29926.94,87.59,1715.5,20.66
2022-10-10,3.4305,58570.0,113.14,3.955,10542.1,29202.88,89.84,1670.1,19.615
2022-10-11,3.462,60600.0,113.22,3.945,10426.19,29239.19,87.97,1680.9,19.487
2022-10-12,3.425,56580.0,113.32,3.902,10417.1,29210.85,86.06,1672.3,18.938
2022-10-13,3.4405,85970.0,112.36,3.95,10649.15,30038.72,87.95,1671.8,18.918
2022-10-17,3.4155,56830.0,112.04,4.012,10675.8,30185.82,84.53,1658.9,18.719
2022-10-18,3.362,72590.0,112.13,4.007,10772.4,30523.8,82.07,1650.7,18.6
2022-10-19,3.318,65740.0,112.98,4.138,10680.51,30423.81,84.52,1629.0,18.359
2022-10-20,3.4105,77240.0,112.88,4.233,10614.84,30333.59,84.51,1631.8,18.689
2022-10-24,3.4305,70070.0,111.99,4.247,10952.61,31499.62,83.59,1649.2,19.189
2022-10-25,3.397,60020.0,110.95,4.1,11199.12,31836.74,84.31,1653.3,19.349
2022-10-26,3.545,97900.0,109.7,4.007,10970.99,31839.11,86.68,1664.4,19.486
2022-10-27,3.5195,82340.0,110.59,3.927,10792.67,32033.28,87.83,1660.3,19.494
2022-10-31,3.372,450.0,111.53,4.05,10988.15,32732.95,85.4,1640.7,19.184
2022-11-01,3.4685,90.0,111.48,4.048,10890.84,32653.2,87.19,1649.7,19.728
2022-11-02,3.4655,350.0,111.35,4.096,10524.8,32147.76,88.86,1650.0,19.654
2022-11-03,3.4275,370.0,112.93,4.149,10342.94,32001.25,87.18,1630.9,19.485
2022-11-07,3.607,690.0,110.12,4.218,10564.52,32827.0,90.73,1680.5,20.981
2022-11-08,3.684,720.0,109.64,4.128,10616.2,33160.83,88.0,1716.0,21.567
2022-11-09,3.7005,450.0,110.55,4.099,10353.17,32513.94,85.0,1713.7,21.381
2022-11-10,3.758,380.0,108.21,3.811,11114.15,33715.37,85.66,1753.7,21.772
2022-11-14,3.835,570.0,106.66,3.863,11196.22,33536.7,85.16,1776.9,22.178
2022-11-15,3.8215,830.0,106.4,3.777,11358.41,33592.92,86.25,1776.8,21.593
2022-11-16,3.7755,900.0,106.28,3.69,11183.66,33553.83,85.0,1775.8,21.604
2022-11-17,3.693,820.0,106.69,3.769,11144.96,33546.32,81.4,1763.0,21.054
2022-11-21,3.577,710.0,107.83,3.84,11024.51,33700.28,80.04,1739.6,20.952
2022-11-22,3.6175,680.0,107.22,3.758,11174.41,34098.1,80.73,1739.9,21.13
2022-11-23,3.621,600.0,106.08,3.689,11285.32,34194.06,78.07,1745.6,21.436
2022-11-28,3.616,1570.0,106.68,3.679,11049.5,33849.46,77.33,1740.3,21.002
2022-11-29,3.6405,220.0,106.82,3.75,10983.78,33852.53,78.28,1756.3,21.392
2022-11-30,3.7395,430.0,105.95,3.611,11468.0,34589.77,80.66,1753.2,21.727
2022-12-01,3.819,440.0,104.73,3.51,11482.45,34395.01,81.14,1808.2,22.786
2022-12-05,3.795,490.0,105.29,3.583,11239.94,33947.1,77.08,1774.3,22.324
2022-12-06,3.818,160.0,105.58,3.531,11014.89,33596.34,74.46,1775.5,22.256
2022-12-07,3.861,60.0,105.1,3.421,10958.55,33597.92,72.28,1791.0,22.837
2022-12-08,3.885,180.0,104.77,3.489,11082.0,33781.48,71.58,1794.2,23.157
2022-12-12,3.8015,250.0,105.13,3.617,11143.74,34005.04,73.28,1785.0,23.314
2022-12-13,3.8425,560.0,103.98,3.501,11256.81,34108.64,75.44,1818.3,23.909
2022-12-14,3.8785,320.0,103.77,3.479,11170.89,33966.35,77.31,1811.5,24.049
2022-12-15,3.7645,490.0,104.56,3.45,10810.53,33202.22,76.15,1780.6,23.229
2022-12-19,3.7845,260.0,104.72,3.59,10546.03,32757.54,75.38,1791.0,23.117
2022-12-20,3.7995,160.0,103.96,3.692,10547.11,32849.74,76.23,1818.6,24.183
2022-12-21,3.811,200.0,104.16,3.673,10709.37,33376.48,78.24,1818.5,24.121
2022-12-22,3.7575,190.0,104.43,3.686,10476.12,33027.49,77.42,1788.5,23.561
2022-12-27,3.84,320.0,104.18,3.849,10353.23,33241.56,79.64,1816.3,24.142
2022-12-28,3.842,400.0,104.46,3.886,10213.29,32875.71,79.08,1808.8,23.756
2022-12-29,3.824,36870.0,103.84,3.82,10478.09,33220.8,78.5,1826.0,24.25
2023-01-03,3.7665,83900.0,104.52,3.752,10386.99,33136.37,77.12,1846.1,24.236
2023-01-04,3.7405,80270.0,104.25,3.69,10458.76,33269.77,73.1,1859.0,23.964
2023-01-05,3.821,76730.0,105.04,3.722,10305.24,32930.08,73.92,1840.6,23.424
2023-01-09,4.0265,102470.0,103.0,3.527,10635.65,33517.65,74.92,1877.8,23.871
2023-01-10,4.0775,72220.0,103.24,3.615,10742.63,33704.1,75.37,1876.5,23.665
2023-01-11,4.166,88480.0,103.19,3.543,10931.67,33973.01,77.68,1878.9,23.481
2023-01-12,4.1965,96270.0,102.25,3.444,11001.11,34189.97,78.65,1898.8,24.004
2023-01-17,4.223,113110.0,102.39,3.549,11095.11,33910.85,80.45,1909.9,24.068
2023-01-18,4.2345,104620.0,102.36,3.373,10957.01,33296.96,79.8,1907.0,23.647
2023-01-19,4.2315,78540.0,102.06,3.399,10852.27,33044.56,80.61,1923.9,23.87
2023-01-23,4.2565,57180.0,102.14,3.521,11364.41,33629.56,81.93,1928.6,23.554
2023-01-24,4.2485,51170.0,101.92,3.455,11334.27,33733.96,80.44,1935.4,23.749
2023-01-25,4.2445,51110.0,101.64,3.451,11313.36,33743.84,80.44,1942.6,23.941
2023-01-26,4.2675,58230.0,101.84,3.506,11512.41,33949.41,81.28,1930.0,24.02
2023-01-30,4.2065,90.0,102.28,3.542,11393.81,33717.09,78.18,1930.2,23.821
2023-01-31,4.2295,80.0,102.1,3.51,11584.55,34086.04,79.17,1936.6,23.93
2023-02-01,4.117,100.0,101.22,3.417,11816.32,34092.96,76.73,1934.3,23.703
2023-02-02,4.098,60.0,101.75,3.402,12200.82,34053.94,76.2,1922.2,23.715
2023-02-06,4.043,110.0,103.62,3.644,11887.45,33891.02,74.47,1871.2,22.337
2023-02-07,4.088,240.0,103.43,3.679,12113.79,34156.69,77.39,1876.5,22.277
2023-02-08,4.043,180.0,103.41,3.615,11910.52,33949.01,78.69,1882.2,22.52
2023-02-09,4.103,100.0,103.22,3.664,11789.58,33699.88,78.27,1870.0,22.241
2023-02-13,4.0655,110.0,103.35,3.704,11891.79,34245.93,80.33,1855.1,21.942
2023-02-14,4.0835,470.0,103.23,3.753,11960.14,34089.27,79.24,1857.0,21.961
2023-02-15,4.0165,360.0,103.92,3.803,12070.59,34128.05,78.83,1837.0,21.659
2023-02-16,4.125,1000.0,103.86,3.863,11855.83,33696.85,78.74,1843.4,21.81
2023-02-21,4.2165,1480.0,104.18,3.954,11492.3,33129.59,76.36,1834.2,21.97
2023-02-22,4.186,640.0,104.58,3.927,11507.07,33045.09,74.19,1833.3,21.748
2023-02-23,4.0555,800.0,104.6,3.89,11590.4,33153.91,75.6,1818.8,21.376
2023-02-27,4.011,83880.0,104.67,3.922,11466.98,32889.09,75.81,1824.9,20.793
2023-02-28,4.0895,71440.0,104.87,3.928,11455.54,32656.7,77.19,1836.7,21.071
2023-03-01,4.16,87330.0,104.48,3.994,11379.48,32661.84,77.83,1845.4,21.095
2023-03-02,4.076,80030.0,105.03,4.062,11462.98,33003.57,78.31,1840.5,20.901
2023-03-06,4.0885,63750.0,104.35,3.964,11675.74,33431.44,80.56,1854.6,21.135
2023-03-07,3.975,77400.0,105.61,3.97,11530.33,32856.46,77.72,1820.0,20.199
2023-03-08,4.027,79040.0,105.66,3.989,11576.0,32798.4,76.81,1818.6,20.151
2023-03-09,4.039,54530.0,105.31,3.907,11338.36,32254.86,75.84,1834.6,20.165
2023-03-13,4.0535,133480.0,103.6,3.545,11188.84,31819.14,74.91,1916.5,21.923
2023-03-14,4.003,71160.0,103.6,3.685,11428.15,32155.4,71.49,1910.9,22.04
2023-03-15,3.843,131410.0,104.65,3.462,11434.05,31874.57,67.74,1931.3,21.882
2023-03-16,3.8645,85380.0,104.42,3.579,11717.28,32246.55,68.52,1923.0,21.692
2023-03-20,3.9515,73790.0,103.28,3.483,11675.54,32244.58,67.82,1982.8,22.646
2023-03-21,3.994,69310.0,103.26,3.608,11860.11,32560.6,69.67,1941.1,22.425
2023-03-22,4.0445,78060.0,102.35,3.451,11669.96,32030.11,71.02,1949.6,22.786
2023-03-23,4.1235,79530.0,102.53,3.414,11787.4,32105.25,70.12,1995.9,23.256
2023-03-27,4.0785,67620.0,102.86,3.539,11768.84,32432.08,72.93,1953.8,23.145
2023-03-28,4.0855,77250.0,102.43,3.572,11716.08,32394.25,73.34,1973.5,23.42
2023-03-29,4.0865,74240.0,102.64,3.566,11926.24,32717.6,73.12,1966.9,23.466
2023-03-30,4.0955,280.0,102.14,3.547,12013.47,32859.03,74.49,1988.5,24.076
2023-04-03,4.0495,150.0,102.09,3.415,12189.45,33601.15,80.44,1991.3,24.118
2023-04-04,3.975,250.0,101.59,3.339,12126.33,33402.38,80.72,2029.4,25.201
2023-04-05,3.989,150.0,101.85,3.309,11996.86,33482.72,80.63,2026.8,25.143
2023-04-10,3.9795,130.0,102.58,3.415,12084.36,33586.52,79.77,1994.8,25.02
2023-04-11,4.0225,410.0,102.2,3.432,12031.88,33684.79,81.49,2010.0,25.296
2023-04-12,4.0805,430.0,101.5,3.4,11929.34,33646.5,83.09,2015.7,25.563
2023-04-13,4.119,780.0,101.01,3.449,12166.27,34029.69,82.04,2045.8,26.035
2023-04-17,4.0675,780.0,102.1,3.606,12157.72,33987.18,80.83,1997.6,25.197
2023-04-18,4.094,900.0,101.75,3.578,12153.41,33976.63,80.9,2010.3,25.368
2023-04-19,4.079,280.0,101.97,3.591,12157.23,33897.01,79.24,1998.0,25.471
2023-04-20,4.0295,470.0,101.84,3.536,12059.56,33786.62,77.37,2009.8,25.478
2023-04-24,3.961,950.0,101.35,3.496,12037.2,33875.4,78.6,1990.6,25.411
2023-04-25,3.8585,1830.0,101.86,3.4,11799.16,33530.83,76.87,1995.1,24.978
2023-04-26,3.8605,1480.0,101.47,3.445,11854.35,33301.87,74.19,1986.9,24.972
2023-04-27,3.884,81380.0,101.5,3.528,12142.24,33826.16,74.58,1999.0,25.209
2023-05-01,3.934,59060.0,102.15,3.57,12212.6,34051.7,75.51,1992.2,25.23
2023-05-02,3.8625,57600.0,101.96,3.433,12080.51,33684.53,71.55,2023.3,25.619
2023-05-03,3.845,51300.0,101.34,3.364,12025.33,33414.24,68.55,2037.0,25.681
2023-05-04,3.863,68250.0,101.4,3.377,11966.4,33127.74,68.51,2055.7,26.227
2023-05-08,3.9295,40070.0,101.38,3.507,12256.92,33618.69,73.07,2033.2,25.834
2023-05-09,3.9015,46220.0,101.61,3.522,12179.55,33561.81,73.62,2042.9,25.898
2023-05-10,3.841,76400.0,101.48,3.439,12306.44,33531.33,72.52,2037.1,25.658
2023-05-11,3.71,131140.0,102.06,3.386,12328.51,33309.51,70.88,2020.5,24.424
2023-05-15,3.751,59890.0,102.43,3.507,12365.21,33348.6,71.09,2022.7,24.291
2023-05-16,3.667,74940.0,102.56,3.541,12343.05,33012.14,70.84,1993.0,23.893
2023-05-17,3.7545,82450.0,102.88,3.572,12500.57,33420.77,72.89,1984.9,23.897
2023-05-18,3.6895,60350.0,103.58,3.651,12688.84,33535.91,71.94,1959.8,23.633
2023-05-22,3.685,55950.0,103.2,3.719,12720.78,33286.58,72.05,1977.2,23.861
2023-05-23,3.6545,69190.0,103.49,3.698,12560.25,33055.51,72.85,1974.5,23.624
2023-05-24,3.5615,102900.0,103.89,3.744,12484.16,32799.92,74.29,1964.6,23.24
2023-05-25,3.588,83710.0,104.25,3.823,12698.09,32764.65,71.93,1943.7,22.91
2023-05-30,3.6695,270.0,104.17,3.694,13017.43,33042.78,69.6,1968.1,23.353
2023-05-31,3.6455,290.0,104.33,3.646,12935.29,32908.27,68.24,1973.1,23.696
2023-06-01,3.7185,70.0,103.56,3.601,13100.98,33061.57,70.2,1986.5,24.096
2023-06-05,3.774,120.0,104.0,3.689,13229.43,33562.86,72.26,1965.7,23.743
2023-06-06,3.7745,120.0,104.13,3.677,13276.42,33573.28,71.85,1972.9,23.779
2023-06-07,3.7605,170.0,104.1,3.793,13104.89,33665.02,72.64,1949.9,23.638
2023-06-08,3.7995,120.0,103.34,3.718,13238.52,33833.61,71.44,1969.9,24.455
2023-06-12,3.7595,160.0,103.65,3.743,13461.92,34066.33,67.29,1960.9,24.165
2023-06-13,3.8355,200.0,103.34,3.827,13573.32,34212.12,69.58,1949.9,23.929
2023-06-14,3.8725,130.0,102.95,3.79,13626.48,33979.33,68.46,1960.1,24.212
2023-06-15,3.9,190.0,102.11,3.72,13782.82,34408.06,70.81,1961.8,24.044
2023-06-20,3.889,370.0,102.54,3.719,13667.29,34053.87,71.19,1938.9,23.334
2023-06-21,3.91,820.0,102.07,3.727,13502.2,33951.52,72.52,1936.1,22.911
2023-06-22,3.896,330.0,102.39,3.797,13630.61,33946.71,69.63,1915.0,22.567
2023-06-26,3.794,1110.0,102.69,3.723,13335.78,33714.71,69.54,1925.1,22.923
2023-06-27,3.7795,710.0,102.49,3.772,13555.67,33926.74,67.9,1915.1,23.049
2023-06-28,3.736,950.0,102.9,3.714,13591.75,33852.66,69.73,1913.4,22.981
2023-06-29,3.699,75090.0,103.34,3.842,13591.33,34122.42,70.02,1917.9,22.798
2023-07-03,3.794,48350.0,102.96,3.858,13816.77,34418.47,69.91,1929.5,23.112
2023-07-05,3.7685,70900.0,103.37,3.934,13791.65,34288.64,71.88,1927.1,23.402
2023-07-06,3.7345,60470.0,103.07,4.031,13679.04,33922.26,71.79,1915.4,22.89
2023-07-10,3.7845,46990.0,101.97,4.0,13685.48,33944.4,72.95,1931.0,23.345
2023-07-11,3.766,64230.00000000001,101.73,3.978,13760.7,34261.42,74.71,1937.1,23.281
2023-07-12,3.853,77860.0,100.52,3.861,13918.96,34347.43,75.54,1961.7,24.31
2023-07-13,3.94,103640.0,99.77,3.767,14138.57,34395.14,76.76,1963.8,24.949
2023-07-17,3.844,79080.0,99.84,3.809,14244.95,34585.35,74.08,1956.4,25.018
2023-07-18,3.8295,61150.0,99.94,3.789,14353.64,34951.93,75.66,1980.8,25.256
2023-07-19,3.814,55190.0,100.28,3.748,14358.02,35061.21,75.29,1980.8,25.387
2023-07-20,3.8345,69440.0,100.88,3.856,14063.31,35225.18,75.65,1970.9,24.962
2023-07-24,3.8555,77210.0,101.35,3.878,14058.87,35411.24,78.4,1962.2,24.581
2023-07-25,3.9155,85940.0,101.35,3.89,14144.55,35438.07,79.2,1963.7,24.824
2023-07-26,3.902,65160.0,100.89,3.873,14127.28,35520.12,78.4,1970.1,24.97
2023-07-27,3.8755,76400.0,101.77,4.002,14050.11,35282.72,79.63,1945.7,24.367
2023-07-31,4.014,150.0,101.86,3.967,14346.02,35559.53,81.32,1979.6,25.092
2023-08-01,3.9165,390.0,102.3,4.037,14283.91,35630.68,80.92,1949.7,24.445
2023-08-02,3.8535,430.0,102.59,4.09,13973.45,35282.52,79.13,1946.0,23.991
2023-08-03,3.91,140.0,102.54,4.179,13959.71,35215.89,81.08,1939.9,23.816
2023-08-07,3.848,100.0,102.05,4.097,13977.13,35473.13,81.49,1940.7,23.352
2023-08-08,3.782,400.0,102.53,4.028,13867.19,35314.49,82.36,1930.8,22.922
2023-08-09,3.798,170.0,102.49,4.016,13705.08,35123.36,83.69,1921.9,22.841
2023-08-10,3.7805,150.0,102.52,4.107,13721.03,35176.15,82.29,1920.1,22.929
2023-08-14,3.7395,190.0,103.19,4.201,13788.33,35307.63,81.92,1915.6,22.813
2023-08-15,3.6855,330.0,103.21,4.219,13631.05,34946.39,80.5,1906.9,22.759
2023-08-16,3.6765,220.0,103.43,4.258,13474.63,34765.74,79.02,1900.2,22.637
2023-08-17,3.711,150.0,103.57,4.284,13316.93,34474.83,79.9,1887.2,22.821
2023-08-21,3.7385,580.0,103.3,4.342,13497.59,34463.69,80.12,1895.7,23.443
2023-08-22,3.7755,600.0,103.56,4.332,13505.87,34288.83,79.64,1898.6,23.553
2023-08-23,3.824,770.0,103.42,4.196,13721.03,34472.98,78.59,1920.5,24.495
2023-08-24,3.782,610.0,103.98,4.241,13463.97,34099.42,78.66,1919.1,24.343
2023-08-28,3.777,1140.0,104.06,4.206,13705.13,34559.98,79.67,1918.5,24.369
2023-08-29,3.818,1720.0,103.53,4.12,13943.76,34852.67,80.68,1936.4,24.901
2023-08-30,3.831,610.0,103.16,4.112,14019.31,34890.24,81.12,1954.0,24.978
2023-08-31,3.809,130.0,103.62,4.106,14034.97,34721.91,82.96,1947.0,24.692
2023-09-05,3.838,90.0,104.81,4.266,14020.95,34641.97,86.01,1934.3,23.762
2023-09-06,3.7755,140.0,104.86,4.296,13872.47,34443.19,86.79,1925.8,23.397
2023-09-07,3.752,330.0,105.06,4.25,13748.83,34500.73,86.15,1924.1,23.134
2023-09-11,3.7965,140.0,104.57,4.294,13917.89,34663.72,86.66,1929.2,23.282
2023-09-12,3.7785,110.0,104.71,4.28,13773.62,34645.99,88.16,1917.2,23.301
2023-09-13,3.78,60.0,104.77,4.254,13813.58,34575.53,87.88,1914.4,23.08
2023-09-14,3.8075,100.0,105.4,4.286,13926.05,34907.11,89.61,1914.4,22.902
2023-09-18,3.7645,190.0,105.2,4.303,13710.24,34624.3,90.58,1935.2,23.399
2023-09-19,3.734,200.0,105.16,4.365,13678.19,34517.73,90.48,1935.3,23.351
2023-09-20,3.762,80.0,105.12,4.399,13469.13,34440.88,89.66,1948.6,23.728
2023-09-21,3.6835,490.0,105.36,4.494,13223.99,34070.42,88.32,1921.2,23.582
2023-09-25,3.6595,420.0,106.0,4.531,13271.32,34006.88,88.17,1918.2,23.277
2023-09-26,3.6355,540.0,106.23,4.55,13063.61,33618.88,88.78,1901.6,23.086
2023-09-27,3.6295,980.0,106.67,4.608,13092.85,33550.27,91.3,1872.3,22.609
2023-09-28,3.708,73770.0,106.22,4.579,13201.28,33666.34,89.59,1869.5,22.741
2023-10-02,3.6415,74920.0,106.9,4.685,13307.77,33433.35,87.17,1838.2,21.421
2023-10-03,3.621,69450.0,107.0,4.795,13059.47,33002.38,87.44,1832.6,21.377
2023-10-04,3.589,76860.0,106.8,4.735,13236.01,33129.55,82.55,1826.1,21.146
2023-10-05,3.552,58690.0,106.33,4.721,13219.83,33119.57,80.81,1823.2,21.019
2023-10-09,3.646,64060.0,106.08,4.628,13484.24,33604.65,84.6,1855.7,21.924
2023-10-10,3.634,57840.0,105.82,4.657,13562.84,33739.3,84.13,1866.7,21.953
2023-10-11,3.612,52510.0,105.82,4.558,13659.68,33804.87,82.07,1878.4,22.133
2023-10-12,3.591,69710.0,106.6,4.697,13574.22,33631.14,81.8,1874.2,21.959
2023-10-16,3.582,57580.0,106.24,4.7,13567.98,33984.54,85.26,1925.1,22.765
2023-10-17,3.5785,86040.0,106.25,4.836,13533.75,33997.65,85.44,1926.4,23.024
2023-10-18,3.587,69580.0,106.57,4.911,13314.3,33665.08,87.27,1958.8,23.099
2023-10-19,3.601,66120.0,106.25,4.99,13186.17,33414.17,88.37,1971.2,23.031
2023-10-23,3.5865,83730.0,105.54,4.848,13018.33,32936.41,84.42,1978.2,23.21
2023-10-24,3.624,89810.0,106.27,4.819,13139.88,33141.38,82.97,1976.8,23.116
2023-10-25,3.591,70330.0,106.53,4.961,12821.22,33035.93,84.69,1985.5,23.007
2023-10-26,3.5845,73830.0,106.6,4.849,12595.61,32784.3,82.54,1987.9,22.908
2023-10-30,3.6735,130.0,106.12,4.888,12789.48,32928.96,81.68,2005.6,23.519
2023-10-31,3.6635,90.0,106.66,4.926,12851.24,33052.87,80.5,1994.3,23.075
2023-11-01,3.6655,300.0,106.88,4.734,13061.47,33274.58,80.1,1987.5,22.912
2023-11-02,3.6875,310.0,106.12,4.661,13294.19,33839.08,82.16,1993.5,22.971
2023-11-06,3.7345,180.0,105.21,4.647,13518.78,34095.86,80.6,1988.6,23.355
2023-11-07,3.698,420.0,105.54,4.569,13639.86,34152.6,77.21,1973.5,22.709
2023-11-08,3.6585,400.0,105.59,4.492,13650.41,34112.27,75.31,1957.8,22.846
2023-11-09,3.6625,280.0,105.91,4.632,13521.45,33891.94,75.75,1969.8,23.023
2023-11-13,3.6835,350.0,105.63,4.638,13767.74,34337.87,78.19,1950.2,22.477
2023-11-14,3.7025,200.0,104.05,4.453,14094.38,34827.7,78.17,1966.5,23.249
2023-11-15,3.736,220.0,104.39,4.537,14103.84,34991.21,76.79,1964.3,23.659
2023-11-16,3.7195,270.0,104.35,4.441,14113.67,34945.47,73.09,1987.3,24.053
2023-11-20,3.8225,470.0,103.44,4.426,14284.53,35151.04,77.83,1980.3,23.732
2023-11-21,3.827,430.0,103.57,4.398,14199.98,35088.29,77.92,2001.6,23.989
2023-11-22,3.7815,790.0,103.92,4.408,14265.86,35273.03,77.25,1992.8,23.808
2023-11-27,3.7745,760.0,103.2,4.39,14241.02,35333.47,75.09,2012.4,24.803
2023-11-28,3.8185,2170.0,102.75,4.325,14281.76,35416.98,76.59,2040.0,25.066
2023-11-29,3.816,410.0,102.76,4.259,14258.49,35430.42,77.99,2057.5,25.342
2023-11-30,3.842,470.0,103.5,4.33,14226.22,35950.89,76.05,2047.6,25.541
2023-12-04,3.826,400.0,103.71,4.259,14185.49,36204.44,73.32,2032.9,24.786
2023-12-05,3.776,310.0,104.05,4.167,14229.91,36124.56,72.53,2026.9,24.43
2023-12-06,3.726,220.0,104.15,4.114,14146.71,36054.43,69.65,2038.4,24.112
2023-12-07,3.79,120.0,103.54,4.148,14339.99,36117.38,69.59,2036.9,23.942
2023-12-11,3.778,310.0,104.1,4.237,14432.49,36404.93,71.56,1984.3,22.953
2023-12-12,3.7865,140.0,103.86,4.21,14533.4,36577.94,68.85,1983.9,22.906
2023-12-13,3.785,140.0,102.87,4.024,14733.96,37090.24,69.72,1988.1,22.815
2023-12-14,3.89,300.0,101.96,3.921,14761.56,37248.35,71.91,2035.2,24.273
2023-12-18,3.849,30.0,102.56,3.935,14905.19,37306.02,72.82,2030.9,23.994
2023-12-19,3.8945,40.0,102.17,3.931,15003.22,37557.92,73.94,2042.6,24.206
2023-12-20,3.9025,140.0,102.41,3.853,14777.94,37082.0,74.45,2038.1,24.516
2023-12-21,3.9105,410.0,101.84,3.892,14963.87,37404.35,74.06,2041.8,24.468
2023-12-26,3.894,240.0,101.47,3.897,15074.57,37545.33,75.71,2060.4,24.285
2023-12-27,3.953,1040.0,100.99,3.789,15099.18,37656.52,74.34,2083.4,24.526
2023-12-28,3.9245,65790.0,101.23,3.846,15095.14,37710.1,71.97,2083.5,24.372
2024-01-02,3.8805,76720.0,102.2,3.941,14765.94,37715.04,70.62,2073.4,23.953
2024-01-03,3.8615,80170.0,102.49,3.92,14592.21,37430.19,72.89,2042.8,23.157
2024-01-04,3.844,71010.0,102.42,4.003,14510.3,37440.34,72.36,2050.0,23.187
2024-01-08,3.81,83580.0,102.21,4.027,14843.77,37683.01,70.92,2033.5,23.31
2024-01-09,3.7585,101670.0,102.57,4.015,14857.71,37525.16,72.29,2033.0,23.091
2024-01-10,3.781,91940.0,102.36,4.03,14969.65,37695.73,71.44,2027.8,23.066
2024-01-11,3.7765,82450.0,102.29,3.975,14970.18,37711.02,72.09,2019.2,22.705
2024-01-16,3.7665,130160.0,103.36,4.054,14944.35,37361.12,72.52,2030.2,23.093
2024-01-17,3.733,86890.0,103.45,4.106,14855.62,37266.67,72.48,2006.5,22.669
2024-01-18,3.745,79630.0,103.54,4.142,15055.65,37468.61,73.95,2021.6,22.807
2024-01-22,3.7635,71480.0,103.33,4.107,15360.29,38001.81,74.76,2022.2,22.296
2024-01-23,3.7935,92920.0,103.62,4.132,15425.94,37905.45,74.27,2025.8,22.462
2024-01-24,3.886,141250.0,103.24,4.18,15481.92,37806.39,74.98,2016.0,22.889
2024-01-25,3.869,93200.0,103.57,4.12,15510.5,38049.13,77.19,2017.8,22.927
2024-01-29,3.879,73980.0,103.61,4.076,15628.04,38333.45,76.67,2025.4,23.251
2024-01-30,3.9215,220.0,103.4,4.036,15509.9,38467.31,77.65,2041.1,23.343
2024-01-31,3.917,530.0,103.27,3.918,15164.01,38150.3,75.71,2057.4,23.282
2024-02-01,3.8665,240.0,103.05,3.882,15361.64,38519.84,73.79,2061.2,23.347
2024-02-05,3.788,420.0,104.45,4.162,15597.68,38380.12,72.85,2032.9,22.534
2024-02-06,3.7965,170.0,104.21,4.09,15609.0,38521.36,73.37,2041.5,22.588
2024-02-07,3.7505,340.0,104.06,4.115,15756.64,38677.36,73.91,2041.8,22.471
2024-02-08,3.7145,510.0,104.17,4.158,15793.71,38726.33,76.19,2038.1,22.749
2024-02-12,3.7335,260.0,104.17,4.179,15942.54,38797.38,76.82,2023.4,22.878
2024-02-13,3.718,480.0,104.96,4.326,15655.6,38272.75,77.56,1997.7,22.266
2024-02-14,3.7075,230.0,104.72,4.261,15859.15,38424.27,76.36,1994.7,22.495
2024-02-15,3.7635,300.0,104.3,4.234,15906.17,38773.12,77.59,2005.3,23.061
2024-02-20,3.87,320.0,104.08,4.275,15630.78,38563.8,77.04,2030.0,23.25
2024-02-21,3.8805,320.0,104.01,4.319,15580.87,38612.24,77.31,2024.5,22.989
2024-02-22,3.9065,640.0,103.96,4.331,16041.62,39069.11,77.93,2020.8,22.899
2024-02-26,3.8255,550.0,103.83,4.281,15976.25,39069.23,77.09,2029.1,22.638
2024-02-27,3.841,1100.0,103.83,4.303,16035.3,38972.41,78.23,2034.4,22.651
2024-02-28,3.8405,58450.0,103.97,4.266,15947.74,38949.02,77.83,2042.7,22.636
2024-02-29,3.847,63450.0,104.16,4.254,16091.92,38996.39,77.45,2054.7,22.885
2024-03-04,3.857,60880.0,103.83,4.217,16207.51,38989.83,78.17,2126.3,23.991
2024-03-05,3.847,58910.0,103.8,4.151,15939.59,38585.19,77.41,2141.9,23.984
2024-03-06,3.875,69940.0,103.37,4.108,16031.54,38661.05,78.41,2158.2,24.493
2024-03-07,3.926,87750.0,102.82,4.089,16273.38,38791.35,78.32,2165.2,24.578
2024-03-11,3.9285,59150.0,102.87,4.098,16019.27,38769.66,77.53,2188.6,24.715
2024-03-12,3.932,81020.0,102.96,4.151,16265.64,39005.49,77.25,2166.1,24.394
2024-03-13,4.06,161600.0,102.79,4.188,16177.77,39043.32,79.3,2180.8,25.156
2024-03-14,4.0455,112480.0,103.36,4.292,16128.53,38905.66,80.74,2167.5,25.06
2024-03-18,4.13,104890.0,103.59,4.328,16103.45,38790.43,82.16,2164.3,25.265
2024-03-19,4.0745,106630.0,103.84,4.293,16166.79,39110.76,82.73,2159.7,25.135
2024-03-20,4.0515,97060.0,103.41,4.277,16369.41,39512.13,81.27,2161.0,25.104
2024-03-21,4.0585,105550.0,104.0,4.269,16401.84,39781.37,80.64,2184.7,25.007
2024-03-25,4.016,81450.0,104.24,4.249,16384.47,39313.64,81.38,2176.4,24.891
2024-03-26,4.0085,75590.0,104.29,4.238,16315.7,39282.33,81.04,2177.2,24.623
2024-03-27,4.0175,250.0,104.35,4.188,16399.52,39760.08,80.78,2201.4,24.879
2024-04-01,4.0665,480.0,105.02,4.317,16396.83,39566.85,82.82,2245.9,25.203
2024-04-02,4.089,570.0,104.82,4.353,16240.45,39170.24,84.22,2270.3,26.057
2024-04-03,4.211,920.0,104.25,4.351,16277.46,39127.14,84.61,2303.3,27.195
2024-04-04,4.266,970.0,104.12,4.307,16049.08,38596.98,85.81,2296.9,27.385
2024-04-08,4.288,1150.0,104.14,4.422,16253.96,38892.8,85.53,2339.0,27.956
2024-04-09,4.295,1450.0,104.15,4.362,16306.64,38883.67,84.46,2350.6,28.134
2024-04-10,4.289,1320.0,105.25,4.546,16170.36,38461.51,85.44,2336.6,28.204
2024-04-11,4.2665,740.0,105.28,4.584,16442.2,38459.08,84.45,2360.8,28.401
2024-04-15,4.3925,1660.0,106.21,4.61,15885.02,37735.11,84.86,2370.9,28.866
2024-04-16,4.3205,1950.0,106.26,4.669,15865.25,37798.97,84.83,2395.5,28.526
2024-04-17,4.352,1470.0,105.95,4.589,15683.37,37753.31,82.15,2376.2,28.553
2024-04-18,4.4535,1850.0,106.15,4.637,15601.5,37775.38,82.1,2385.8,28.532
2024-04-22,4.4935,1860.0,106.08,4.61,15451.3,38239.98,81.9,2334.6,27.397
2024-04-23,4.4495,1500.0,105.68,4.607,15696.64,38503.69,82.56,2329.9,27.511
2024-04-24,4.4765,1390.0,105.86,4.648,15712.75,38460.92,82.09,2326.0,27.496
2024-04-25,4.5315,2440.0,105.6,4.704,15611.76,38085.8,82.75,2330.3,27.502
2024-04-29,4.6765,102190.0,105.58,4.611,15983.08,38386.09,82.03,2357.7,27.66
2024-04-30,4.5645,108240.0,106.22,4.682,15657.82,37815.92,81.28,2302.9,26.654
2024-05-01,4.546,80010.0,105.75,4.641,15605.48,37903.29,78.44,2311.0,26.748
2024-05-02,4.4845,90810.0,105.3,4.589,15840.96,38225.66,78.48,2309.6,26.829
2024-05-06,4.615,72960.0,105.05,4.487,16349.25,38852.27,78.14,2331.2,27.614
2024-05-07,4.6055,87980.0,105.41,4.461,16332.55,38884.26,78.06,2324.2,27.544
2024-05-08,4.5425,79250.0,105.55,4.5,16302.76,39056.39,78.56,2322.3,27.601
2024-05-09,4.585,92940.0,105.23,4.459,16346.26,39387.76,78.8,2340.3,28.365
2024-05-13,4.766,98630.0,105.22,4.49,16388.24,39431.51,78.6,2343.0,28.443
2024-05-14,4.895,253200.0,105.01,4.445,16511.18,39558.11,77.65,2359.9,28.702
2024-05-15,4.9245,177910.0,104.35,4.344,16742.39,39908.0,78.16,2394.9,29.729
2024-05-16,4.877,106740.0,104.46,4.377,16698.32,39869.38,78.74,2385.5,29.876
2024-05-20,5.079,114890.0,104.57,4.447,16794.87,39806.77,79.3,2438.5,32.426
2024-05-21,5.106,101490.0,104.66,4.412,16832.62,39872.99,78.66,2425.9,32.078
2024-05-22,4.8485,136670.0,104.93,4.426,16801.54,39671.04,77.15,2392.9,31.496
2024-05-23,4.7925,91870.0,105.11,4.479,16736.03,39065.26,76.46,2337.2,30.455
2024-05-28,4.855,101460.0,104.61,4.548,17019.88,38852.86,79.35,2356.5,32.137
2024-05-29,4.791,71900.0,105.1,4.616,16920.58,38441.54,78.8,2341.2,32.373
2024-05-30,4.6595,320.0,104.72,4.55,16737.08,38111.48,77.54,2354.7,31.68
2024-06-03,4.6655,310.0,104.14,4.392,16828.67,38571.03,74.09,2357.5,30.942
2024-06-04,4.5375,240.0,104.11,4.33,16857.05,38711.29,73.06,2335.7,29.772
2024-06-05,4.5865,560.0,104.27,4.277,17187.9,38807.33,73.82,2363.6,30.229
2024-06-06,4.667,270.0,104.1,4.287,17173.12,38886.17,75.24,2378.9,31.532
2024-06-10,4.5395,1470.0,105.15,4.471,17192.53,38868.04,77.33,2315.1,30.03
2024-06-11,4.4935,690.0,105.23,4.402,17343.55,38747.42,77.55,2314.6,29.386
2024-06-12,4.555,250.0,104.64,4.318,17608.44,38712.21,78.15,2342.7,30.422
2024-06-13,4.472,360.0,105.2,4.248,17667.56,38647.1,78.26,2305.9,29.216
2024-06-17,4.4275,360.0,105.32,4.285,17857.02,38778.1,79.72,2316.9,29.545
2024-06-18,4.447,690.0,105.26,4.219,17862.23,38834.86,80.71,2334.8,29.717
2024-06-20,4.521,1050.0,105.59,4.261,17721.59,39134.76,81.29,2357.0,30.981
2024-06-24,4.425,640.0,105.47,4.234,17496.82,39411.21,80.86,2332.4,29.685
2024-06-25,4.3655,330.0,105.61,4.248,17717.65,39112.16,80.07,2318.4,29.028
2024-06-26,4.3635,1220.0,106.05,4.329,17805.16,39127.8,80.19,2301.0,29.091
2024-06-27,4.3485,50880.0,105.91,4.286,17858.68,39164.06,80.83,2336.6,29.256
2024-07-01,4.418,47460.0,105.9,4.471,17879.3,39169.52,82.32,2338.9,29.613
2024-07-02,4.419,51690.0,105.72,4.438,18028.76,39331.85,81.91,2333.4,29.658
2024-07-03,4.5335,63120.0,105.4,4.355,18188.3,39308.0,83.02,2369.4,30.842
2024-07-08,4.618,72150.0,105.0,4.28,18403.74,39344.79,81.52,2363.5,30.913
2024-07-09,4.5775,59970.0,105.13,4.298,18429.29,39291.97,80.56,2367.9,31.056
2024-07-10,4.6085,61070.0,105.05,4.282,18647.45,39721.36,81.07,2379.7,31.014
2024-07-11,4.5065,77710.0,104.44,4.212,18283.41,39753.75,81.38,2421.9,31.671
2024-07-15,4.5265,56400.0,104.19,4.231,18472.57,40211.72,80.84,2428.9,30.936
2024-07-16,4.4495,60390.0,104.27,4.16,18509.34,40954.48,79.71,2467.8,31.458
2024-07-17,4.4085,60750.0,103.75,4.16,17996.93,41198.08,81.44,2459.9,30.377
2024-07-18,4.2795,91540.0,104.17,4.202,17871.22,40665.02,81.3,2456.4,30.224
2024-07-22,4.1975,72580.0,104.31,4.254,18007.57,40415.44,78.4,2394.7,29.321
2024-07-23,4.1605,56020.0,104.45,4.254,17997.35,40358.09,75.92,2407.3,29.331
2024-07-24,4.109,84440.0,104.39,4.286,17342.41,39853.87,76.58,2415.7,29.316
2024-07-25,4.1255,76850.0,104.36,4.245,17181.72,39935.07,77.11,2353.5,27.975
2024-07-29,4.0845,51250.0,104.56,4.172,17370.2,40539.93,74.8,2377.8,27.866
2024-07-30,4.098,160.0,104.55,4.141,17147.42,40743.33,73.88,2417.6,28.685
2024-07-31,4.1875,150.0,104.1,4.033,17599.4,40842.79,76.84,2438.5,29.073
2024-08-01,4.095,530.0,104.42,3.982,17194.14,40347.97,75.4,2445.9,28.607
2024-08-05,4.0105,130.0,102.69,3.779,16200.08,38703.27,72.2,2411.8,27.338
2024-08-06,4.036,370.0,102.97,3.901,16366.86,38997.66,72.34,2398.9,27.341
2024-08-07,3.9635,370.0,103.2,3.953,16195.81,38763.45,74.17,2400.0,27.069
2024-08-08,3.97,690.0,103.21,3.99,16660.02,39446.49,75.04,2430.3,27.733
2024-08-12,4.075,100.0,103.14,3.907,16780.61,39357.01,78.46,2469.9,28.134
2024-08-13,4.056,210.0,102.56,3.846,17187.61,39765.64,76.8,2473.9,27.916
2024-08-14,4.046,590.0,102.57,3.839,17192.6,40008.39,75.84,2446.2,27.469
2024-08-15,4.153,1070.0,102.98,3.919,17594.5,40563.06,76.99,2458.6,28.548
2024-08-19,4.1885,450.0,101.89,3.875,17876.77,40896.53,73.66,2506.8,29.44
2024-08-20,4.168,520.0,101.44,3.81,17816.94,40834.97,73.17,2516.1,29.659
2024-08-21,4.197,320.0,101.04,3.799,17918.99,40890.49,71.3,2512.8,29.676
2024-08-22,4.1545,400.0,101.51,3.858,17619.35,40712.78,72.28,2482.1,29.185
2024-08-26,4.235,2140.0,100.85,3.82,17725.77,41240.52,76.17,2520.2,30.155
2024-08-27,4.2575,1440.0,100.55,3.829,17754.82,41250.5,74.46,2517.7,30.125
2024-08-28,4.1725,1550.0,101.09,3.839,17556.03,41091.42,73.44,2502.6,29.34
2024-08-29,4.1985,520.0,101.34,3.863,17516.43,41335.05,74.67,2536.7,29.827
2024-09-03,4.0715,430.0,101.82,3.831,17136.3,40936.93,69.59,2499.7,28.208
2024-09-04,4.058,460.0,101.36,3.757,17084.3,40974.97,68.52,2502.7,28.421
2024-09-05,4.1155,340.0,101.11,3.725,17127.66,40755.75,68.5,2519.7,28.96
2024-09-09,4.123,210.0,101.55,3.702,16884.6,40829.59,67.91,2509.3,28.521
2024-09-10,4.0765,490.0,101.63,3.64,17025.88,40736.96,65.14,2519.5,28.484
2024-09-11,4.12,240.0,101.68,3.661,17395.53,40861.71,66.6,2519.0,28.793
2024-09-12,4.172,790.0,101.37,3.68,17569.68,41096.77,68.15,2557.1,29.967
2024-09-16,4.2505,530.0,100.76,3.618,17592.13,41622.08,69.02,2585.2,30.99
2024-09-17,4.2495,440.0,100.89,3.648,17628.06,41606.18,69.96,2568.9,30.834
2024-09-18,4.273,1220.0,100.6,3.713,17573.3,41503.1,69.88,2574.9,30.542
2024-09-19,4.321,690.0,100.61,3.719,18013.98,42025.19,71.16,2590.9,31.281
2024-09-23,4.3195,1610.0,100.85,3.751,17974.27,42124.65,69.61,2628.6,30.94
2024-09-24,4.462,1800.0,100.47,3.732,18074.52,42208.22,70.84,2653.0,32.28
2024-09-25,4.4605,1360.0,100.91,3.791,18082.21,41914.75,69.13,2660.7,31.87
2024-09-26,4.61,1490.0,100.52,3.796,18190.29,42175.11,67.19,2670.4,32.195
2024-09-30,4.553,104130.0,100.78,3.787,18189.17,42330.15,67.77,2647.9,31.458
2024-10-01,4.589,61240.0,101.19,3.731,17910.36,42156.97,69.39,2678.5,31.742
2024-10-02,4.649,49130.0,101.68,3.783,17925.12,42196.52,69.69,2658.1,31.92
2024-10-03,4.553,62120.0,101.99,3.846,17918.48,42011.59,73.17,2667.4,32.464
2024-10-07,4.5665,56020.0,102.54,4.026,17923.9,41954.24,76.47,2654.0,32.004
2024-10-08,4.4565,89110.0,102.55,4.035,18182.92,42080.37,72.98,2623.5,30.6
2024-10-09,4.3995,63950.0,102.93,4.067,18291.62,42512.0,72.59,2614.1,30.67
2024-10-10,4.4275,61820.0,102.99,4.094,18282.05,42454.12,75.11,2627.4,31.24
2024-10-15,4.3375,58640.0,103.26,4.038,18315.59,42740.42,70.01,2667.0,31.756
2024-10-16,4.3675,44700.0,103.59,4.016,18367.08,43077.7,69.82,2679.3,31.974
2024-10-17,4.325,58520.0,103.82,4.096,18373.61,43239.05,70.09,2695.5,31.774
2024-10-21,4.3595,57280.0,104.01,4.182,18540.01,42931.6,70.04,2726.8,34.078
2024-10-22,4.3805,41330.0,104.07,4.206,18573.13,42924.89,71.74,2747.4,35.041
2024-10-23,4.3365,50100.0,104.43,4.242,18276.65,42514.95,70.37,2717.1,33.839
2024-10-24,4.3515,65850.0,104.06,4.202,18415.49,42374.36,69.84,2736.5,33.795
2024-10-28,4.3625,41310.0,104.32,4.278,18567.19,42387.57,66.98,2743.6,34.001
2024-10-29,4.3605,70500.0,104.32,4.274,18712.75,42233.05,66.81,2768.8,34.441
2024-10-30,4.36,230.0,103.99,4.299,18607.93,42141.54,68.18,2800.8,34.234
2024-10-31,4.3515,240.0,103.98,4.281,18095.15,41763.46,68.81,2749.3,32.953
2024-11-04,4.4375,250.0,103.89,4.286,18179.98,41794.6,71.03,2746.2,32.765
2024-11-05,4.481,240.0,103.42,4.28,18439.17,42221.88,71.56,2749.7,32.934
2024-11-06,4.2595,460.0,105.09,4.431,18983.46,43729.93,71.24,2676.3,31.485
2024-11-07,4.44,430.0,104.51,4.325,19269.46,43729.34,71.96,2705.8,32.013
2024-11-12,4.154,310.0,106.02,4.429,19281.4,43910.98,67.97,2606.3,30.915
2024-11-13,4.102,350.0,106.48,4.45,19230.72,43958.19,68.26,2586.5,30.817
2024-11-14,4.105,1090.0,106.67,4.445,19107.65,43750.86,68.53,2572.9,30.724
2024-11-18,4.1335,210.0,106.28,4.413,18791.81,43389.6,69.17,2614.6,31.379
2024-11-19,4.153,460.0,106.21,4.395,18987.47,43268.94,69.24,2631.0,31.417
2024-11-20,4.164,220.0,106.68,4.413,18966.14,43408.47,68.75,2651.7,31.159
2024-11-21,4.138,380.0,106.97,4.419,18972.42,43870.35,69.77,2674.9,31.099
2024-11-25,4.1215,1000.0,106.82,4.274,19054.84,44736.57,68.58,2618.5,30.396
2024-11-26,4.075,3240.0,107.01,4.294,19175.58,44860.31,68.44,2621.3,30.567
2024-11-27,4.117,540.0,106.08,4.26,19060.48,44722.06,68.35,2652.3,30.455
2024-12-02,4.1135,350.0,106.45,4.195,19403.95,44782.0,67.84,2646.5,30.742
2024-12-03,4.1845,160.0,106.36,4.226,19480.91,44705.53,69.54,2655.9,31.363
2024-12-04,4.183,120.0,106.32,4.183,19735.12,45014.04,68.19,2664.3,31.786
2024-12-05,4.1745,440.0,105.71,4.177,19700.72,44765.71,67.96,2636.1,31.406
2024-12-09,4.258,460.0,106.14,4.2,19736.69,44401.93,68.09,2673.3,32.481
2024-12-10,4.2535,110.0,106.4,4.227,19687.24,44247.83,68.27,2705.6,32.612
2024-12-11,4.245,460.0,106.71,4.274,20034.89,44148.56,69.87,2741.5,32.823
2024-12-12,4.225,250.0,106.96,4.335,19902.84,43914.12,69.66,2695.1,31.482
2024-12-16,4.1705,250.0,106.86,4.402,20173.89,43717.48,70.29,2657.0,30.927
2024-12-17,4.125,310.0,106.96,4.394,20109.06,43449.9,69.65,2649.6,30.796
2024-12-18,4.1355,90.0,108.03,4.518,19392.69,42326.87,70.02,2640.8,30.61
2024-12-19,4.0555,280.0,108.41,4.565,19372.77,42342.24,69.38,2596.0,29.282
2024-12-23,4.0635,1000.0,108.04,4.588,19764.88,42906.95,68.81,2615.5,30.06
2024-12-26,4.108,240.0,108.13,4.584,20020.36,43325.8,69.23,2640.3,30.234
2024-12-30,4.093,34050.0,108.13,4.532,19486.79,42573.73,70.53,2618.1,29.412
2025-01-02,4.026,50060.0,109.39,4.561,19280.79,42392.27,72.5,2669.0,29.9
2025-01-06,4.1615,92820.0,108.26,4.623,19864.98,42706.56,72.92,2647.4,30.583
2025-01-07,4.1955,58960.0,108.54,4.684,19489.68,42528.36,73.57,2665.4,30.686
2025-01-08,4.2585,71300.0,109.09,4.692,19478.88,42635.2,72.67,2672.4,30.69
2025-01-13,4.3255,48740.0,109.96,4.789,19088.1,42297.12,77.3,2678.6,30.309
2025-01-14,4.3425,51190.0,109.27,4.792,19044.39,42518.28,76.37,2682.3,30.351
2025-01-15,4.389,55350.0,109.09,4.654,19511.23,43221.55,78.71,2717.8,31.531
2025-01-16,4.441,63440.0,108.96,4.611,19338.29,43153.13,78.68,2750.9,31.725
2025-01-21,4.341,107040.0,108.06,4.572,19756.78,44025.81,75.89,2785.6,31.496
2025-01-22,4.301,48400.0,108.17,4.612,20009.34,44156.73,75.44,2797.4,31.42
2025-01-23,4.3055,460.0,108.05,4.645,20053.68,44565.07,74.62,2778.3,30.712
2025-01-27,4.208,830.0,107.34,4.533,19341.83,44713.58,73.17,2752.4,30.283
2025-01-28,4.2245,700.0,107.87,4.533,19733.59,44850.35,73.77,2781.0,30.755
2025-01-29,4.2605,1150.0,108.0,4.533,19632.32,44713.52,72.62,2781.5,31.264
2025-01-30,4.3075,39230.0,107.8,4.519,19681.75,44882.13,72.73,2845.2,32.493
2025-02-03,4.3055,69190.0,108.99,4.551,19391.96,44421.91,73.16,2857.1,32.526
2025-02-04,4.3535,44130.0,107.96,4.512,19654.02,44556.04,72.7,2875.8,33.022
2025-02-05,4.444,56000.0,107.58,4.423,19692.33,44873.28,71.03,2893.0,32.976
2025-02-06,4.461,64519.99999999999,107.69,4.435,19791.99,44747.63,70.61,2876.7,32.626
2025-02-10,4.707,107860.0,108.32,4.5,19714.27,44470.41,72.01,2934.4,32.491
2025-02-11,4.601,103140.0,107.96,4.536,19643.86,44593.65,73.08,2932.6,32.322
2025-02-12,4.7045,77940.0,107.94,4.625,19649.95,44368.56,71.24,2928.7,32.785
2025-02-13,4.778,78510.0,107.31,4.532,19945.64,44711.43,71.14,2945.4,32.726
2025-02-18,4.6425,35140.0,107.05,4.551,20041.26,44556.34,71.85,2949.0,33.373
2025-02-19,4.614,24430.0,107.17,4.534,20056.25,44627.59,72.25,2936.1,33.043
2025-02-20,4.666,29290.0,106.37,4.506,19962.36,44176.65,72.57,2956.1,33.486
2025-02-24,4.5635,37120.0,106.6,4.399,19286.93,43461.21,70.7,2949.7,32.763
2025-02-25,4.5035,1310.0,106.31,4.297,19026.39,43621.16,68.93,2906.0,31.976
2025-02-26,4.5615,1620.0,106.42,4.254,19075.26,43433.12,68.62,2917.8,32.419
2025-02-27,4.6185,52000.0,107.24,4.265,18544.42,43239.5,70.35,2895.9,32.11
2025-03-03,4.607,49070.0,106.75,4.158,18350.19,43191.24,68.37,2901.1,32.31
2025-03-04,4.5565,48370.0,105.74,4.241,18285.16,42520.99,68.26,2920.6,32.381
2025-03-05,4.794,86760.0,104.3,4.279,18552.73,43006.59,66.31,2926.0,33.134
2025-03-06,4.8075,54370.0,104.06,4.279,18069.26,42579.08,66.36,2926.6,33.338
2025-03-10,4.6665,35660.0,103.97,4.218,17468.32,41911.71,65.68,2899.4,32.53
2025-03-11,4.766,50260.0,103.29,4.281,17436.1,41433.48,65.93,2920.9,33.147
2025-03-12,4.8495,54550.0,103.61,4.315,17648.45,41350.93,67.38,2946.8,33.743
2025-03-13,4.9255,47660.0,103.83,4.269,17303.01,40813.57,66.27,2991.3,34.306
2025-03-17,4.959,34520.0,103.37,4.298,17808.66,41841.63,67.37,3034.1,34.308
2025-03-18,5.0165,44370.0,103.24,4.283,17504.12,41581.31,66.9,3068.9,34.818
2025-03-19,5.1,42350.0,103.43,4.246,17750.79,41964.63,67.16,3069.1,34.205
2025-03-20,5.112,47430.0,103.85,4.24,17691.63,41953.32,68.26,3071.3,33.991
2025-03-24,5.0925,49580.0,104.26,4.338,18188.59,42583.32,69.11,3044.0,33.45
2025-03-25,5.185,1070.0,104.18,4.316,18271.86,42587.5,69.0,3039.6,34.023
2025-03-26,5.2185,1050.0,104.55,4.353,17899.02,42454.79,69.65,3037.3,34.054
2025-03-27,5.0985,1770.0,104.33,4.36,17804.03,42299.7,69.92,3075.8,34.905
2025-03-31,5.034,53780.0,104.21,4.21,17299.29,42001.76,71.48,3150.3,34.611
2025-04-01,5.035,49680.0,104.26,4.16,17449.89,41989.96,71.2,3146.0,34.309
2025-04-02,5.0405,46220.0,103.81,4.125,17601.05,42225.32,71.71,3166.2,34.65
2025-04-03,4.8285,69870.0,102.07,4.036,16550.61,40545.93,66.95,3121.7,31.97
2025-04-07,4.186,142010.0,103.26,4.201,15603.26,37965.6,60.7,2973.6,29.604
2025-04-08,4.144,88560.0,102.96,4.289,15267.91,37645.59,59.58,2990.2,29.686
2025-04-09,4.1925,80890.0,102.9,4.325,17124.97,40608.45,62.35,3079.4,30.415
2025-04-10,4.3365,64709.99999999999,100.87,4.424,16387.31,39593.66,60.07,3177.5,30.759
2025-04-14,4.6255,47030.0,99.64,4.383,16831.48,40524.79,61.05,3226.3,32.167
2025-04-15,4.626,47320.0,100.21,4.339,16823.17,40368.96,60.75,3240.4,32.297
2025-04-16,4.6855,45700.0,99.38,4.28,16307.16,39669.39,62.47,3346.4,32.98
2025-04-21,4.78,18090.0,98.28,4.416,15870.9,38170.41,63.08,3425.3,32.521
2025-04-22,4.928,32759.999999999996,98.92,4.4,16300.42,39186.98,64.31,3419.4,32.905
2025-04-23,4.895,32080.0,99.84,4.384,16708.05,39606.57,62.27,3294.1,33.547
2025-04-24,4.9105,27970.0,99.38,4.314,17166.04,40093.4,62.79,3348.6,33.503
2025-04-28,4.8645,1320.0,99.01,4.205,17366.13,40227.59,62.05,3333.0,33.165
2025-04-29,4.8725,36950.0,99.24,4.171,17461.32,40527.62,60.42,3333.6,33.577
2025-04-30,4.609,63220.0,99.47,4.167,17446.34,40669.36,58.21,3319.1,32.828
2025-05-01,4.628,32180.0,100.25,4.215,17710.74,40752.96,59.24,3222.2,32.469
2025-05-05,4.699,25200.0,99.83,4.348,17844.24,41218.83,57.13,3322.3,32.474
2025-05-06,4.778,36100.0,99.24,4.298,17689.66,40829.0,59.09,3422.8,33.381
2025-05-07,4.6595,41110.0,99.61,4.268,17738.16,41113.97,58.07,3391.9,32.791
2025-05-08,4.604,43090.0,100.64,4.379,17928.14,41368.45,59.91,3306.0,32.617
2025-05-12,4.621,43120.0,101.79,4.472,18708.34,42410.1,61.56,3228.0,32.624
2025-05-13,4.723,33770.0,101.0,4.47,19010.09,42140.43,63.25,3247.8,33.1
2025-05-14,4.6505,30440.0,101.04,4.541,19146.81,42051.06,62.68,3188.3,32.444
2025-05-15,4.6835,32189.999999999996,100.88,4.431,19112.32,42322.75,61.15,3226.6,32.68
2025-05-19,4.6705,32640.0,100.43,4.447,19215.46,42792.07,62.69,3261.4,32.507
2025-05-20,4.654,32920.0,100.12,4.483,19142.71,42677.24,62.56,3312.6,33.174
2025-05-21,4.672,33010.0,99.56,4.595,18872.64,41860.44,61.57,3341.9,33.646
2025-05-22,4.6795,47870.0,99.96,4.528,18925.73,41859.09,61.2,3323.6,33.219
2025-05-27,4.715,1300.0,99.52,4.445,19199.16,42343.65,60.89,3313.7,33.311
2025-05-28,4.6505,1030.0,99.88,4.474,19100.94,42098.7,61.84,3308.3,33.16
2025-05-29,4.6755,39930.0,99.28,4.425,19175.87,42215.73,60.94,3343.9,33.423
2025-06-02,4.8585,60050.0,98.71,4.441,19242.61,42305.48,62.52,3397.2,34.694
2025-06-03,4.834,47860.0,99.23,4.457,19398.96,42519.64,63.41,3377.1,34.633
2025-06-04,4.8865,33660.0,98.79,4.356,19460.49,42427.74,62.85,3399.2,34.648
2025-06-05,4.933,55860.0,98.74,4.389,19298.45,42319.74,63.37,3375.1,35.805
2025-06-09,4.925,36330.0,98.94,4.475,19591.24,42761.76,64.22,3354.9,36.796
2025-06-10,4.9,35940.0,99.1,4.473,19714.99,42866.87,63.91,3343.4,36.642
2025-06-11,4.8145,51830.0,98.63,4.419,19615.88,42865.77,66.9,3343.7,36.261
2025-06-12,4.8355,36070.0,97.92,4.364,19662.48,42967.62,66.64,3402.4,36.295
2025-06-16,4.836,36720.0,98.0,4.448,19701.21,42515.09,71.77,3417.3,36.448
2025-06-17,4.809,30130.0,98.82,4.386,19521.09,42215.8,74.84,3406.9,37.151
2025-06-18,4.853,29830.0,98.9,4.39,19546.27,42171.66,75.14,3408.1,36.913
2025-06-23,4.843,820.0,98.42,4.341,19630.97,42581.78,68.51,3380.6,36.153
2025-06-24,4.867,510.0,97.86,4.294,19912.53,43089.02,64.37,3320.0,35.701
2025-06-25,4.913,710.0,97.68,4.29,19973.55,42982.43,64.92,3329.0,36.085
2025-06-26,5.0925,1940.0,97.15,4.245,20167.91,43386.84,65.24,3333.9,36.757
2025-06-30,5.0825,24040.0,96.88,4.231,20369.73,44094.77,65.11,3307.7,36.172
2025-07-01,5.0995,39320.0,96.82,4.241,20202.89,44494.94,65.45,3349.8,36.397
2025-07-02,5.1975,33630.0,96.78,4.282,20393.13,44484.42,67.45,3359.7,36.727
2025-07-03,5.1415,31760.0,97.18,4.346,20601.1,44828.53,67.0,3342.9,37.084
2025-07-07,5.026,41990.0,97.48,4.382,20412.52,44406.36,67.93,3342.8,36.904
2025-07-08,5.6855,81240.0,97.52,4.417,20418.46,44240.76,68.33,3316.9,36.749
2025-07-09,5.4865,85170.0,97.56,4.342,20611.34,44458.3,68.38,3321.0,36.63
2025-07-10,5.591,45790.0,97.65,4.346,20630.66,44650.64,66.57,3325.7,37.305
2025-07-14,5.5505,33680.0,98.08,4.427,20640.33,44459.65,65.81,3359.1,38.742
2025-07-15,5.5775,31000.0,98.62,4.489,20677.8,44023.29,65.37,3336.7,38.11
2025-07-16,5.526,31460.0,98.39,4.455,20730.49,44254.78,66.38,3359.1,38.119
2025-07-17,5.5125,21910.0,98.73,4.463,20885.65,44484.49,67.54,3345.3,38.303
2025-07-21,5.6375,23560.0,97.85,4.37,20974.18,44323.07,67.2,3462.9,39.334
2025-07-22,5.7215,34620.0,97.39,4.336,20892.69,44502.44,66.21,3501.8,39.555
2025-07-23,5.8195,39420.0,97.21,4.388,21020.02,45010.29,65.25,3455.1,39.503
2025-07-24,5.8015,31960.0,97.38,4.408,21057.96,44693.91,66.03,3431.1,39.224
2025-07-28,5.5975,570.0,98.63,4.42,21178.58,44837.56,66.71,3354.0,38.043
2025-07-29,5.607,1040.0,98.89,4.328,21098.29,44632.99,69.21,3368.3,38.101
2025-07-30,5.586,94050.0,99.82,4.378,21129.67,44461.28,70.0,3352.8,37.739
2025-07-31,4.3545,116940.0,99.97,4.36,21122.45,44130.98,69.26,3348.6,36.712
2025-08-04,4.4375,32369.999999999996,98.78,4.198,21053.58,44173.64,66.29,3426.4,37.328
2025-08-05,4.386,31660.0,98.78,4.196,20916.55,44111.74,65.16,3434.7,37.823
2025-08-06,4.413,25280.0,98.18,4.218,21169.42,44193.12,64.35,3433.4,37.902
2025-08-07,4.3985,29950.0,98.4,4.244,21242.7,43968.64,63.88,3453.7,38.294
2025-08-11,4.44,27990.0,98.52,4.273,21385.4,43975.09,63.09,3404.7,37.787
2025-08-12,4.5255,32700.000000000004,98.1,4.293,21681.9,44458.61,62.48,3399.0,38.002
2025-08-13,4.4975,28420.0,97.84,4.24,21713.14,44922.27,61.93,3408.3,38.602
2025-08-14,4.4795,24630.0,98.25,4.293,21710.67,44911.26,63.96,3383.2,38.069
2025-08-18,4.536,10090.0,98.17,4.339,21629.77,44911.82,63.42,3378.0,38.029
2025-08-19,4.4885,10380.0,98.26,4.302,21314.95,44922.27,62.35,3358.7,37.332
2025-08-20,4.5105,13410.0,98.22,4.296,21172.86,44938.31,63.21,3388.5,37.773
2025-08-21,4.5115,22210.0,98.62,4.332,21100.31,44785.5,63.52,3381.6,38.079
2025-08-25,4.5265,250.0,98.43,4.275,21449.29,45282.47,64.8,3404.9,39.051
2025-08-26,4.51,300.0,98.22,4.256,21544.27,45418.07,63.25,3420.1,38.955
2025-08-27,4.4715,2200.0,98.23,4.238,21590.14,45565.23,64.15,3435.7,39.056
2025-08-28,4.539,28790.0,97.81,4.207,21705.16,45636.9,64.6,3474.3,39.703
2025-09-02,4.641,52270.0,98.4,4.277,21279.63,45295.81,65.59,3592.2,41.592
2025-09-03,4.63,30540.0,98.14,4.211,21497.73,45271.23,63.97,3635.5,42.06
2025-09-04,4.5585,24600.0,98.35,4.176,21707.69,45621.29,63.48,3606.7,41.417
2025-09-08,4.5595,23670.0,97.45,4.046,21798.7,45514.95,62.26,3677.4,41.902
2025-09-09,4.5695,25400.0,97.79,4.074,21879.49,45711.34,62.63,3682.2,41.341
2025-09-10,4.618,27100.0,97.78,4.032,21886.06,45490.92,63.67,3682.0,41.6
2025-09-11,4.658,26140.0,97.53,4.011,22043.07,46108.0,62.37,3673.6,42.149
2025-09-15,4.7175,25290.0,97.3,4.034,22348.75,45883.45,63.02,3719.0,42.962
2025-09-16,4.694,24930.0,96.63,4.026,22333.96,45757.9,64.52,3725.1,42.917
2025-09-17,4.632,32280.0,96.87,4.076,22261.33,46018.32,64.05,3717.8,42.152
2025-09-18,4.6005,22970.0,97.35,4.104,22470.72,46142.42,63.57,3678.3,42.118
2025-09-22,4.6075,540.0,97.34,4.145,22788.98,46381.54,62.64,3761.6,44.044
2025-09-23,4.6195,420.0,97.26,4.118,22573.47,46292.78,63.41,3801.8,44.437
2025-09-24,4.7885,1470.0,97.87,4.147,22497.86,46121.28,64.99,3753.4,44.02
2025-09-25,4.7325,780.0,98.55,4.174,22384.7,45947.32,64.98,3756.5,44.933
2025-09-29,4.892,40790.0,97.91,4.141,22591.15,46316.07,63.45,3855.2,47.016
2025-09-30,4.8565,38780.0,97.78,4.15,22660.01,46397.89,62.37,3873.2,46.64
2025-10-01,4.8825,33390.0,97.71,4.106,22755.16,46441.1,61.78,3897.5,47.679
2025-10-02,4.9495,45080.0,97.85,4.09,22844.05,46519.72,60.48,3868.1,46.369
2025-10-06,5.038,39930.0,98.11,4.162,22941.67,46694.97,61.69,3976.3,47.515
2025-10-07,5.0975,42490.0,98.58,4.127,22788.36,46602.98,61.73,4004.4,48.994
2025-10-08,5.0945,42260.0,98.92,4.131,23043.38,46601.78,62.55,4070.5,47.157
2025-10-09,5.123,70170.0,99.54,4.148,23024.63,46358.42,61.51,3972.6,47.247
2025-10-13,5.144,1350.0,99.27,4.055,22694.61,46067.58,59.07,4133.0,50.622
2025-10-14,5.023,64239.99999999999,99.05,4.022,22521.7,46270.46,58.27,4163.4,51.378
2025-10-15,5.0145,39510.0,98.79,4.045,22670.08,46253.31,58.27,4201.6,53.296
2025-10-16,4.999,41840.0,98.34,3.976,22562.54,45952.24,57.46,4304.6,50.104
2025-10-20,5.036,33170.0,98.59,3.988,22990.54,46706.58,57.52,4359.4,47.704
2025-10-21,4.966,42030.0,98.93,3.963,22953.67,46924.74,57.82,4109.1,47.681
2025-10-22,4.9955,30940.0,98.9,3.953,22740.4,46590.41,58.5,4065.4,48.704
2025-10-23,5.1105,45660.0,98.94,3.989,22941.8,46734.61,61.79,4145.6,48.586
2025-10-27,5.146,1940.0,98.78,3.997,23637.46,47544.59,61.31,4005.5,47.324
2025-10-28,5.145,760.0,98.67,3.983,23827.49,47706.37,60.15,3968.7,47.913
2025-10-29,5.237,2280.0,99.22,4.058,23958.47,47632.0,60.48,3986.2,48.616
2025-10-30,5.104,72320.0,99.53,4.093,23581.14,47522.12,60.57,4015.9,48.16
2025-11-03,5.069,37960.0,99.87,4.107,23834.72,47336.68,61.05,4014.0,47.291
2025-11-04,4.9485,58730.0,100.22,4.091,23348.64,47085.24,60.56,3960.5,48.022
2025-11-05,4.986,39270.0,100.2,4.157,23499.8,47311.0,59.6,3992.9,47.95
2025-11-06,4.9675,37760.0,99.73,4.093,23053.99,46912.3,59.43,3991.0,48.143
2025-11-10,5.106,67120.0,99.59,4.11,23527.17,47368.63,60.03,4122.0,50.744
2025-11-11,5.066,41750.0,99.44,4.069,23468.3,47927.96,60.99,4116.3,53.457
2025-11-12,5.1055,56920.0,99.5,4.067,23406.46,48254.82,58.49,4213.6,53.17
2025-11-13,5.102,49070.0,99.16,4.111,22870.36,47457.22,58.64,4194.5,50.686
2025-11-17,5.0865,19200.0,99.59,4.133,22708.07,46590.24,59.91,4109.8,50.521
2025-11-18,5.0505,28830.0,99.55,4.121,22432.85,46091.74,60.74,4101.7,50.854
2025-11-19,5.097,29750.0,100.23,4.131,22564.23,46138.77,59.44,4118.2,50.301
2025-11-20,5.0485,36030.0,100.16,4.104,22078.05,45752.26,59.14,4095.7,49.913
2025-11-24,5.026,2640.0,100.14,4.036,22872.01,46448.27,58.84,4113.1,50.965
2025-11-25,5.0625,2870.0,99.66,4.002,23025.59,47112.45,57.95,4159.8,53.607
2025-11-26,5.194,47880.0,99.6,3.998,23214.69,47427.12,58.65,4202.3,57.163
2025-12-01,5.303,56370.0,99.41,4.096,23275.92,47289.33,59.32,4274.8,58.703
2025-12-02,5.243,47270.0,99.36,4.088,23413.67,47474.46,58.64,4220.8,58.62
2025-12-03,5.389,63260.0,98.85,4.058,23454.09,47882.9,58.95,4232.5,57.491
2025-12-04,5.3735,42570.0,98.99,4.108,23505.14,47850.94,59.67,4243.0,59.053
2025-12-08,5.4445,35410.0,99.09,4.172,23545.9,47739.32,58.63,4217.7,60.84
2025-12-09,5.32,42350.0,99.22,4.186,23576.49,47560.29,58.08,4236.2,61.029
2025-12-10,5.3535,40880.0,98.79,4.164,23654.15,48057.75,58.3,4224.7,64.592
2025-12-11,5.5015,51030.0,98.35,4.141,23593.86,48704.01,57.45,4313.0,62.007
2025-12-15,5.412,41890.0,98.31,4.182,23057.41,48416.56,56.82,4335.2,63.323
2025-12-16,5.359,37000.0,98.15,4.149,23111.46,48114.26,55.27,4332.3,66.901
2025-12-17,5.4355,37250.0,98.37,4.151,22693.32,47885.97,55.94,4373.9,65.219
2025-12-18,5.4375,33500.0,98.43,4.116,23006.36,47951.85,56.15,4364.5,67.489
2025-12-22,5.5095,31550.0,98.29,4.171,23428.83,48362.68,58.01,4469.4,71.137
2025-12-23,5.552,47690.0,97.94,4.169,23561.84,48442.41,58.38,4505.7,71.685
2025-12-29,5.537,2350.0,98.04,4.116,23474.35,48461.93,58.08,4327.0,77.919
2025-12-30,5.7815,50410.0,98.24,4.128,23419.08,48367.06,57.95,4386.3,70.603
2026-01-05,5.9755,57090.0,98.27,4.163,23395.82,48977.18,58.08,4451.5,81.039
2026-01-06,6.0625,81400.0,98.58,4.179,23547.17,49462.08,56.94,4496.1,79.25
2026-01-20,5.8125,103670.0,98.64,4.295,22954.32,48488.59,60.34,4800.8,94.636
2026-01-21,5.768,56860.0,98.76,4.253,23224.82,49077.23,60.62,4873.1,92.637
2026-01-22,5.779,48180.0,98.36,4.251,23436.02,49384.01,59.36,4949.4,96.372
2026-01-23,5.9475,54750.0,97.6,4.239,23501.24,49098.71,61.07,5017.0,101.333
2026-01-26,5.991,910.0,97.04,4.211,23601.36,49412.4,60.63,5102.4,115.148
2026-01-27,5.8335,4620.0,96.22,4.223,23817.1,49003.41,62.39,5101.4,105.592
2026-01-28,5.898,1680.0,96.45,4.251,23857.45,49015.6,63.21,5321.0,113.162
2026-01-29,6.2035,197660.0,96.28,4.227,23685.12,49071.56,65.42,5354.8,114.429
2026-01-30,5.924,149300.0,96.99,4.241,23461.82,48892.47,65.21,4745.1,78.531
2026-02-02,5.8255,107340.0,97.63,4.277,23592.11,49407.66,62.14,4652.6,77.009
2026-02-03,6.0865,78320.0,97.44,4.273,23255.19,49240.99,63.21,4935.0,83.301
2026-02-04,5.85,65560.0,97.62,4.278,22904.58,49501.3,65.14,4950.8,84.396
2026-02-05,5.821,61610.0,97.82,4.21,22540.59,48908.72,63.29,4889.5,76.714
2026-02-06,5.882,63950.0,97.63,4.206,23031.21,50115.67,63.55,4979.8,76.895
2026-02-09,5.9625,49260.0,96.82,4.198,23238.67,50135.87,64.2,5079.4,82.234
2026-02-10,5.9135,41490.0,96.8,4.145,23102.47,50188.14,63.79,5031.0,80.384
2026-02-11,5.9655,72880.0,96.83,4.172,23066.47,50121.4,64.46,5098.5,83.92
2026-02-12,5.7855,66500.0,96.93,4.104,22597.15,49451.98,62.65,4948.4,75.682
2026-02-13,5.803,68160.0,96.92,4.056,22546.67,49500.93,62.75,5046.3,77.964
2026-02-17,5.704,39470.0,97.15,4.054,22578.38,49533.19,62.33,4905.9,73.54
2026-02-18,5.863,23930.0,97.7,4.081,22753.63,49662.66,65.19,5009.5,77.598
2026-02-19,5.7985,22210.0,97.93,4.075,22682.73,49395.16,66.43,4997.4,77.634
2026-02-20,5.8995,41260.0,97.8,4.085,22886.07,49625.97,66.39,5080.9,82.343
2026-02-23,5.8105,1600.0,97.71,4.027,22627.27,48804.06,66.31,5207.5,86.889
2026-02-24,5.961,2380.0,97.84,4.033,22863.68,49174.5,65.63,5157.8,87.807
2026-02-25,6.0155,2170.0,97.7,4.048,23152.08,49482.15,65.42,5208.0,91.307
2026-02-26,6.005,43880.0,97.79,4.017,22878.38,49499.2,65.21,5194.2,87.584
2026-02-27,6.0595,46170.0,97.61,3.962,22668.21,48977.92,67.02,5247.9,93.291
2026-03-02,5.948,48680.0,98.38,4.052,22748.86,48904.78,71.23,5311.6,88.853
2026-03-03,5.826,68400.0,99.05,4.057,22516.69,48501.27,74.56,5123.7,83.473
2026-03-04,5.9075,41930.0,98.77,4.082,22807.48,48739.41,74.66,5134.7,83.184
2026-03-05,5.8045,49270.0,99.32,4.146,22748.99,47954.74,81.01,5078.7,82.181
2026-03-06,5.807,40170.0,98.99,4.132,22387.68,47501.55,90.9,5158.7,84.311
2026-03-09,5.8485,61250.0,99.18,4.134,22695.95,47740.8,91.48,5103.7,84.523
2026-03-10,5.952,38640.0,98.83,4.136,22697.1,47706.51,82.1,5242.1,89.592
2026-03-11,5.8915,32119.999999999996,99.23,4.206,22716.13,47417.27,86.07,5179.1,85.535
2026-03-12,5.868,31920.0,99.74,4.273,22311.98,46677.85,94.43,5125.8,85.112
2026-03-13,5.757,37320.0,100.36,4.285,22105.36,46558.47,96.84,5061.7,81.343
2026-03-16,5.8315,41510.0,99.71,4.22,22374.18,46946.41,93.5,5039.4,80.682
2026-03-17,5.767,29290.0,99.57,4.202,22479.53,46993.26,96.21,5045.6,79.921
2026-03-18,5.594,63360.0,100.09,4.257,22152.42,46225.15,96.32,4932.9,77.592
2026-03-19,5.469,79580.0,99.23,4.283,22090.69,46021.43,96.14,4640.5,71.215
2026-03-20,5.3745,53720.0,99.65,4.392,21647.61,45577.47,98.32,4609.6,69.664
2026-03-23,5.4465,1100.0,98.95,4.336,21946.76,46208.47,88.13,4423.6,69.109
2026-03-24,5.4285,1870.0,99.43,4.392,21761.89,46124.06,92.35,4418.0,69.319
2026-03-25,5.534,1530.0,99.6,4.328,21929.82,46429.49,90.32,4568.6,72.395
2026-03-26,5.4505,1750.0,99.9,4.416,21408.08,45960.11,94.48,4392.3,67.697
2026-03-27,5.4685,4010.0,100.15,4.44,20948.36,45166.64,99.64,4508.6,69.561
2026-03-30,5.502,36960.0,100.51,4.342,20794.64,45216.14,102.88,4557.5,70.569
2026-03-31,5.614,54330.0,99.96,4.311,21590.63,46341.51,101.38,4678.6,74.919
2026-04-01,5.6465,47710.0,99.65,4.321,21840.95,46565.74,100.12,4813.1,76.078
2026-04-02,5.5835,46460.0,100.03,4.313,21879.18,46504.67,111.54,4679.7,72.924
2026-04-06,5.601,24740.0,99.98,4.335,21996.34,46669.88,112.41,4684.7,72.847
2026-04-07,5.563,35690.0,99.86,4.343,22017.85,46584.46,112.95,4684.7,71.987
2026-04-08,5.777,80970.0,99.13,4.291,22634.99,47909.92,94.41,4777.2,75.385
2026-04-09,5.7645,45520.0,98.82,4.293,22822.42,48185.8,97.87,4818.0,76.438
2026-04-10,5.886,65860.0,98.65,4.317,22902.89,47916.57,96.57,4787.4,76.48
2026-04-13,5.9905,68930.0,98.37,4.297,23183.74,48218.25,92.95,4767.4,75.665
2026-04-14,6.0835,61340.0,98.12,4.256,23639.08,48535.99,88.19,4850.1,79.533
2026-04-15,6.085,36920.0,98.06,4.279,24016.02,48463.72,88.13,4823.6,79.628
2026-04-16,6.0765,36480.0,98.21,4.309,24102.7,48578.72,94.69,4808.3,78.71
2026-04-17,6.1145,39400.0,98.1,4.244,24468.48,49447.43,83.85,4879.6,81.842
2026-04-20,6.1065,27060.0,98.1,4.25,24404.39,49442.56,89.61,4828.8,80.038
2026-04-21,6.0715,21870.0,98.39,4.292,24259.96,49149.38,92.13,4719.6,76.488
2026-04-22,6.189,27160.0,98.59,4.294,24657.57,49490.03,92.96,4753.0,77.961
2026-04-23,6.1425,31110.0,98.77,4.323,24438.5,49310.32,95.85,4724.0,76.06
2026-04-24,6.0885,32870.0,98.53,4.31,24836.6,49230.71,94.4,4740.9,76.94
2026-04-27,6.05,1940.0,98.5,4.336,24887.1,49167.79,96.37,4676.9,75.291
2026-04-28,5.9455,3400.0,98.64,4.354,24663.8,49141.93,99.93,4592.0,73.484
2026-04-29,5.933,32729.999999999996,98.96,4.416,24673.24,48861.81,106.88,4561.5,72.088
2026-04-30,5.9805,32180.0,98.06,4.39,24892.31,49652.14,105.07,4629.6,74.028
2026-05-01,5.9845,28990.0,98.16,4.378,25114.44,49499.27,101.94,4644.5,76.431
2026-05-04,5.8465,33300.0,98.37,4.446,25067.8,48941.9,106.42,4533.3,73.522
2026-05-05,5.993,31800.0,98.44,4.416,25326.13,49298.25,102.27,4568.5,73.581
2026-05-06,6.1865,53500.0,98.02,4.354,25838.94,49910.59,95.08,4694.3,77.303
2026-05-07,6.176,34740.0,98.07,4.394,25806.2,49596.97,94.81,4710.9,80.18
2026-05-08,6.2965,50880.0,97.9,4.364,26247.08,49609.16,95.42,4730.7,80.865
2026-05-11,6.4605,60930.0,97.96,4.412,26274.13,49704.47,98.07,4728.7,85.948
2026-05-12,6.531,65019.99999999999,98.3,4.463,26088.2,49760.56,102.18,4686.7,85.591
2026-05-13,6.679,60920.0,98.52,4.479,26402.34,49693.2,101.02,4706.7,89.368
2026-05-14,6.6115,44580.0,98.82,4.459,26635.22,50063.46,101.17,4685.3,85.328
2026-05-15,6.295,70690.0,99.28,4.595,26225.14,49526.17,105.42,4561.9,77.547
2026-05-18,6.3155,54870.0,99.19,4.623,26090.73,49686.12,108.66,4591.8,77.444
2026-05-19,6.2065,43720.0,99.33,4.669,25870.71,49363.88,107.77,4544.5,75.159
2026-05-20,6.3305,39920.0,99.09,4.57,26270.36,50009.35,98.26,4569.1,76.181
2026-05-21,6.294,36080.0,99.26,4.584,26293.1,50285.66,96.35,4576.6,76.732
2026-05-22,6.379,43000.0,99.24,4.572,26343.97,50579.7,96.6,4556.4,76.199
2026-05-26,6.397,57510.0,99.17,4.491,26656.18,50461.68,93.89,4502.3,76.606
2026-05-27,6.34,50880.0,99.21,4.481,26674.73,50644.28,88.68,4481.5,74.895
2026-05-28,6.426,38880.0,99.02,4.455,26917.47,50668.97,88.9,4532.4,75.912
2026-05-29,6.389,33100.0,98.91,4.453,26972.62,51032.46,87.36,4593.0,75.875
2026-06-01,6.5525,61550.0,99.2,4.477,27086.81,51078.88,92.16,4506.3,75.254
2026-06-02,6.6765,45210.0,99.22,4.455,27093.9,51307.79,93.76,4519.9,75.556
2026-06-03,6.5075,54180.0,99.53,4.491,26853.98,50687.07,96.02,4466.9,73.694
2026-06-04,6.535,38110.0,99.41,4.477,26830.96,51561.93,93.04,4505.0,73.971
2026-06-05,6.2845,67020.0,100.07,4.536,25709.43,50866.78,90.54,4365.3,69.103
2026-06-08,6.35,54860.0,100.04,4.55,25929.66,50786.01,91.3,4363.4,68.585
2026-06-09,6.322,59330.0,99.91,4.528,25678.82,50872.11,88.2,4286.4,65.24
2026-06-10,6.267,61700.0,99.95,4.54,25169.5,49918.78,90.03,4133.3,64.74
2026-06-11,6.275,63840.0,99.86,4.465,25809.66,50848.75,87.71,4114.0,64.001
2026-06-12,6.445,48960.0,99.75,4.485,25888.84,51202.26,84.88,4238.8,67.974
2026-06-15,6.496,44900.0,99.63,4.469,26683.94,51671.03,79.44,4351.6,70.18
2026-06-16,6.5035,46940.0,99.54,4.428,26376.34,51999.67,75.27,4354.4,70.013
2026-06-17,6.4935,60920.0,100.09,4.463,26021.66,51492.55,76.79,4381.4,70.767
2026-06-18,6.3855,45570.0,100.85,4.451,26517.93,51564.7,76.6,4245.9,66.319
2026-06-22,6.3655,53890.0,101.02,4.507,26166.6,51712.71,74.82,4202.7,65.583
2026-06-23,6.148,58380.0,101.41,4.493,25587.04,51666.84,73.21,4149.4,62.3
2026-06-24,5.9485,70660.0,101.61,4.4,25476.64,51848.9,70.34,4008.8,58.308
2026-06-25,6.1375,56720.0,101.43,4.392,25358.6,51920.62,71.92,4047.6,58.59
2026-06-26,6.207,48220.0,101.36,4.372,25297.62,51876.11,69.23,4096.3,59.464
2026-06-29,6.1635,35950.0,101.11,4.374,25820.14,52182.74,70.75,4038.9,58.632
2026-06-30,6.254,44300.0,101.19,4.422,26213.72,52319.2,69.5,4038.5,59.922
2026-07-01,6.1795,40040.0,101.39,4.475,26040.03,52305.24,68.58,4082.4,60.511
2026-07-02,6.169,26500.0,100.86,4.479,25832.67,52900.07,68.69,4125.7,61.064
2026-07-06,6.232,38690.0,100.85,4.479,26121.16,53055.91,68.55,4167.5,62.33
2026-07-07,6.226,28680.0,101.02,4.529,25818.69,52925.15,70.44,4157.4,61.33
2026-07-08,6.1075,43390.0,100.99,4.567,25870.65,52348.39,73.52,4082.4,58.54
2026-07-09,6.2655,38230.0,100.9,4.539,26206.89,52487.41,72.08,4140.8,60.748
2026-07-10,6.282,29910.0,100.95,4.569,26281.61,52637.01,71.41,4113.7,60.165
2026-07-13,6.281,39410.0,101.24,4.61,25873.18,52498.64,77.94,4005.7,57.972
2026-07-14,6.378,42000.0,100.92,4.585,26107.01,52508.27,78.68,4069.7,59.104
2026-07-15,6.341,29340.0,100.49,4.545,26269.23,52658.64,79.12,4051.8,57.433
2026-07-16,6.342,31220.0,100.76,4.569,25881.95,52552.97,78.28,3992.1,56.187
2026-07-17,6.265,44820.0,100.76,4.541,25520.24,52146.42,81.78,4018.8,56.326
2026-07-20,6.341,37410.0,100.95,4.598,25508.07,51839.26,82.48,4015.9,57.072
2026-07-21,6.5525,58010.0,101.17,4.628,25837.21,52224.64,84.34,4076.4,59.108
2026-07-22,6.4935,38900.0,101.13,4.657,25690.9,52218.58,83.64,4151.9,60.298
2026-07-23,6.3435,39510.0,101.44,4.703,25137.69,51711.65,87.01,4050.2,58.054
2026-07-24,6.3575,29470.0,101.47,4.679,24975.82,51947.25,85.15,4070.8,58.906
2026-07-27,6.379,33200.0,101.54,4.641,24932.08,52210.08,82.61,4077.0,58.712
2026-07-28,6.3595,39060.0,101.42,4.604,24876.91,52747.32,79.26,4038.7,57.529
2026-07-29,6.3115,44600.0,100.89,4.622,24442.94,51594.14,84.46,4097.0,58.089
2026-07-30,6.4745,48890.0,99.86,4.663,25122.18,52208.06,83.59,4160.6,59.017
2026-07-31,6.4655,41570.0,99.91,4.745,25373.85,52485.03,84.67,4107.0,57.786
2026-08-03,6.5405,44090.0,99.9,4.684,25913.9,53178.41,80.34,4090.5,57.856
2026-08-04,6.6435,53060.0,99.86,4.627,26584.99,54085.88,75.77,4152.6,60.245
2026-08-05,6.7275,48590.0,99.68,4.617,26363.44,54349.12,75.22,4305.2,62.288
2026-08-06,6.709,59890.0,99.93,4.67,26348.35,53885.1,77.29,4299.6,61.606
2026-08-07,6.591,61470.0,99.54,4.658,26690.62,54036.93,78.18,4399.7,63.499
2026-08-10,6.616,53320.0,99.81,4.698,26605.36,53975.98,81.16,4419.7,65.272
2026-08-11,6.634,47740.0,99.83,4.684,26445.45,53791.85,81.95,4441.1,64.935
2026-08-12,6.6155,48020.0,100.01,4.682,26588.49,53770.27,82.17,4467.5,65.7
2026-08-13,6.608,54800.0,99.96,4.641,26803.03,53839.99,80.44,4420.4,64.993
2026-08-14,6.613,38550.0,99.67,4.696,26729.16,53732.41,82.4,4437.3,65.108
2026-08-17,6.616,57860.0,99.64,4.724,26644.91,53459.78,84.5,4473.7,66.231
2026-08-18,6.4925,54110.0,99.66,4.706,26289.71,53343.4,84.06,4420.6,64.037
2026-08-19,6.496,52390.0,98.83,4.653,26331.09,53463.05,84.39,4545.3,65.825
2026-08-20,6.469,47470.0,98.89,4.698,26067.17,52759.21,86.83,4571.4,68.105
2026-08-21,6.587,49090.0,98.8,4.738,26180.46,53277.01,87.06,4680.6,69.466
2026-08-24,6.605,48540.0,99.0,4.704,25980.19,53417.16,85.01,4697.8,68.594
2026-08-25,6.714,46560.0,98.92,4.639,26151.3,53577.4,82.36,4694.5,68.682
2026-08-26,6.7015,49280.0,99.17,4.664,26130.2,53463.88,82.23,4653.3,68.026
2026-08-27,6.689,44380.0,99.16,4.672,26541.35,53569.44,83.53,4664.0,70.239
2026-08-28,6.659,38710.0,99.7,4.722,26402.42,53559.99,83.4,4529.9,67.786
2026-08-31,6.6875,29070.0,99.43,4.758,26370.89,53185.9,85.76,4481.5,66.99
2026-09-01,6.6005,48720.0,99.68,4.796,26099.77,52766.88,90.22,4396.4,65.369
2026-09-02,6.593,40650.0,99.6,4.794,26217.83,53061.95,91.01,4414.6,65.463
2026-09-03,6.6645,33330.0,98.91,4.762,26584.06,53686.11,91.3,4539.9,67.704
2026-09-04,6.6825,31180.0,99.18,4.784,26506.99,53414.25,91.48,4476.6,66.748
2026-09-08,6.8235,77060.0,98.79,4.804,26421.41,52786.07,93.03,4439.0,67.0
2026-09-09,6.8885,48740.0,98.82,4.837,26253.34,52380.66,96.05,4460.7,68.646
2026-09-10,6.5475,99610.0,99.05,4.944,26081.72,52064.1,102.48,4407.3,64.927
2026-09-11,6.548,42940.0,99.12,4.975,26333.04,52573.29,100.05,4408.9,65.188
2026-09-14,6.4045,56380.0,99.39,4.961,26186.41,52421.2,97.14,4351.9,64.138
2026-09-15,6.4435,36170.0,99.61,4.996,25981.57,52093.11,100.75,4332.8,63.856
2026-09-16,6.509,43560.0,100.25,5.004,25978.43,51461.9,102.43,4387.5,64.919
2026-09-17,6.6615,46840.0,100.25,4.947,26418.3,51778.04,101.91,4399.7,66.095
2026-09-18,6.6915,34530.0,100.22,4.996,26522.54,51682.64,96.08,4424.9,67.149
2026-09-21,6.7625,40140.0,100.43,4.963,27122.09,52048.83,92.37,4383.9,66.415
2026-09-22,6.836,43810.0,100.6,4.955,27244.28,51863.69,90.52,4376.4,66.53
2026-09-23,6.7535,40810.0,101.1,5.11,26936.04,51511.59,92.16,4318.4,64.964
2026-09-24,6.79,26000.0,101.29,5.193,26939.37,51349.98,94.61,4298.0,64.002
2026-09-25,6.779,25670.0,100.97,5.167,27068.72,51828.62,92.44,4320.5,64.71
