"Date","Price","Open","High","Low","Vol.","Change %"
"09/25/2026","64.710","64.280","65.505","63.787","36.18K","1.11%"
"09/24/2026","64.002","64.915","65.005","63.505","44.44K","-1.48%"
"09/23/2026","64.964","67.610","68.055","64.710","49.20K","-2.35%"
"09/22/2026","66.530","66.515","68.105","65.040","50.28K","0.17%"
"09/21/2026","66.415","66.685","67.555","66.200","37.01K","-1.09%"
"09/18/2026","67.149","65.765","67.895","65.740","44.53K","1.59%"
"09/17/2026","66.095","63.425","66.670","63.280","48.27K","1.81%"
"09/16/2026","64.919","64.185","65.465","62.750","54.74K","1.66%"
"09/15/2026","63.856","63.760","64.465","63.035","29.60K","-0.44%"
"09/14/2026","64.138","64.785","64.980","62.800","44.13K","-1.61%"
"09/11/2026","65.188","64.145","65.820","63.150","53.69K","0.40%"
"09/10/2026","64.927","67.945","68.585","64.015","71.69K","-5.42%"
"09/09/2026","68.646","66.440","68.980","66.130","54.87K","2.46%"
"09/08/2026","67.000","66.735","67.835","66.025","50.92K","-0.30%"
"09/07/2026","67.203","66.753","67.378","66.040","13.85K","0.66%"
"09/06/2026","66.765","66.758","66.910","66.488","","0.03%"
"09/04/2026","66.748","67.630","67.810","65.335","40.94K","-1.41%"
"09/03/2026","67.704","66.170","68.080","65.775","41.85K","3.42%"
"09/02/2026","65.463","64.695","66.175","63.880","39.89K","0.14%"
"09/01/2026","65.369","67.275","67.720","64.610","51.37K","-2.42%"
"08/31/2026","66.990","66.800","68.180","65.830","37.43K","-1.17%"
"08/28/2026","67.786","70.045","72.050","66.830","87.63K","-3.49%"
"08/27/2026","70.239","68.090","69.720","67.580","54.51K","3.25%"
"08/26/2026","68.026","68.630","69.750","67.485","51.33K","-0.96%"
"08/25/2026","68.682","68.965","69.985","67.385","52.18K","0.13%"
"08/24/2026","68.594","69.345","69.925","68.310","59.86K","-1.26%"
"08/21/2026","69.466","68.095","69.850","68.095","0.01K","2.00%"
"08/20/2026","68.105","67.080","69.045","65.755","69.58K","3.46%"
"08/19/2026","65.825","63.425","67.285","62.450","71.06K","2.79%"
"08/18/2026","64.037","65.895","66.685","63.270","48.96K","-3.31%"
"08/17/2026","66.231","65.060","66.735","64.850","40.61K","1.72%"
"08/14/2026","65.108","64.630","65.885","63.645","32.33K","0.18%"
"08/13/2026","64.993","65.455","66.450","64.315","50.69K","-1.08%"
"08/12/2026","65.700","64.875","66.980","64.810","53.29K","1.18%"
"08/11/2026","64.935","65.945","66.685","64.470","47.58K","-0.52%"
"08/10/2026","65.272","63.800","66.250","63.195","45.01K","2.79%"
"08/07/2026","63.499","61.855","65.480","61.420","66.44K","3.07%"
"08/06/2026","61.606","62.200","63.320","61.120","35.84K","-1.09%"
"08/05/2026","62.288","59.785","63.020","59.620","49.40K","3.39%"
"08/04/2026","60.245","58.380","60.285","58.185","41.71K","4.13%"
"08/03/2026","57.856","58.650","58.880","56.705","31.43K","0.12%"
"07/31/2026","57.786","59.260","59.405","57.220","28.16K","-2.09%"
"07/30/2026","59.017","57.975","59.570","57.120","32.83K","1.60%"
"07/29/2026","58.089","57.385","59.540","56.925","41.40K","0.97%"
"07/28/2026","57.529","58.745","58.825","56.865","32.77K","-2.01%"
"07/27/2026","58.712","59.810","60.395","58.430","29.44K","-0.33%"
"07/24/2026","58.906","57.920","59.290","57.360","26.67K","1.47%"
"07/23/2026","58.054","60.010","60.360","57.320","34.95K","-3.72%"
"07/22/2026","60.298","59.090","61.270","59.025","34.34K","2.01%"
"07/21/2026","59.108","56.705","59.550","56.380","38.15K","3.57%"
"07/20/2026","57.072","55.960","57.755","55.760","30.85K","1.32%"
"07/17/2026","56.326","55.835","56.475","55.000","32.27K","0.25%"
"07/16/2026","56.187","58.120","58.230","55.595","41.39K","-2.17%"
"07/15/2026","57.433","59.045","59.405","56.920","34.52K","-2.83%"
"07/14/2026","59.104","57.950","60.040","57.165","36.34K","1.95%"
"07/13/2026","57.972","59.710","59.795","57.595","34.29K","-3.64%"
"07/10/2026","60.165","60.415","61.195","59.245","24.16K","-0.96%"
"07/09/2026","60.748","58.885","61.030","57.955","30.88K","3.77%"
"07/08/2026","58.540","60.310","61.455","57.605","49.52K","-4.55%"
"07/07/2026","61.330","62.520","62.590","59.850","28.64K","-1.60%"
"07/06/2026","62.330","61.500","63.730","61.385","38.55K","-0.77%"
"07/03/2026","62.815","61.555","63.353","61.493","13.75K","2.87%"
"07/02/2026","61.064","59.750","62.580","59.415","38.01K","0.91%"
"07/01/2026","60.511","59.250","61.545","57.555","43.87K","0.98%"
"06/30/2026","59.922","58.770","60.910","57.065","45.34K","2.20%"
"06/29/2026","58.632","59.300","59.925","57.840","31.25K","-1.40%"
"06/26/2026","59.464","57.855","59.765","55.965","2.90K","1.49%"
"06/25/2026","58.590","57.820","59.225","56.770","1.56K","0.48%"
"06/24/2026","58.308","61.995","62.220","56.000","2.18K","-6.41%"
"06/23/2026","62.300","65.455","65.455","61.610","1.24K","-5.01%"
"06/22/2026","65.583","65.785","67.230","63.355","61.90K","1.04%"
"06/19/2026","64.910","65.370","65.590","63.355","19.08K","-2.12%"
"06/18/2026","66.319","68.040","69.920","65.185","45.52K","-6.29%"
"06/17/2026","70.767","70.135","71.650","66.850","52.83K","1.08%"
"06/16/2026","70.013","69.950","71.310","69.100","33.20K","-0.24%"
"06/15/2026","70.180","68.900","71.400","68.725","43.47K","3.25%"
"06/12/2026","67.974","67.495","68.445","65.965","45.25K","6.21%"
"06/11/2026","64.001","63.525","67.695","61.595","69.49K","-1.14%"
"06/10/2026","64.740","65.200","65.890","63.425","63.67K","-0.77%"
"06/09/2026","65.240","68.320","69.180","64.460","60.37K","-4.88%"
"06/08/2026","68.585","67.845","69.095","66.305","56.27K","-0.75%"
"06/05/2026","69.103","74.185","74.380","67.700","81.24K","-6.58%"
"06/04/2026","73.971","73.080","75.335","72.570","31.06K","0.38%"
"06/03/2026","73.694","75.495","75.625","72.835","34.97K","-2.46%"
"06/02/2026","75.556","75.155","77.355","74.770","31.89K","0.40%"
"06/01/2026","75.254","75.565","76.565","73.505","35.87K","-0.82%"
"05/29/2026","75.875","76.025","76.960","74.815","35.18K","-0.05%"
"05/28/2026","75.912","74.930","76.300","72.000","40.99K","1.36%"
"05/27/2026","74.895","77.330","77.900","73.720","39.38K","-2.23%"
"05/26/2026","76.606","76.750","79.250","75.760","44.53K","0.53%"
"05/22/2026","76.199","77.015","77.415","75.265","26.33K","-0.69%"
"05/21/2026","76.732","76.190","77.480","74.695","34.38K","0.72%"
"05/20/2026","76.181","74.080","76.995","73.390","37.66K","1.36%"
"05/19/2026","75.159","78.050","79.400","73.345","45.52K","-2.95%"
"05/18/2026","77.444","76.205","78.620","74.110","53.63K","-0.13%"
"05/15/2026","77.547","84.000","84.380","76.090","79.62K","-9.12%"
"05/14/2026","85.328","88.125","89.165","83.625","54.85K","-4.52%"
"05/13/2026","89.368","87.320","90.105","86.330","54.97K","4.41%"
"05/12/2026","85.591","86.740","88.000","83.670","62.90K","-0.42%"
"05/11/2026","85.948","80.150","86.975","79.530","65.56K","6.29%"
"05/08/2026","80.865","78.800","82.160","78.580","38.34K","0.85%"
"05/07/2026","80.180","77.830","82.675","77.455","61.62K","3.72%"
"05/06/2026","77.303","73.300","78.335","73.050","48.50K","5.06%"
"05/05/2026","73.581","73.170","74.645","72.805","21.55K","0.08%"
"05/04/2026","73.522","76.455","76.530","72.600","37.62K","-3.81%"
"05/01/2026","76.431","74.315","77.525","73.435","34.64K","3.25%"
"04/30/2026","74.028","71.760","74.400","71.650","29.45K","2.69%"
"04/29/2026","72.088","73.505","74.425","71.310","36.95K","-1.90%"
"04/28/2026","73.484","76.000","76.260","72.225","1.98K","-2.40%"
"04/27/2026","75.291","75.970","76.760","74.945","1.02K","-2.14%"
"04/24/2026","76.940","76.210","77.180","74.400","25.99K","1.16%"
"04/23/2026","76.060","78.285","78.925","74.775","33.93K","-2.44%"
"04/22/2026","77.961","76.840","78.630","76.615","33.23K","1.93%"
"04/21/2026","76.488","79.845","80.380","75.380","53.54K","-4.44%"
"04/20/2026","80.038","80.240","80.755","78.715","41.30K","-2.20%"
"04/17/2026","81.842","78.665","83.245","77.770","48.69K","3.98%"
"04/16/2026","78.710","79.195","81.035","78.160","35.32K","-1.15%"
"04/15/2026","79.628","79.705","81.155","78.305","40.93K","0.12%"
"04/14/2026","79.533","75.655","79.800","75.605","51.73K","5.11%"
"04/13/2026","75.665","74.850","76.000","72.545","42.17K","-1.07%"
"04/10/2026","76.480","75.500","77.005","74.880","35.11K","0.05%"
"04/09/2026","76.438","74.300","76.840","72.925","42.68K","1.40%"
"04/08/2026","75.385","73.450","77.800","73.345","58.46K","4.72%"
"04/07/2026","71.987","72.860","73.610","69.780","39.44K","-1.18%"
"04/06/2026","72.847","72.720","73.735","71.335","19.20K","-0.11%"
"04/03/2026","72.924","75.150","75.985","69.610","","0.00%"
"04/02/2026","72.924","75.150","75.985","69.610","53.38K","-4.15%"
"04/01/2026","76.078","75.480","76.265","74.000","35.87K","1.55%"
"03/31/2026","74.919","70.245","75.625","69.100","45.39K","6.16%"
"03/30/2026","70.569","69.350","72.025","67.700","31.43K","1.45%"
"03/27/2026","69.561","68.415","71.035","67.340","0.39K","2.75%"
"03/26/2026","67.697","70.570","71.910","66.750","0.48K","-6.49%"
"03/25/2026","72.395","71.470","74.470","71.065","0.89K","4.44%"
"03/24/2026","69.319","69.655","71.200","65.910","0.63K","0.30%"
"03/23/2026","69.109","66.655","70.725","61.200","1.49K","-0.80%"
"03/20/2026","69.664","72.830","74.620","67.740","49.91K","-2.18%"
"03/19/2026","71.215","75.365","76.755","65.550","82.02K","-8.22%"
"03/18/2026","77.592","79.390","80.320","75.015","48.50K","-2.91%"
"03/17/2026","79.921","80.920","82.760","78.375","28.08K","-0.94%"
"03/16/2026","80.682","80.295","81.820","77.125","42.63K","-0.81%"
"03/13/2026","81.343","83.910","85.620","79.520","48.94K","-4.43%"
"03/12/2026","85.112","86.065","87.695","83.120","34.18K","-0.49%"
"03/11/2026","85.535","88.505","89.705","84.555","40.53K","-4.53%"
"03/10/2026","89.592","87.275","90.385","86.805","41.85K","6.00%"
"03/09/2026","84.523","84.620","87.405","79.640","46.18K","0.25%"
"03/06/2026","84.311","82.555","85.335","81.785","41.41K","2.59%"
"03/05/2026","82.181","83.895","85.750","80.565","49.37K","-1.21%"
"03/04/2026","83.184","82.400","87.070","81.740","45.68K","-0.35%"
"03/03/2026","83.473","89.690","91.605","78.060","100.36K","-6.05%"
"03/02/2026","88.853","96.000","97.300","86.725","81.85K","-4.76%"
"02/27/2026","93.291","89.075","94.760","88.305","55.74K","6.52%"
"02/26/2026","87.584","89.560","90.990","85.545","58.39K","-4.08%"
"02/25/2026","91.307","87.300","91.640","86.860","2.67K","3.99%"
"02/24/2026","87.807","88.610","89.030","85.540","1.49K","1.06%"
"02/23/2026","86.889","84.900","89.050","84.900","1.28K","5.52%"
"02/20/2026","82.343","78.475","84.645","77.285","57.45K","6.07%"
"02/19/2026","77.634","77.145","79.405","76.300","39.92K","0.05%"
"02/18/2026","77.598","73.580","78.320","72.250","46.41K","5.52%"
"02/17/2026","73.540","77.550","78.420","71.815","72.73K","-3.58%"
"02/16/2026","76.270","76.265","77.438","74.685","15.77K","-0.02%"
"02/15/2026","76.287","77.527","78.420","74.650","","-2.15%"
"02/13/2026","77.964","75.175","79.265","73.745","56.88K","3.02%"
"02/12/2026","75.682","84.125","84.875","74.370","91.03K","-9.82%"
"02/11/2026","83.920","80.500","86.120","80.415","64.91K","4.40%"
"02/10/2026","80.384","83.215","83.745","79.615","56.17K","-2.25%"
"02/09/2026","82.234","78.100","83.760","78.100","71.60K","6.94%"
"02/06/2026","76.895","70.360","77.920","63.900","111.21K","0.24%"
"02/05/2026","76.714","87.645","89.830","70.175","165.09K","-9.10%"
"02/04/2026","84.396","84.915","92.015","83.000","113.34K","1.31%"
"02/03/2026","83.301","79.220","89.100","79.010","127.59K","8.17%"
"02/02/2026","77.009","84.300","88.000","71.200","167.86K","-1.94%"
"01/30/2026","78.531","115.885","118.450","74.000","317.24K","-31.37%"
"01/29/2026","114.429","116.625","121.785","106.610","193.65K","1.12%"
"01/28/2026","113.162","112.095","117.030","110.495","1.44K","7.17%"
"01/27/2026","105.592","104.760","112.750","102.595","1.72K","-8.30%"
"01/26/2026","115.148","104.970","117.265","101.510","1.95K","13.63%"
"01/23/2026","101.333","96.320","103.530","96.220","139.09K","5.15%"
"01/22/2026","96.372","92.790","96.735","90.680","108.42K","4.03%"
"01/21/2026","92.637","94.550","95.530","90.150","128.65K","-2.11%"
"01/20/2026","94.636","90.605","95.780","90.500","199.93K","0.87%"
"01/19/2026","93.820","93.635","94.740","92.283","79.94K","-7.41%"
"01/18/2026","101.333","90.605","103.530","90.150","436.99K","14.45%"
"01/11/2026","88.537","80.505","93.700","79.900","897.43K","11.72%"
"01/06/2026","79.250","81.285","82.585","78.100","57.33K","-2.21%"
"01/05/2026","81.039","76.530","81.485","75.700","136.39K","5.72%"
"01/04/2026","76.657","73.080","77.835","72.505","131.25K","7.94%"
"01/01/2026","71.015","71.500","74.210","70.515","99.77K","0.58%"
"12/30/2025","70.603","76.065","76.275","69.255","148.60K","-9.39%"
"12/29/2025","77.919","71.685","78.065","70.670","168.12K","10.59%"
"12/28/2025","70.460","80.000","82.670","70.215","248.84K","-8.73%"
"12/25/2025","77.196","72.725","79.700","72.720","171.24K","7.69%"
"12/23/2025","71.685","71.680","72.750","70.160","94.82K","0.77%"
"12/22/2025","71.137","69.080","71.795","68.725","128.80K","3.75%"
"12/21/2025","68.565","67.550","69.525","67.470","98.56K","1.59%"
"12/18/2025","67.489","65.415","67.680","64.465","96.49K","3.48%"
"12/17/2025","65.219","66.510","66.825","64.675","111.67K","-2.51%"
"12/16/2025","66.901","63.795","67.180","63.725","147.11K","5.65%"
"12/15/2025","63.323","64.110","64.205","62.115","95.99K","2.12%"
"12/11/2025","62.007","63.985","65.085","61.015","189.23K","-4.00%"
"12/10/2025","64.592","62.235","64.720","61.780","134.40K","5.84%"
"12/09/2025","61.029","61.110","62.390","60.550","119.07K","0.31%"
"12/08/2025","60.840","58.515","61.295","57.990","118.78K","4.17%"
"12/07/2025","58.405","58.765","59.070","57.770","61.21K","-1.10%"
"12/04/2025","59.053","57.560","59.900","57.320","104.52K","2.72%"
"12/03/2025","57.491","58.980","59.235","56.850","99.36K","-1.93%"
"12/02/2025","58.620","59.160","59.655","58.210","103.40K","-0.14%"
"12/01/2025","58.703","58.450","59.320","57.225","108.76K","-0.74%"
"11/30/2025","59.142","57.000","59.435","56.850","141.45K","3.46%"
"11/26/2025","57.163","53.755","57.245","53.220","97.73K","6.63%"
"11/25/2025","53.607","51.750","53.790","51.545","86.09K","5.18%"
"11/24/2025","50.965","51.160","51.510","50.320","49.59K","1.27%"
"11/23/2025","50.326","49.855","51.215","49.370","57.17K","0.83%"
"11/20/2025","49.913","50.395","50.555","48.050","106.79K","-0.77%"
"11/19/2025","50.301","51.060","51.570","49.925","96.74K","-1.09%"
"11/18/2025","50.854","50.550","52.245","50.145","99.44K","0.66%"
"11/17/2025","50.521","50.060","51.035","49.115","76.56K","-0.37%"
"11/16/2025","50.711","50.405","51.110","49.345","73.31K","0.05%"
"11/13/2025","50.686","52.200","53.375","49.860","130.25K","-4.67%"
"11/12/2025","53.170","53.275","54.415","51.985","126.58K","-0.54%"
"11/11/2025","53.457","51.075","53.625","50.760","105.12K","5.35%"
"11/10/2025","50.744","50.445","51.130","50.150","72.74K","0.86%"
"11/09/2025","50.311","48.295","50.480","48.235","81.07K","4.50%"
"11/06/2025","48.143","47.860","48.730","47.780","64.22K","0.40%"
"11/05/2025","47.950","47.850","48.615","47.410","52.20K","-0.15%"
"11/04/2025","48.022","46.900","48.115","46.520","48.01K","1.55%"
"11/03/2025","47.291","47.885","47.965","46.650","61.29K","-1.80%"
"10/30/2025","48.160","48.730","48.995","47.975","58.10K","-0.94%"
"10/29/2025","48.616","47.290","48.835","47.095","63.30K","1.47%"
"10/28/2025","47.913","47.135","48.510","46.920","75.85K","1.24%"
"10/27/2025","47.324","46.850","47.375","45.510","78.34K","-2.60%"
"10/23/2025","48.586","48.660","48.765","47.385","72.55K","-0.24%"
"10/22/2025","48.704","48.145","49.225","47.640","67.56K","2.15%"
"10/21/2025","47.681","48.130","48.650","46.820","113.83K","-0.05%"
"10/20/2025","47.704","51.370","51.615","47.120","158.67K","-4.79%"
"10/16/2025","50.104","53.425","53.765","49.660","182.73K","-5.99%"
"10/15/2025","53.296","52.590","53.615","51.195","145.09K","3.73%"
"10/14/2025","51.378","50.370","52.635","50.310","123.35K","1.49%"
"10/13/2025","50.622","50.755","52.495","48.750","181.88K","7.14%"
"10/09/2025","47.247","47.650","48.620","46.700","143.90K","0.19%"
"10/08/2025","47.157","48.450","49.965","46.890","190.55K","-3.75%"
"10/07/2025","48.994","47.665","49.195","47.530","99.32K","3.11%"
"10/06/2025","47.515","48.405","48.550","47.015","103.50K","0.76%"
"10/05/2025","47.157","48.060","49.965","46.700","537.27K","1.70%"
"10/02/2025","46.369","47.410","48.325","46.550","94.93K","-2.75%"
"10/01/2025","47.679","46.835","48.010","45.710","116.81K","2.23%"
"09/30/2025","46.640","47.135","47.975","46.815","96.86K","-0.80%"
"09/29/2025","47.016","46.420","47.390","45.960","101.72K","4.64%"
"09/25/2025","44.933","43.940","46.945","44.890","103.42K","2.07%"
"09/24/2025","44.020","44.150","45.500","44.060","100.81K","-0.94%"
"09/23/2025","44.437","44.115","44.625","43.885","61.23K","0.89%"
"09/22/2025","44.044","43.215","44.770","43.970","76.63K","4.57%"
"09/18/2025","42.118","42.000","43.405","41.930","75.30K","-0.08%"
"09/17/2025","42.152","42.875","42.250","41.495","58.34K","-1.78%"
"09/16/2025","42.917","43.200","42.940","41.480","90.89K","-0.10%"
"09/15/2025","42.962","42.725","43.435","42.615","64.81K","1.93%"
"09/11/2025","42.149","41.635","43.040","41.895","72.26K","1.32%"
"09/10/2025","41.600","41.340","42.330","41.330","60.28K","0.63%"
"09/09/2025","41.341","41.935","41.785","41.145","41.20K","-1.34%"
"09/08/2025","41.902","41.465","42.070","41.205","67.61K","1.17%"
"09/04/2025","41.417","41.810","42.100","41.160","69.58K","-1.53%"
"09/03/2025","42.060","41.725","41.830","41.065","67.31K","1.13%"
"09/02/2025","41.592","40.790","42.290","41.465","64.66K","2.29%"
"08/31/2025","40.662","40.757","41.995","40.555","126.51K","2.42%"
"08/28/2025","39.703","39.160","40.860","39.340","70.04K","1.66%"
"08/27/2025","39.056","39.035","39.860","39.155","56.61K","0.26%"
"08/26/2025","38.955","39.045","38.755","38.170","38.38K","-0.25%"
"08/25/2025","39.051","39.215","38.860","38.330","59.35K","2.55%"
"08/21/2025","38.079","37.890","39.090","37.675","72.11K","0.81%"
"08/20/2025","37.773","37.335","38.190","37.520","46.54K","1.18%"
"08/19/2025","37.332","38.075","37.915","36.960","53.94K","-1.83%"
"08/18/2025","38.029","38.040","38.200","37.240","50.87K","-0.11%"
"08/14/2025","38.069","38.580","38.120","37.725","34.91K","-1.38%"
"08/13/2025","38.602","37.935","38.780","37.860","54.76K","1.58%"
"08/12/2025","38.002","37.630","38.710","37.875","55.85K","0.57%"
"08/11/2025","37.787","38.540","38.090","37.515","67.39K","-1.32%"
"08/07/2025","38.294","37.935","38.875","38.180","79.67K","1.03%"
"08/06/2025","37.902","37.825","38.760","37.935","90.13K","0.21%"
"08/05/2025","37.823","37.445","38.020","37.620","41.79K","1.33%"
"08/04/2025","37.328","37.090","37.940","37.325","51.39K","1.68%"
"07/31/2025","36.712","37.160","37.240","36.400","66.42K","-2.72%"
"07/30/2025","37.739","38.400","37.285","36.280","68.24K","-0.95%"
"07/29/2025","38.101","38.145","38.420","36.805","72.76K","0.15%"
"07/28/2025","38.043","38.135","38.490","38.035","42.86K","-3.01%"
"07/24/2025","39.224","39.530","39.520","38.100","68.80K","-0.71%"
"07/23/2025","39.503","39.645","39.660","38.930","50.60K","-0.13%"
"07/22/2025","39.555","39.250","39.910","39.335","64.35K","0.56%"
"07/21/2025","39.334","38.420","39.720","39.025","58.28K","2.69%"
"07/17/2025","38.303","38.145","38.825","38.375","42.30K","0.48%"
"07/16/2025","38.119","37.985","38.460","37.685","44.73K","0.02%"
"07/15/2025","38.110","38.400","38.380","37.750","56.45K","-1.63%"
"07/14/2025","38.742","39.130","38.740","37.895","56.77K","3.85%"
"07/10/2025","37.305","36.600","39.225","37.510","101.61K","1.84%"
"07/09/2025","36.630","36.935","37.690","36.575","83.25K","-0.32%"
"07/08/2025","36.749","36.955","36.950","36.490","46.79K","-0.42%"
"07/07/2025","36.904","37.150","37.095","36.445","55.06K","-0.49%"
"07/03/2025","37.084","36.790","37.435","36.325","68.85K","0.97%"
"07/02/2025","36.727","36.245","37.315","36.570","55.65K","0.91%"
"07/01/2025","36.397","36.325","36.815","36.055","41.29K","0.62%"
"06/30/2025","36.172","36.150","36.875","36.055","54.05K","-1.59%"
"06/26/2025","36.757","36.395","36.975","35.950","67.93K","1.86%"
"06/25/2025","36.085","36.085","36.770","36.140","43.12K","1.08%"
"06/24/2025","35.701","35.830","36.275","35.630","48.36K","-1.25%"
"06/23/2025","36.153","36.160","36.165","35.195","76.74K","-2.06%"
"06/18/2025","36.913","37.205","36.820","35.515","95.42K","-0.64%"
"06/17/2025","37.151","36.370","37.405","36.540","60.67K","1.93%"
"06/16/2025","36.448","36.450","37.330","36.170","80.27K","0.42%"
"06/12/2025","36.295","36.360","36.770","36.040","58.85K","0.09%"
"06/11/2025","36.261","36.675","36.585","35.580","75.67K","-1.04%"
"06/10/2025","36.642","36.895","36.790","36.150","77.36K","-0.42%"
"06/09/2025","36.796","36.165","36.975","36.425","66.39K","2.77%"
"06/05/2025","35.805","34.650","36.510","35.755","85.16K","3.34%"
"06/04/2025","34.648","34.680","36.270","34.600","113.63K","0.04%"
"06/03/2025","34.633","34.920","34.825","34.355","50.00K","-0.18%"
"06/02/2025","34.694","33.130","34.935","34.165","75.48K","3.80%"
"05/29/2025","33.423","33.110","33.470","32.865","41.47K","0.79%"
"05/28/2025","33.160","33.380","33.655","32.800","50.05K","-0.45%"
"05/27/2025","33.311","33.610","33.580","33.035","41.20K","-0.85%"
"05/25/2025","33.595","33.618","33.745","32.880","60.14K","1.13%"
"05/22/2025","33.219","33.585","33.695","33.020","46.29K","-1.27%"
"05/21/2025","33.646","33.275","33.915","32.740","66.34K","1.42%"
"05/20/2025","33.174","32.500","33.780","33.125","59.59K","2.05%"
"05/19/2025","32.507","32.550","33.305","32.235","50.29K","-0.53%"
"05/15/2025","32.680","32.395","32.865","31.980","40.94K","0.73%"
"05/14/2025","32.444","33.085","32.820","31.780","45.07K","-1.98%"
"05/13/2025","33.100","32.800","33.150","32.255","47.79K","1.46%"
"05/12/2025","32.624","32.600","33.435","32.680","48.17K","0.02%"
"05/08/2025","32.617","32.575","33.040","32.360","32.46K","-0.53%"
"05/07/2025","32.791","33.470","33.095","32.370","48.49K","-1.77%"
"05/06/2025","33.381","32.695","33.480","32.415","49.63K","2.79%"
"05/05/2025","32.474","32.250","33.470","32.625","54.72K","0.02%"
"05/01/2025","32.469","32.810","32.975","32.120","40.59K","-1.09%"
"04/30/2025","32.828","33.195","32.865","31.860","43.16K","-2.23%"
"04/29/2025","33.577","33.400","33.345","32.385","53.71K","1.24%"
"04/28/2025","33.165","33.205","33.835","33.100","52.76K","-1.01%"
"04/24/2025","33.503","33.565","33.690","32.715","53.15K","-0.13%"
"04/23/2025","33.547","32.450","33.670","33.135","53.16K","1.95%"
"04/22/2025","32.905","32.640","33.675","32.050","87.82K","1.18%"
"04/21/2025","32.521","32.440","33.170","32.255","91.54K","-1.39%"
"04/16/2025","32.980","32.305","32.925","32.110","50.11K","2.11%"
"04/15/2025","32.297","32.280","33.175","32.255","63.04K","0.40%"
"04/14/2025","32.167","32.195","32.425","32.070","38.57K","4.58%"
"04/10/2025","30.759","30.990","32.210","30.865","92.34K","1.13%"
"04/09/2025","30.415","29.780","31.245","30.510","80.27K","2.46%"
"04/08/2025","29.686","30.090","31.065","29.255","96.91K","0.28%"
"04/07/2025","29.604","29.230","30.520","29.560","76.83K","-7.40%"
"04/03/2025","31.970","34.950","32.045","29.115","126.20K","-7.73%"
"04/02/2025","34.650","34.375","34.950","31.730","155.00K","0.99%"
"04/01/2025","34.309","34.770","35.155","34.290","63.07K","-0.87%"
"03/31/2025","34.611","34.825","34.960","34.160","54.48K","-0.84%"
"03/27/2025","34.905","34.050","35.495","34.645","68.62K","2.50%"
"03/26/2025","34.054","34.075","35.405","34.125","79.60K","0.09%"
"03/25/2025","34.023","33.300","34.500","34.065","44.01K","1.71%"
"03/24/2025","33.450","33.540","34.365","33.430","46.64K","-1.59%"
"03/20/2025","33.991","34.425","34.135","33.165","53.51K","-0.63%"
"03/19/2025","34.205","34.640","34.595","33.615","50.53K","-1.76%"
"03/18/2025","34.818","34.380","34.790","34.110","50.63K","1.49%"
"03/17/2025","34.308","34.410","35.000","34.325","57.45K","0.01%"
"03/13/2025","34.306","33.725","34.860","34.140","60.18K","1.67%"
"03/12/2025","33.743","33.375","34.680","33.435","74.49K","1.80%"
"03/11/2025","33.147","32.460","33.815","33.180","57.66K","1.90%"
"03/10/2025","32.530","32.945","33.445","32.215","57.93K","-2.42%"
"03/06/2025","33.338","33.235","33.310","32.560","59.37K","0.62%"
"03/05/2025","33.134","32.560","33.380","32.860","51.41K","2.33%"
"03/04/2025","32.381","32.265","33.310","32.395","65.24K","0.22%"
"03/03/2025","32.310","31.715","32.660","32.030","50.89K","0.62%"
"02/27/2025","32.110","32.535","31.930","31.365","54.60K","-0.95%"
"02/26/2025","32.419","32.270","32.595","31.765","63.24K","1.39%"
"02/25/2025","31.976","32.890","32.300","31.790","36.52K","-2.40%"
"02/24/2025","32.763","33.045","32.790","31.600","72.76K","-2.16%"
"02/20/2025","33.486","33.150","33.540","32.810","63.37K","1.34%"
"02/19/2025","33.043","33.420","33.785","33.085","56.84K","-0.99%"
"02/18/2025","33.373","32.680","33.640","32.885","53.73K","1.98%"
"02/13/2025","32.726","32.710","34.240","32.585","107.87K","-0.18%"
"02/12/2025","32.785","32.255","33.045","32.455","56.02K","1.43%"
"02/11/2025","32.322","32.495","32.870","31.875","65.37K","-0.52%"
"02/10/2025","32.491","32.180","32.660","31.650","67.81K","-0.41%"
"02/06/2025","32.626","32.755","33.165","32.175","79.69K","-1.06%"
"02/05/2025","32.976","32.870","32.915","32.150","53.86K","-0.14%"
"02/04/2025","33.022","32.540","33.215","32.630","67.88K","1.52%"
"02/03/2025","32.526","32.460","33.195","32.225","61.87K","0.10%"
"01/30/2025","32.493","31.580","32.920","32.115","65.34K","3.93%"
"01/29/2025","31.264","30.780","32.815","31.560","68.27K","1.66%"
"01/28/2025","30.755","30.440","31.765","30.755","60.92K","1.56%"
"01/27/2025","30.283","30.615","30.960","30.235","38.93K","-1.40%"
"01/23/2025","30.712","31.180","31.685","30.825","49.24K","-2.25%"
"01/22/2025","31.420","31.555","31.395","30.465","66.71K","-0.24%"
"01/21/2025","31.496","31.085","31.710","31.115","41.70K","-0.72%"
"01/16/2025","31.725","31.600","31.640","30.910","49.19K","0.62%"
"01/15/2025","31.531","30.545","31.985","31.535","48.24K","3.89%"
"01/14/2025","30.351","30.305","31.650","30.370","51.15K","0.14%"
"01/13/2025","30.309","31.305","30.580","30.115","41.98K","-2.28%"
"01/09/2025","31.015","30.730","31.840","30.700","65.41K","1.06%"
"01/08/2025","30.690","30.655","31.270","30.650","39.72K","0.01%"
"01/07/2025","30.686","30.485","31.045","30.455","44.22K","0.34%"
"01/06/2025","30.583","30.095","31.025","30.410","48.06K","2.28%"
"01/02/2025","29.900","29.310","30.380","29.935","32.80K","1.66%"
"12/30/2024","29.412","29.980","29.480","29.200","27.41K","-2.72%"
"12/26/2024","30.234","30.190","30.465","29.890","29.44K","0.58%"
"12/23/2024","30.060","30.040","30.370","30.110","16.98K","2.66%"
"12/19/2024","29.282","29.665","30.235","29.195","58.03K","-4.34%"
"12/18/2024","30.610","30.730","30.140","29.145","67.60K","-0.60%"
"12/17/2024","30.796","30.910","31.045","29.755","49.41K","-0.42%"
"12/16/2024","30.927","30.880","31.110","30.615","39.63K","-1.76%"
"12/12/2024","31.482","32.880","31.630","30.755","61.92K","-4.09%"
"12/11/2024","32.823","32.540","33.330","31.495","93.75K","0.65%"
"12/10/2024","32.612","32.460","33.140","32.410","78.14K","0.40%"
"12/09/2024","32.481","31.460","32.795","32.305","61.73K","3.42%"
"12/05/2024","31.406","31.815","31.935","31.320","61.55K","-1.20%"
"12/04/2024","31.786","31.360","31.950","31.505","50.78K","1.35%"
"12/03/2024","31.363","30.925","32.070","31.065","75.75K","2.02%"
"12/02/2024","30.742","30.785","31.570","30.920","54.34K","0.94%"
"11/27/2024","30.455","30.930","31.375","30.095","72.02K","-0.37%"
"11/26/2024","30.567","30.510","31.185","30.435","58.51K","0.56%"
"11/25/2024","30.396","31.700","30.740","30.025","55.22K","-2.26%"
"11/21/2024","31.099","31.110","31.470","30.805","62.70K","-0.19%"
"11/20/2024","31.159","31.465","31.380","30.715","62.74K","-0.82%"
"11/19/2024","31.417","31.415","31.420","30.860","56.01K","0.12%"
"11/18/2024","31.379","30.530","31.615","31.125","60.77K","2.13%"
"11/14/2024","30.724","30.540","30.900","30.260","56.03K","-0.30%"
"11/13/2024","30.817","31.160","30.740","29.750","77.00K","-0.32%"
"11/12/2024","30.915","30.935","31.255","30.385","71.74K","0.48%"
"11/11/2024","30.768","31.575","30.930","30.280","73.67K","-3.89%"
"11/07/2024","32.013","31.440","32.170","31.300","73.37K","1.68%"
"11/06/2024","31.485","32.935","32.265","30.960","79.34K","-4.40%"
"11/05/2024","32.934","32.735","32.850","30.940","123.53K","0.52%"
"11/04/2024","32.765","32.720","33.055","32.355","50.45K","-0.57%"
"10/31/2024","32.953","34.010","33.250","32.460","68.25K","-3.74%"
"10/30/2024","34.234","34.740","34.040","32.640","95.03K","-0.60%"
"10/29/2024","34.441","33.845","34.690","33.565","73.11K","1.29%"
"10/28/2024","34.001","33.830","34.725","33.765","75.73K","0.61%"
"10/24/2024","33.795","33.875","34.195","33.260","69.50K","-0.13%"
"10/23/2024","33.839","35.055","34.480","33.420","79.66K","-3.43%"
"10/22/2024","35.041","34.010","35.070","33.610","100.74K","2.83%"
"10/21/2024","34.078","33.900","35.070","33.970","86.07K","7.25%"
"10/17/2024","31.774","31.905","33.970","31.855","104.14K","-0.63%"
"10/16/2024","31.974","31.685","32.220","31.485","62.55K","0.69%"
"10/15/2024","31.756","31.400","32.385","31.600","50.22K","1.41%"
"10/14/2024","31.316","31.730","31.890","30.950","53.23K","0.24%"
"10/10/2024","31.240","30.710","31.845","31.260","44.08K","1.86%"
"10/09/2024","30.670","30.860","31.400","30.570","55.40K","0.23%"
"10/08/2024","30.600","31.945","31.005","30.435","52.15K","-4.39%"
"10/07/2024","32.004","32.450","32.020","30.345","96.75K","-1.42%"
"10/03/2024","32.464","32.100","33.225","31.755","86.41K","1.70%"
"10/02/2024","31.920","31.705","32.485","31.650","56.40K","0.56%"
"10/01/2024","31.742","31.420","32.590","31.260","71.06K","0.90%"
"09/30/2024","31.458","31.945","32.145","31.380","61.99K","-2.29%"
"09/26/2024","32.195","32.040","32.590","31.635","75.15K","1.02%"
"09/25/2024","31.870","32.330","33.020","32.035","94.20K","-1.27%"
"09/24/2024","32.280","30.900","32.610","31.870","85.61K","4.33%"
"09/23/2024","30.940","30.915","32.600","30.960","115.08K","-1.09%"
"09/19/2024","31.281","30.355","31.755","31.040","76.17K","2.42%"
"09/18/2024","30.542","30.670","31.625","30.220","77.05K","-0.95%"
"09/17/2024","30.834","30.955","31.585","30.035","85.43K","-0.50%"
"09/16/2024","30.990","31.100","31.350","30.860","48.35K","3.41%"
"09/12/2024","29.967","29.040","31.280","30.190","84.16K","4.08%"
"09/11/2024","28.793","28.880","30.250","28.850","80.35K","1.08%"
"09/10/2024","28.484","28.500","29.215","28.390","69.78K","-0.13%"
"09/09/2024","28.521","27.960","28.890","28.360","47.04K","-1.52%"
"09/05/2024","28.960","28.470","29.470","28.010","89.00K","1.90%"
"09/04/2024","28.421","28.050","29.550","28.535","64.09K","0.76%"
"09/03/2024","28.208","28.650","28.715","28.110","46.98K","-3.56%"
"09/01/2024","29.250","29.188","29.350","28.055","91.64K","-1.93%"
"08/29/2024","29.827","29.560","30.000","29.080","60.31K","1.66%"
"08/28/2024","29.340","30.140","30.085","29.540","70.38K","-2.61%"
"08/27/2024","30.125","30.055","30.100","29.080","42.40K","-0.10%"
"08/26/2024","30.155","30.030","30.110","29.700","50.31K","3.32%"
"08/22/2024","29.185","29.730","29.915","28.945","72.56K","-1.65%"
"08/21/2024","29.676","29.525","29.700","28.795","76.46K","0.06%"
"08/20/2024","29.659","29.610","29.770","29.230","51.59K","0.74%"
"08/19/2024","29.440","29.220","30.035","29.255","75.64K","3.12%"
"08/15/2024","28.548","27.810","29.095","28.085","62.56K","3.93%"
"08/14/2024","27.469","28.055","28.580","27.525","87.14K","-1.60%"
"08/13/2024","27.916","28.000","28.175","27.230","65.28K","-0.77%"
"08/12/2024","28.134","27.630","28.135","27.510","57.95K","1.45%"
"08/08/2024","27.733","27.025","27.840","27.325","61.40K","2.45%"
"08/07/2024","27.069","27.150","27.690","26.505","71.71K","-0.99%"
"08/06/2024","27.341","27.550","27.365","26.665","65.06K","0.01%"
"08/05/2024","27.338","28.720","27.670","26.700","64.12K","-4.44%"
"08/01/2024","28.607","29.070","29.355","28.060","100.39K","-1.60%"
"07/31/2024","29.073","28.965","29.290","28.335","78.38K","1.35%"
"07/30/2024","28.685","28.435","29.185","28.390","62.49K","2.94%"
"07/29/2024","27.866","28.060","28.560","27.765","54.37K","-0.39%"
"07/25/2024","27.975","29.075","28.220","27.750","61.46K","-4.57%"
"07/24/2024","29.316","29.420","29.080","27.555","117.21K","-0.05%"
"07/23/2024","29.331","29.315","29.630","29.065","54.91K","0.03%"
"07/22/2024","29.321","29.425","29.480","28.825","54.42K","-2.99%"
"07/18/2024","30.224","30.505","30.030","29.060","78.42K","-0.50%"
"07/17/2024","30.377","31.495","30.800","29.940","71.73K","-3.44%"
"07/16/2024","31.458","30.930","31.655","30.255","97.92K","1.69%"
"07/15/2024","30.936","31.100","31.635","30.720","69.79K","-2.32%"
"07/11/2024","31.671","31.070","31.725","30.620","72.45K","2.12%"
"07/10/2024","31.014","31.085","32.015","31.070","79.92K","-0.14%"
"07/09/2024","31.056","31.020","31.445","30.915","50.63K","0.46%"
"07/08/2024","30.913","31.475","31.435","30.785","54.92K","0.23%"
"07/03/2024","30.842","29.815","31.790","30.450","100.15K","3.99%"
"07/02/2024","29.658","29.765","30.975","29.770","75.32K","0.15%"
"07/01/2024","29.613","29.445","30.125","29.490","52.27K","1.22%"
"06/27/2024","29.256","29.080","29.955","29.070","51.91K","0.57%"
"06/26/2024","29.091","29.145","29.575","28.990","63.25K","0.22%"
"06/25/2024","29.028","29.735","29.095","28.580","52.02K","-2.21%"
"06/24/2024","29.685","29.750","29.690","28.855","81.09K","-4.18%"
"06/20/2024","30.981","29.740","30.905","29.505","104.47K","4.25%"
"06/18/2024","29.717","29.720","30.845","29.410","130.79K","0.58%"
"06/17/2024","29.545","29.710","29.760","28.985","71.78K","1.13%"
"06/13/2024","29.216","29.860","29.650","28.905","76.88K","-3.96%"
"06/12/2024","30.422","29.630","29.830","28.730","116.61K","3.53%"
"06/11/2024","29.386","29.515","30.355","29.280","109.79K","-2.14%"
"06/10/2024","30.030","29.455","29.985","29.135","85.65K","-4.76%"
"06/06/2024","31.532","30.615","31.670","29.220","139.79K","4.31%"
"06/05/2024","30.229","29.960","31.470","30.065","95.06K","1.54%"
"06/04/2024","29.772","31.070","30.185","29.525","69.64K","-3.78%"
"06/03/2024","30.942","30.765","31.040","29.505","110.38K","-2.33%"
"05/30/2024","31.680","32.500","31.945","30.345","112.55K","-2.14%"
"05/29/2024","32.373","32.310","32.280","31.180","98.38K","0.73%"
"05/28/2024","32.137","30.565","32.515","31.780","87.06K","4.63%"
"05/26/2024","30.715","30.545","32.450","30.555","142.58K","0.85%"
"05/23/2024","30.455","31.015","30.835","30.235","55.07K","-3.31%"
"05/22/2024","31.496","32.225","31.185","30.265","107.27K","-1.81%"
"05/21/2024","32.078","32.055","32.440","30.965","93.21K","-1.07%"
"05/20/2024","32.426","31.850","32.720","31.280","112.62K","8.54%"
"05/16/2024","29.876","29.900","31.850","29.700","132.93K","0.49%"
"05/15/2024","29.729","28.855","30.105","29.555","91.44K","3.58%"
"05/14/2024","28.702","28.420","29.990","28.675","117.42K","0.91%"
"05/13/2024","28.443","28.420","28.985","28.310","70.50K","0.27%"
"05/09/2024","28.365","27.560","29.000","28.270","77.59K","2.77%"
"05/08/2024","27.601","27.475","28.580","27.515","79.43K","0.21%"
"05/07/2024","27.544","27.715","27.725","27.240","51.14K","-0.25%"
"05/06/2024","27.614","26.810","27.770","27.390","47.44K","2.93%"
"05/02/2024","26.829","26.905","27.140","26.345","65.99K","0.30%"
"05/01/2024","26.748","26.550","27.065","26.255","63.28K","0.35%"
"04/30/2024","26.654","27.455","27.250","26.520","64.62K","-3.64%"
"04/29/2024","27.660","27.500","27.455","26.515","87.80K","0.57%"
"04/25/2024","27.502","27.385","27.745","27.090","68.25K","0.02%"
"04/24/2024","27.496","27.450","27.610","27.000","83.80K","-0.05%"
"04/23/2024","27.511","27.420","27.525","27.060","70.17K","0.42%"
"04/22/2024","27.397","28.780","27.420","26.715","107.52K","-3.98%"
"04/18/2024","28.532","28.455","29.010","28.120","89.50K","-0.07%"
"04/17/2024","28.553","28.405","28.735","28.210","72.23K","0.09%"
"04/16/2024","28.526","29.140","28.895","28.145","102.41K","-1.18%"
"04/15/2024","28.866","28.380","29.100","28.030","107.02K","1.64%"
"04/11/2024","28.401","28.115","29.905","27.945","191.81K","0.70%"
"04/10/2024","28.204","28.460","28.600","27.840","89.11K","0.25%"
"04/09/2024","28.134","28.180","28.655","27.640","157.99K","0.64%"
"04/08/2024","27.956","27.435","28.440","27.725","125.25K","2.09%"
"04/04/2024","27.385","27.455","27.615","26.400","122.33K","0.70%"
"04/03/2024","27.195","26.460","27.455","26.785","104.38K","4.37%"
"04/02/2024","26.057","25.400","27.325","26.235","139.59K","3.39%"
"04/01/2024","25.203","25.360","26.295","25.195","133.45K","1.30%"
"03/27/2024","24.879","24.855","25.130","24.505","74.08K","1.04%"
"03/26/2024","24.623","24.845","24.790","24.445","57.54K","-1.08%"
"03/25/2024","24.891","24.850","25.055","24.515","69.88K","-0.46%"
"03/21/2024","25.007","25.790","25.110","24.580","57.39K","-0.39%"
"03/20/2024","25.104","25.090","25.975","24.820","104.11K","-0.12%"
"03/19/2024","25.135","25.250","25.835","24.930","68.27K","-0.51%"
"03/18/2024","25.265","25.400","25.360","24.920","49.79K","0.82%"
"03/14/2024","25.060","25.225","25.660","25.000","76.16K","-0.38%"
"03/13/2024","25.156","24.335","25.370","24.950","74.03K","3.12%"
"03/12/2024","24.394","24.675","25.250","24.275","79.33K","-1.30%"
"03/11/2024","24.715","24.580","24.900","24.220","75.85K","0.56%"
"03/07/2024","24.578","24.400","24.860","24.380","85.10K","0.35%"
"03/06/2024","24.493","23.895","24.735","24.225","85.24K","2.12%"
"03/05/2024","23.984","24.125","24.535","23.785","83.30K","-0.03%"
"03/04/2024","23.991","23.370","24.455","23.845","98.92K","4.83%"
"02/29/2024","22.885","22.675","23.485","22.710","71.03K","1.10%"
"02/28/2024","22.636","22.670","23.000","22.500","56.32K","-0.07%"
"02/27/2024","22.651","22.605","22.735","22.470","44.45K","0.06%"
"02/26/2024","22.638","23.030","22.710","22.405","38.67K","-1.14%"
"02/22/2024","22.899","23.035","23.030","22.580","62.49K","-0.39%"
"02/21/2024","22.989","23.255","23.200","22.760","52.30K","-1.12%"
"02/20/2024","23.250","23.530","23.220","22.790","57.99K","-0.87%"
"02/18/2024","23.453","23.473","23.510","22.955","98.23K","1.70%"
"02/15/2024","23.061","22.720","23.560","22.840","76.89K","2.52%"
"02/14/2024","22.495","22.135","23.090","22.400","96.31K","1.03%"
"02/13/2024","22.266","22.635","22.515","21.975","80.92K","-2.68%"
"02/12/2024","22.878","22.995","23.050","22.030","93.53K","0.57%"
"02/08/2024","22.749","22.405","22.795","22.420","49.62K","1.24%"
"02/07/2024","22.471","22.490","22.705","22.195","68.12K","-0.52%"
"02/06/2024","22.588","22.570","22.535","22.275","58.21K","0.24%"
"02/05/2024","22.534","22.770","22.575","22.340","43.92K","-3.48%"
"02/01/2024","23.347","23.435","23.355","22.485","90.02K","0.28%"
"01/31/2024","23.282","23.410","23.365","22.605","85.16K","-0.26%"
"01/30/2024","23.343","23.550","23.445","22.895","66.91K","0.40%"
"01/29/2024","23.251","22.920","23.430","23.055","53.37K","1.41%"
"01/25/2024","22.927","22.800","23.100","22.810","44.28K","0.17%"
"01/24/2024","22.889","22.570","23.155","22.765","57.18K","1.90%"
"01/23/2024","22.462","22.200","23.090","22.465","77.93K","0.74%"
"01/22/2024","22.296","22.745","22.580","22.165","49.42K","-2.24%"
"01/18/2024","22.807","22.715","22.980","22.595","41.45K","0.61%"
"01/17/2024","22.669","23.095","22.900","22.520","46.15K","-1.84%"
"01/16/2024","23.093","23.350","23.110","22.660","52.25K","-0.99%"
"01/14/2024","23.323","23.350","23.500","23.015","61.42K","2.72%"
"01/11/2024","22.705","23.085","23.720","22.915","72.37K","-1.57%"
"01/10/2024","23.066","23.160","23.400","22.630","81.74K","-0.11%"
"01/09/2024","23.091","23.315","23.290","22.935","44.06K","-0.94%"
"01/08/2024","23.310","23.380","23.565","23.080","42.90K","0.53%"
"01/04/2024","23.187","23.190","23.715","22.970","62.46K","0.13%"
"01/03/2024","23.157","23.885","23.260","22.880","52.98K","-3.32%"
"01/02/2024","23.953","24.045","23.950","23.045","86.46K","-0.40%"
"01/01/2024","24.050","24.027","24.335","23.875","47.42K","-1.32%"
"12/28/2023","24.372","24.550","24.235","23.760","46.55K","-0.63%"
"12/27/2023","24.526","24.380","24.740","24.185","35.69K","0.99%"
"12/26/2023","24.285","24.380","24.730","24.220","43.84K","-0.92%"
"12/25/2023","24.510","24.475","24.700","24.340","27.81K","0.17%"
"12/21/2023","24.468","24.420","24.895","24.370","48.68K","-0.20%"
"12/20/2023","24.516","24.285","24.790","24.430","46.76K","1.28%"
"12/19/2023","24.206","24.025","24.750","24.245","46.98K","0.88%"
"12/18/2023","23.994","23.980","24.475","24.040","37.54K","-1.15%"
"12/14/2023","24.273","23.980","24.590","24.050","57.00K","6.39%"
"12/13/2023","22.815","22.850","24.525","24.060","97.58K","-0.40%"
"12/12/2023","22.906","23.020","24.125","22.785","81.89K","-0.20%"
"12/11/2023","22.953","23.225","23.450","22.975","55.16K","-4.13%"
"12/07/2023","23.942","24.125","24.225","23.245","87.08K","-0.71%"
"12/06/2023","24.112","24.475","24.350","23.905","57.75K","-1.30%"
"12/05/2023","24.430","24.780","24.715","24.210","59.37K","-1.44%"
"12/04/2023","24.786","26.050","25.020","24.320","76.73K","-2.96%"
"11/30/2023","25.541","25.375","25.940","25.480","70.00K","0.79%"
"11/29/2023","25.342","25.430","25.700","25.325","51.62K","1.10%"
"11/28/2023","25.066","24.815","25.680","25.245","67.40K","1.06%"
"11/27/2023","24.803","24.510","25.065","24.585","59.63K","4.18%"
"11/22/2023","23.808","23.960","24.395","23.610","66.33K","-0.75%"
"11/21/2023","23.989","23.695","24.005","23.580","54.28K","1.08%"
"11/20/2023","23.732","23.835","24.080","23.470","65.70K","-1.33%"
"11/16/2023","24.053","23.665","24.220","23.730","54.40K","1.67%"
"11/15/2023","23.659","23.270","24.165","23.350","83.27K","1.76%"
"11/14/2023","23.249","22.530","23.710","23.095","72.28K","3.43%"
"11/13/2023","22.477","22.500","23.255","22.150","76.30K","-2.37%"
"11/09/2023","23.023","22.610","22.800","22.230","63.95K","0.77%"
"11/08/2023","22.846","22.720","23.070","22.415","74.59K","0.60%"
"11/07/2023","22.709","23.245","22.935","22.375","66.63K","-2.77%"
"11/06/2023","23.355","23.395","23.170","22.505","79.03K","1.67%"
"11/02/2023","22.971","23.235","23.415","22.675","76.96K","0.26%"
"11/01/2023","22.912","22.970","23.240","22.755","45.12K","-0.71%"
"10/31/2023","23.075","23.555","23.130","22.645","54.80K","-1.89%"
"10/30/2023","23.519","23.325","23.465","22.840","54.68K","2.67%"
"10/26/2023","22.908","23.005","23.255","22.775","46.57K","-0.43%"
"10/25/2023","23.007","23.060","23.275","22.565","59.31K","-0.47%"
"10/24/2023","23.116","23.095","23.160","22.690","55.00K","-0.40%"
"10/23/2023","23.210","23.505","23.350","22.805","48.11K","0.78%"
"10/19/2023","23.031","23.015","23.880","23.015","82.80K","-0.29%"
"10/18/2023","23.099","22.975","23.230","22.785","58.63K","0.33%"
"10/17/2023","23.024","22.780","23.490","22.840","66.39K","1.14%"
"10/16/2023","22.765","22.910","23.180","22.535","48.47K","3.67%"
"10/12/2023","21.959","22.205","22.990","21.960","76.26K","-0.79%"
"10/11/2023","22.133","22.015","22.390","21.880","51.30K","0.82%"
"10/10/2023","21.953","22.030","22.275","21.955","45.00K","0.13%"
"10/09/2023","21.924","21.940","22.110","21.775","43.79K","4.31%"
"10/05/2023","21.019","21.180","21.780","20.940","84.53K","-0.60%"
"10/04/2023","21.146","21.375","21.455","20.855","57.84K","-1.08%"
"10/03/2023","21.377","21.310","21.570","20.850","68.61K","-0.21%"
"10/02/2023","21.421","22.410","21.595","20.870","82.34K","-5.80%"
"09/28/2023","22.741","22.800","23.805","22.325","112.99K","0.58%"
"09/27/2023","22.609","22.940","22.955","22.610","67.24K","-2.07%"
"09/26/2023","23.086","23.170","23.120","22.640","66.47K","-0.82%"
"09/25/2023","23.277","23.695","23.390","23.100","52.63K","-1.29%"
"09/21/2023","23.582","23.335","24.050","23.665","53.72K","-0.62%"
"09/20/2023","23.728","23.225","23.745","23.060","73.84K","1.61%"
"09/19/2023","23.351","23.490","23.880","23.325","57.73K","-0.21%"
"09/18/2023","23.399","23.220","23.705","23.365","40.41K","2.17%"
"09/14/2023","22.902","22.985","23.585","22.910","67.11K","-0.77%"
"09/13/2023","23.080","23.295","23.265","22.555","84.60K","-0.95%"
"09/12/2023","23.301","23.345","23.390","23.025","49.96K","0.08%"
"09/11/2023","23.282","23.280","23.480","23.110","40.98K","0.64%"
"09/07/2023","23.134","23.200","23.455","23.130","52.75K","-1.12%"
"09/06/2023","23.397","23.710","23.500","23.130","50.65K","-1.54%"
"09/05/2023","23.762","24.255","23.935","23.315","67.14K","-3.14%"
"09/03/2023","24.532","24.540","24.655","23.815","91.77K","-0.65%"
"08/31/2023","24.692","25.020","25.220","24.520","61.53K","-1.15%"
"08/30/2023","24.978","25.135","25.060","24.745","47.18K","0.31%"
"08/29/2023","24.901","24.385","25.425","24.920","67.03K","2.18%"
"08/28/2023","24.369","24.410","24.845","24.205","52.92K","0.11%"
"08/24/2023","24.343","24.415","24.440","23.970","56.33K","-0.62%"
"08/23/2023","24.495","23.600","24.420","24.115","68.76K","4.00%"
"08/22/2023","23.553","23.470","24.430","23.475","89.90K","0.47%"
"08/21/2023","23.443","22.840","23.515","23.265","53.82K","2.73%"
"08/17/2023","22.821","22.735","22.920","22.670","54.78K","0.81%"
"08/16/2023","22.637","22.795","23.070","22.390","66.43K","-0.54%"
"08/15/2023","22.759","22.885","22.855","22.445","46.54K","-0.24%"
"08/14/2023","22.813","22.725","22.770","22.265","61.48K","-0.51%"
"08/10/2023","22.929","22.835","22.910","22.610","52.69K","0.39%"
"08/09/2023","22.841","23.015","23.060","22.665","75.61K","-0.35%"
"08/08/2023","22.922","23.330","22.990","22.680","69.55K","-1.84%"
"08/07/2023","23.352","23.760","23.255","22.720","82.66K","-1.95%"
"08/03/2023","23.816","23.725","23.895","23.275","58.39K","-0.73%"
"08/02/2023","23.991","24.645","23.940","23.410","63.14K","-1.86%"
"08/01/2023","24.445","24.540","24.630","23.760","73.95K","-2.58%"
"07/31/2023","25.092","24.585","24.905","24.255","52.95K","2.98%"
"07/27/2023","24.367","25.075","24.545","24.240","38.73K","-2.41%"
"07/26/2023","24.970","24.870","25.325","24.180","83.21K","0.59%"
"07/25/2023","24.824","24.525","25.210","24.675","56.99K","0.99%"
"07/24/2023","24.581","24.790","24.910","24.450","49.47K","-1.53%"
"07/20/2023","24.962","25.345","25.110","24.765","36.91K","-1.67%"
"07/19/2023","25.387","25.275","25.475","24.895","59.02K","0.52%"
"07/18/2023","25.256","25.060","25.460","25.145","43.19K","0.95%"
"07/17/2023","25.018","25.155","25.405","24.975","60.83K","0.28%"
"07/13/2023","24.949","24.330","25.255","24.910","73.14K","2.63%"
"07/12/2023","24.310","23.325","25.110","24.310","90.28K","4.42%"
"07/11/2023","23.281","23.335","24.375","23.310","82.58K","-0.27%"
"07/10/2023","23.345","23.340","23.595","23.220","34.71K","1.99%"
"07/06/2023","22.890","23.355","23.365","22.800","48.81K","-2.19%"
"07/05/2023","23.402","23.120","23.470","22.720","61.14K","1.25%"
"07/03/2023","23.112","22.995","23.535","22.970","81.91K","1.38%"
"06/29/2023","22.798","22.940","23.050","22.540","44.56K","-0.80%"
"06/28/2023","22.981","22.965","23.110","22.485","55.88K","-0.30%"
"06/27/2023","23.049","22.890","22.995","22.600","34.71K","0.55%"
"06/26/2023","22.923","22.550","23.150","22.785","48.75K","1.58%"
"06/22/2023","22.567","22.770","22.710","22.140","53.21K","-1.50%"
"06/21/2023","22.911","23.330","22.750","22.200","57.67K","-1.81%"
"06/20/2023","23.334","24.270","23.230","22.515","78.46K","-3.57%"
"06/18/2023","24.198","24.235","24.260","23.100","110.46K","0.64%"
"06/15/2023","24.044","24.055","24.290","23.910","62.35K","-0.69%"
"06/14/2023","24.212","23.965","24.010","23.270","90.80K","1.18%"
"06/13/2023","23.929","24.330","24.175","23.715","61.20K","-0.98%"
"06/12/2023","24.165","24.290","24.520","23.665","73.64K","-1.19%"
"06/08/2023","24.455","23.630","24.620","24.280","63.77K","3.46%"
"06/07/2023","23.638","23.640","24.460","23.510","84.07K","-0.59%"
"06/06/2023","23.779","23.690","24.165","23.480","73.33K","0.15%"
"06/05/2023","23.743","23.870","23.870","23.410","44.28K","-1.46%"
"06/01/2023","24.096","23.830","24.120","23.660","62.06K","1.69%"
"05/31/2023","23.696","23.475","24.030","23.355","76.91K","1.47%"
"05/30/2023","23.353","23.620","23.735","23.160","76.73K","-0.26%"
"05/28/2023","23.413","23.430","23.510","23.030","79.06K","2.20%"
"05/25/2023","22.910","23.185","23.460","22.785","59.82K","-1.42%"
"05/24/2023","23.240","23.590","23.260","22.800","63.12K","-1.63%"
"05/23/2023","23.624","23.800","23.655","23.140","52.10K","-0.99%"
"05/22/2023","23.861","24.020","23.810","23.235","61.00K","0.96%"
"05/18/2023","23.633","23.940","24.185","23.555","56.31K","-1.10%"
"05/17/2023","23.897","23.915","23.960","23.485","46.40K","0.02%"
"05/16/2023","23.893","24.265","24.060","23.715","49.65K","-1.64%"
"05/15/2023","24.291","24.100","24.275","23.805","63.67K","-0.54%"
"05/11/2023","24.424","25.545","24.405","23.910","72.51K","-4.81%"
"05/10/2023","25.658","25.840","25.700","24.325","107.00K","-0.93%"
"05/09/2023","25.898","25.790","26.200","25.455","77.95K","0.25%"
"05/08/2023","25.834","25.945","25.930","25.570","45.73K","-1.50%"
"05/04/2023","26.227","25.910","26.435","25.410","68.60K","2.13%"
"05/03/2023","25.681","25.650","26.360","25.700","73.18K","0.24%"
"05/02/2023","25.619","25.245","25.910","25.355","52.18K","1.54%"
"05/01/2023","25.230","25.460","25.765","24.820","62.31K","0.08%"
"04/27/2023","25.209","25.170","25.350","24.980","44.91K","0.95%"
"04/26/2023","24.972","25.135","25.410","24.745","70.92K","-0.02%"
"04/25/2023","24.978","25.330","25.325","24.815","64.25K","-1.70%"
"04/24/2023","25.411","25.280","25.435","24.530","73.90K","-0.26%"
"04/20/2023","25.478","25.475","25.475","24.985","61.58K","0.03%"
"04/19/2023","25.471","25.150","25.585","25.155","64.38K","0.41%"
"04/18/2023","25.368","25.210","25.460","24.715","74.68K","0.68%"
"04/17/2023","25.197","25.470","25.430","25.030","48.69K","-3.22%"
"04/13/2023","26.035","25.715","26.235","25.265","94.54K","1.85%"
"04/12/2023","25.563","25.515","26.115","25.515","75.42K","1.06%"
"04/11/2023","25.296","25.195","25.825","25.175","89.02K","1.10%"
"04/10/2023","25.020","25.100","25.275","24.970","54.83K","-0.49%"
"04/05/2023","25.143","25.235","25.175","24.695","49.82K","-0.23%"
"04/04/2023","25.201","24.105","25.295","24.785","66.17K","4.49%"
"04/03/2023","24.118","24.050","25.195","23.970","80.73K","0.17%"
"03/30/2023","24.076","23.630","24.310","23.830","59.67K","2.60%"
"03/29/2023","23.466","23.470","24.100","23.370","67.10K","0.20%"
"03/28/2023","23.420","23.210","23.555","23.205","42.58K","1.19%"
"03/27/2023","23.145","23.485","23.515","22.960","42.18K","-0.48%"
"03/23/2023","23.256","23.100","23.705","23.125","65.53K","2.06%"
"03/22/2023","22.786","22.510","23.360","22.900","60.54K","1.61%"
"03/21/2023","22.425","22.665","23.240","22.410","56.69K","-0.98%"
"03/20/2023","22.646","22.710","22.785","22.290","45.06K","4.40%"
"03/16/2023","21.692","21.925","22.765","21.785","68.62K","-0.87%"
"03/15/2023","21.882","21.795","22.210","21.590","56.94K","-0.72%"
"03/14/2023","22.040","21.920","22.525","21.605","89.43K","0.53%"
"03/13/2023","21.923","20.720","22.090","21.465","75.57K","8.72%"
"03/09/2023","20.165","20.125","20.875","19.945","73.69K","0.07%"
"03/08/2023","20.151","20.165","20.355","20.025","47.40K","-0.24%"
"03/07/2023","20.199","21.140","20.290","19.955","60.89K","-4.43%"
"03/06/2023","21.135","21.385","21.215","20.105","69.32K","1.12%"
"03/02/2023","20.901","21.085","21.385","20.910","53.40K","-0.92%"
"03/01/2023","21.095","21.030","21.100","20.760","45.16K","0.11%"
"02/28/2023","21.071","20.740","21.285","20.945","57.92K","1.34%"
"02/27/2023","20.793","20.915","21.125","20.505","61.59K","-2.73%"
"02/23/2023","21.376","21.610","21.395","20.725","53.88K","-1.71%"
"02/22/2023","21.748","21.970","21.670","21.260","52.99K","-1.01%"
"02/21/2023","21.970","21.770","22.000","21.435","50.98K","1.72%"
"02/19/2023","21.598","21.753","21.995","21.555","86.91K","-0.97%"
"02/16/2023","21.810","21.840","21.800","21.155","67.93K","0.70%"
"02/15/2023","21.659","21.800","21.790","21.400","56.29K","-1.38%"
"02/14/2023","21.961","21.845","21.875","21.385","55.51K","0.09%"
"02/13/2023","21.942","22.020","22.040","21.585","73.82K","-1.34%"
"02/09/2023","22.241","22.545","22.310","21.830","68.26K","-1.24%"
"02/08/2023","22.520","22.420","22.615","21.915","67.99K","1.09%"
"02/07/2023","22.277","22.415","22.560","22.205","56.97K","-0.27%"
"02/06/2023","22.337","22.655","22.485","22.065","72.08K","-5.81%"
"02/02/2023","23.715","24.450","23.665","22.325","111.87K","0.05%"
"02/01/2023","23.703","24.010","24.750","23.495","110.84K","-0.95%"
"01/31/2023","23.930","23.860","24.150","23.440","65.33K","0.46%"
"01/30/2023","23.821","23.905","23.865","23.050","66.63K","-0.83%"
"01/26/2023","24.020","24.055","24.120","23.390","65.13K","0.33%"
"01/25/2023","23.941","23.765","24.415","23.690","85.57K","0.81%"
"01/24/2023","23.749","23.565","24.065","23.440","56.58K","0.83%"
"01/23/2023","23.554","24.055","23.855","23.310","51.75K","-1.32%"
"01/19/2023","23.870","23.595","24.225","23.830","56.90K","0.94%"
"01/18/2023","23.647","24.090","24.075","23.270","66.63K","-1.75%"
"01/17/2023","24.068","24.450","24.500","23.550","82.10K","-1.42%"
"01/15/2023","24.415","24.422","24.670","23.975","86.02K","1.71%"
"01/12/2023","24.004","23.530","24.445","23.620","59.83K","2.23%"
"01/11/2023","23.481","23.720","24.330","23.500","73.11K","-0.78%"
"01/10/2023","23.665","23.775","24.190","23.340","57.03K","-0.86%"
"01/09/2023","23.871","24.025","23.905","23.550","42.92K","1.91%"
"01/05/2023","23.424","23.940","24.055","23.345","55.42K","-2.25%"
"01/04/2023","23.964","24.175","24.060","23.260","60.08K","-1.12%"
"01/03/2023","24.236","24.305","24.640","23.745","62.31K","-0.38%"
"01/02/2023","24.328","24.177","24.775","24.095","69.96K","0.32%"
"12/29/2022","24.250","23.725","24.360","23.705","40.89K","2.08%"
"12/28/2022","23.756","24.115","24.280","23.690","36.90K","-1.60%"
"12/27/2022","24.142","23.935","24.275","23.645","34.29K","0.36%"
"12/26/2022","24.055","24.008","24.495","23.975","45.23K","2.10%"
"12/22/2022","23.561","24.085","24.095","23.685","31.56K","-2.32%"
"12/21/2022","24.121","24.305","24.315","23.550","46.20K","-0.26%"
"12/20/2022","24.183","23.095","24.525","24.055","36.77K","4.61%"
"12/19/2022","23.117","23.305","24.490","23.050","72.52K","-0.48%"
"12/15/2022","23.229","24.075","23.445","22.735","51.26K","-3.41%"
"12/14/2022","24.049","23.865","24.180","23.155","61.90K","0.59%"
"12/13/2022","23.909","23.565","24.275","23.605","51.52K","2.55%"
"12/12/2022","23.314","23.435","24.390","23.490","74.31K","0.68%"
"12/08/2022","23.157","22.715","23.900","23.140","53.44K","1.40%"
"12/07/2022","22.837","22.400","23.425","22.725","44.88K","2.61%"
"12/06/2022","22.256","22.435","23.010","22.255","51.54K","-0.30%"
"12/05/2022","22.324","23.310","22.780","22.190","49.86K","-2.03%"
"12/01/2022","22.786","22.680","23.475","22.480","74.94K","4.87%"
"11/30/2022","21.727","21.755","23.005","22.240","73.64K","1.57%"
"11/29/2022","21.392","21.130","22.410","21.355","63.51K","1.86%"
"11/28/2022","21.002","21.520","21.635","21.060","46.73K","-2.02%"
"11/23/2022","21.436","21.170","21.730","21.175","53.89K","1.45%"
"11/22/2022","21.130","20.975","21.630","20.925","50.25K","0.85%"
"11/21/2022","20.952","21.110","21.370","20.860","56.89K","-0.48%"
"11/17/2022","21.054","21.605","21.325","20.870","45.48K","-2.55%"
"11/16/2022","21.604","21.725","21.535","20.785","68.30K","0.05%"
"11/15/2022","21.593","22.090","22.155","21.455","71.72K","-2.64%"
"11/14/2022","22.178","21.735","22.380","21.450","94.52K","1.86%"
"11/10/2022","21.772","21.280","22.160","21.355","77.86K","1.83%"
"11/09/2022","21.381","21.495","21.940","21.045","92.92K","-0.86%"
"11/08/2022","21.567","20.900","21.695","21.055","80.56K","2.79%"
"11/07/2022","20.981","20.650","21.720","20.570","95.95K","7.68%"
"11/03/2022","19.485","19.455","20.965","19.425","112.10K","-0.86%"
"11/02/2022","19.654","19.675","19.555","18.805","71.23K","-0.38%"
"11/01/2022","19.728","19.160","20.110","19.200","63.23K","2.84%"
"10/31/2022","19.184","19.010","20.040","19.085","79.39K","-1.59%"
"10/27/2022","19.494","19.555","19.620","18.950","51.84K","0.04%"
"10/26/2022","19.486","19.325","19.660","19.255","58.01K","0.71%"
"10/25/2022","19.349","19.195","19.765","19.180","55.63K","0.83%"
"10/24/2022","19.189","19.395","19.410","18.740","54.44K","2.68%"
"10/20/2022","18.689","18.405","19.405","18.205","85.07K","1.80%"
"10/19/2022","18.359","18.685","18.960","18.150","57.78K","-1.30%"
"10/18/2022","18.600","18.625","18.755","18.305","36.44K","-0.64%"
"10/17/2022","18.719","18.160","18.865","18.490","39.82K","-1.05%"
"10/13/2022","18.918","19.010","19.055","18.010","69.61K","-0.11%"
"10/12/2022","18.938","19.175","19.290","18.410","73.30K","-2.82%"
"10/11/2022","19.487","19.630","19.310","18.840","57.22K","-0.65%"
"10/10/2022","19.615","20.185","19.725","19.050","60.40K","-5.06%"
"10/06/2022","20.660","20.750","20.875","20.020","60.63K","0.56%"
"10/05/2022","20.544","21.120","20.930","20.400","49.26K","-2.63%"
"10/04/2022","21.099","20.745","21.135","19.985","80.04K","2.48%"
"10/03/2022","20.589","18.995","21.310","20.680","73.44K","10.03%"
"09/29/2022","18.712","18.910","19.300","18.745","53.86K","-0.68%"
"09/28/2022","18.841","18.360","18.915","18.465","59.25K","2.95%"
"09/27/2022","18.302","18.380","18.965","17.895","83.80K","-0.82%"
"09/26/2022","18.453","18.525","18.785","18.295","63.09K","-5.79%"
"09/22/2022","19.587","19.235","19.745","18.760","82.52K","0.72%"
"09/21/2022","19.447","19.660","19.890","19.250","63.37K","1.57%"
"09/20/2022","19.146","19.525","19.960","19.230","70.73K","-0.90%"
"09/19/2022","19.319","19.555","19.605","19.070","42.27K","0.48%"
"09/15/2022","19.227","19.410","19.640","18.770","58.15K","-1.53%"
"09/14/2022","19.525","19.265","19.625","19.110","50.66K","0.39%"
"09/13/2022","19.449","19.410","19.685","19.215","47.43K","-1.85%"
"09/12/2022","19.816","18.810","19.930","19.295","76.43K","7.68%"
"09/08/2022","18.402","18.325","18.860","18.445","43.86K","1.00%"
"09/07/2022","18.220","17.820","18.665","18.240","53.20K","1.97%"
"09/06/2022","17.868","17.845","18.400","17.740","49.64K","1.34%"
"09/01/2022","17.632","17.700","18.165","17.620","62.96K","-1.22%"
"08/31/2022","17.849","17.960","17.865","17.400","66.96K","-2.17%"
"08/30/2022","18.244","18.675","18.390","17.800","63.46K","-1.92%"
"08/29/2022","18.602","18.750","18.700","18.225","58.00K","-2.85%"
"08/25/2022","19.147","19.155","19.345","18.680","53.72K","1.08%"
"08/24/2022","18.942","19.045","19.260","18.955","46.31K","-0.64%"
"08/23/2022","19.064","18.885","19.105","18.815","42.82K","0.77%"
"08/22/2022","18.918","19.050","19.155","18.650","52.28K","-3.02%"
"08/18/2022","19.508","19.810","19.480","18.925","55.57K","-1.36%"
"08/17/2022","19.776","20.205","19.885","19.410","46.16K","-1.75%"
"08/16/2022","20.128","20.265","20.240","19.630","49.57K","-0.93%"
"08/15/2022","20.317","20.810","20.250","19.860","41.92K","-0.38%"
"08/11/2022","20.394","20.610","20.850","20.190","46.59K","-1.90%"
"08/10/2022","20.790","20.545","20.605","20.190","56.53K","1.26%"
"08/09/2022","20.531","20.670","20.830","20.315","65.02K","-0.64%"
"08/08/2022","20.664","19.825","20.740","20.400","53.85K","2.43%"
"08/04/2022","20.173","20.015","20.280","19.470","62.13K","1.13%"
"08/03/2022","19.947","19.920","20.380","19.930","49.82K","-1.20%"
"08/02/2022","20.189","20.460","20.140","19.750","47.27K","-1.09%"
"08/01/2022","20.412","20.500","20.495","19.915","64.54K","2.48%"
"07/28/2022","19.918","19.185","20.350","19.825","64.59K","7.09%"
"07/27/2022","18.600","18.535","20.000","19.010","86.52K","0.35%"
"07/26/2022","18.535","18.330","19.095","18.360","62.26K","1.13%"
"07/25/2022","18.328","18.540","18.620","18.285","40.82K","-2.09%"
"07/21/2022","18.719","18.610","18.880","18.420","47.28K","0.27%"
"07/20/2022","18.668","18.695","18.805","18.120","58.42K","-0.24%"
"07/19/2022","18.713","18.655","19.030","18.565","42.47K","-0.67%"
"07/18/2022","18.840","18.675","18.845","18.510","36.80K","3.37%"
"07/14/2022","18.225","19.180","18.695","18.095","53.07K","-5.05%"
"07/13/2022","19.194","18.870","19.180","18.010","82.27K","1.24%"
"07/12/2022","18.958","19.055","19.360","18.790","63.75K","-0.91%"
"07/11/2022","19.132","19.265","19.135","18.630","53.27K","-0.29%"
"07/07/2022","19.188","19.170","19.390","18.935","43.11K","0.15%"
"07/06/2022","19.159","19.155","19.435","19.035","42.48K","0.20%"
"07/05/2022","19.121","19.880","19.325","18.705","66.25K","-6.05%"
"06/30/2022","20.352","20.725","20.290","19.295","75.67K","-1.86%"
"06/29/2022","20.738","20.840","20.785","20.145","61.10K","-0.48%"
"06/28/2022","20.839","21.170","21.065","20.610","53.00K","-1.60%"
"06/27/2022","21.178","21.245","21.355","20.720","42.01K","0.58%"
"06/23/2022","21.056","21.435","21.205","20.545","72.54K","-1.91%"
"06/22/2022","21.465","21.555","21.495","20.890","71.94K","-1.60%"
"06/21/2022","21.813","21.600","21.675","21.205","55.92K","-0.52%"
"06/16/2022","21.928","21.705","21.965","21.560","43.90K","2.17%"
"06/15/2022","21.463","21.260","21.970","21.320","52.32K","2.20%"
"06/14/2022","21.000","21.120","21.845","20.970","70.54K","-1.43%"
"06/13/2022","21.305","22.080","21.360","20.845","59.21K","-2.56%"
"06/09/2022","21.864","22.135","22.020","21.235","78.78K","-1.28%"
"06/08/2022","22.148","22.120","22.165","21.535","63.62K","-0.38%"
"06/07/2022","22.233","22.310","22.275","21.795","44.94K","0.39%"
"06/06/2022","22.147","22.310","22.300","21.840","51.45K","-0.82%"
"06/02/2022","22.330","21.950","22.525","21.860","37.47K","1.68%"
"06/01/2022","21.962","21.540","22.380","21.785","35.94K","1.04%"
"05/31/2022","21.737","21.815","21.995","21.410","51.15K","-1.04%"
"05/26/2022","21.965","21.975","22.475","21.940","38.41K","0.43%"
"05/25/2022","21.870","22.115","22.075","21.730","29.70K","-0.87%"
"05/24/2022","22.063","21.770","22.145","21.725","32.08K","1.57%"
"05/23/2022","21.723","21.780","22.215","21.645","36.83K","-0.84%"
"05/19/2022","21.908","21.430","22.080","21.580","34.79K","1.69%"
"05/18/2022","21.544","21.665","22.010","21.250","41.28K","-0.95%"
"05/17/2022","21.750","21.650","21.750","21.365","33.87K","0.92%"
"05/16/2022","21.551","21.105","21.925","21.520","39.23K","3.75%"
"05/12/2022","20.773","21.555","21.125","20.420","58.68K","-3.72%"
"05/11/2022","21.575","21.210","21.625","20.590","82.00K","0.70%"
"05/10/2022","21.424","21.770","21.970","21.200","80.77K","-1.81%"
"05/09/2022","21.820","22.395","22.085","21.155","78.50K","-2.78%"
"05/05/2022","22.443","23.040","22.665","22.110","59.54K","0.18%"
"05/04/2022","22.402","22.600","23.345","22.325","71.88K","-1.16%"
"05/03/2022","22.665","22.700","23.125","22.220","58.06K","0.36%"
"05/02/2022","22.584","22.785","22.890","22.440","43.73K","-2.58%"
"04/28/2022","23.181","23.365","23.650","22.710","55.33K","-1.29%"
"04/27/2022","23.483","23.650","23.455","22.940","57.59K","-0.38%"
"04/26/2022","23.572","23.790","23.765","23.275","37.58K","-0.53%"
"04/25/2022","23.698","24.180","23.975","23.445","45.15K","-3.89%"
"04/21/2022","24.657","25.300","24.740","24.080","65.63K","-2.55%"
"04/20/2022","25.303","25.210","25.310","24.480","69.61K","-0.48%"
"04/19/2022","25.426","26.045","25.400","24.980","44.95K","-2.88%"
"04/18/2022","26.181","26.110","26.195","25.165","65.30K","0.46%"
"04/13/2022","26.060","25.620","26.115","25.460","51.61K","1.13%"
"04/12/2022","25.769","25.275","26.070","25.530","62.66K","2.99%"
"04/11/2022","25.022","24.985","25.840","25.025","74.87K","0.96%"
"04/07/2022","24.785","24.515","24.935","24.495","50.94K","1.13%"
"04/06/2022","24.509","24.625","24.780","24.335","48.61K","-0.32%"
"04/05/2022","24.588","24.900","24.680","24.200","47.18K","-0.19%"
"04/04/2022","24.636","24.750","25.110","24.355","49.22K","-2.07%"
"03/31/2022","25.158","24.780","25.040","24.565","44.25K","0.05%"
"03/30/2022","25.146","25.010","25.285","24.670","36.61K","1.66%"
"03/29/2022","24.736","25.010","25.265","24.855","38.79K","-1.83%"
"03/28/2022","25.196","25.725","25.135","24.045","76.19K","-2.79%"
"03/24/2022","25.920","25.285","26.035","25.470","37.91K","2.90%"
"03/23/2022","25.189","24.915","26.160","25.170","61.00K","1.14%"
"03/22/2022","24.904","25.410","25.370","24.780","34.15K","-1.62%"
"03/21/2022","25.313","25.150","25.590","24.695","45.76K","-1.18%"
"03/17/2022","25.616","25.240","25.640","24.980","38.06K","3.67%"
"03/16/2022","24.710","25.115","25.750","25.165","40.14K","-1.78%"
"03/15/2022","25.158","25.260","25.250","24.550","46.30K","-0.55%"
"03/14/2022","25.298","26.280","25.315","24.750","47.79K","-3.65%"
"03/10/2022","26.256","26.060","26.350","25.695","51.55K","1.70%"
"03/09/2022","25.816","26.925","26.425","25.600","55.85K","-4.01%"
"03/08/2022","26.895","25.805","27.390","25.730","87.11K","4.57%"
"03/07/2022","25.720","26.025","27.495","25.550","127.21K","2.01%"
"03/03/2022","25.212","25.450","25.920","25.155","70.86K","0.09%"
"03/02/2022","25.190","25.505","25.665","25.075","57.47K","-1.37%"
"03/01/2022","25.541","24.455","25.545","24.960","69.47K","4.82%"
"02/28/2022","24.366","24.620","25.650","24.345","68.56K","-1.34%"
"02/24/2022","24.697","24.655","24.550","23.920","67.32K","0.50%"
"02/23/2022","24.574","24.140","25.670","23.860","107.56K","1.00%"
"02/22/2022","24.331","24.080","24.620","24.050","62.69K","1.79%"
"02/17/2022","23.903","23.580","24.115","23.700","52.87K","1.14%"
"02/16/2022","23.633","23.425","23.930","23.440","60.05K","1.13%"
"02/15/2022","23.369","24.010","23.670","23.290","47.87K","-2.13%"
"02/14/2022","23.877","23.700","24.015","23.070","61.87K","1.41%"
"02/10/2022","23.545","23.680","23.710","22.855","77.04K","0.78%"
"02/09/2022","23.362","23.290","23.735","23.145","77.91K","0.61%"
"02/08/2022","23.221","22.845","23.365","23.095","52.98K","0.53%"
"02/07/2022","23.098","22.575","23.265","22.770","52.51K","3.13%"
"02/03/2022","22.397","22.635","22.690","22.100","47.76K","-1.47%"
"02/02/2022","22.730","22.675","22.660","21.985","55.03K","0.50%"
"02/01/2022","22.618","22.750","22.875","22.465","38.34K","0.89%"
"01/31/2022","22.419","22.575","23.060","22.405","48.40K","-1.13%"
"01/27/2022","22.676","23.565","22.830","22.150","63.81K","-4.75%"
"01/26/2022","23.807","23.850","23.625","22.585","82.12K","-0.37%"
"01/25/2022","23.896","24.045","24.025","23.460","55.62K","0.40%"
"01/24/2022","23.800","24.305","24.045","23.635","53.18K","-3.71%"
"01/20/2022","24.716","24.185","24.640","24.205","62.05K","2.00%"
"01/19/2022","24.231","23.505","24.755","24.125","75.61K","3.15%"
"01/18/2022","23.492","22.995","24.265","23.430","73.90K","1.42%"
"01/13/2022","23.162","23.190","23.345","22.845","50.67K","-0.19%"
"01/12/2022","23.207","22.820","23.315","23.025","53.38K","1.73%"
"01/11/2022","22.812","22.500","23.260","22.680","55.76K","1.56%"
"01/10/2022","22.462","22.385","22.860","22.480","48.87K","1.23%"
"01/06/2022","22.190","22.810","22.460","21.945","57.76K","-4.23%"
"01/05/2022","23.170","23.095","22.850","22.000","73.89K","0.49%"
"01/04/2022","23.056","22.920","23.300","22.750","41.19K","1.08%"
"01/03/2022","22.810","23.385","23.140","22.655","44.91K","-1.08%"
"12/30/2021","23.060","22.870","23.390","23.070","30.39K","0.92%"
"12/29/2021","22.850","23.000","23.155","22.630","30.54K","-1.14%"
"12/28/2021","23.113","23.170","23.185","22.600","40.03K","0.57%"
"12/27/2021","22.981","22.880","23.480","23.005","42.75K","0.78%"
"12/22/2021","22.804","22.455","22.965","22.680","33.91K","1.29%"
"12/21/2021","22.513","22.240","22.860","22.440","35.70K","1.04%"
"12/20/2021","22.281","22.260","22.805","22.185","45.67K","-0.85%"
"12/16/2021","22.471","22.165","22.690","22.355","39.31K","4.37%"
"12/15/2021","21.530","21.825","22.560","21.930","56.37K","-1.73%"
"12/14/2021","21.909","21.910","22.130","21.410","65.04K","-1.82%"
"12/13/2021","22.315","22.230","22.355","21.670","52.45K","1.43%"
"12/09/2021","22.001","22.435","22.240","21.815","43.90K","-1.88%"
"12/08/2021","22.422","22.415","22.475","21.840","58.89K","-0.40%"
"12/07/2021","22.512","22.310","22.580","22.305","28.91K","1.17%"
"12/06/2021","22.252","22.530","22.625","22.230","38.83K","-0.23%"
"12/02/2021","22.304","22.480","22.590","22.035","54.13K","-0.09%"
"12/01/2021","22.324","22.945","22.505","22.215","45.19K","-2.08%"
"11/30/2021","22.799","22.870","23.060","22.185","65.42K","-0.16%"
"11/29/2021","22.836","23.160","23.355","22.705","68.03K","-2.88%"
"11/24/2021","23.514","23.680","23.735","22.915","61.28K","0.26%"
"11/23/2021","23.452","24.245","23.695","23.400","54.62K","-3.56%"
"11/22/2021","24.318","24.670","24.340","23.280","93.87K","-2.41%"
"11/18/2021","24.919","25.200","25.040","24.610","67.98K","-1.06%"
"11/17/2021","25.185","24.880","25.230","24.730","63.62K","0.89%"
"11/16/2021","24.963","25.185","25.285","24.850","54.35K","-0.64%"
"11/15/2021","25.124","25.420","25.490","24.825","77.00K","-0.77%"
"11/11/2021","25.320","24.735","25.470","24.925","66.39K","2.13%"
"11/10/2021","24.791","24.315","25.365","24.645","82.02K","1.87%"
"11/09/2021","24.337","24.545","25.220","24.040","131.56K","-0.91%"
"11/08/2021","24.561","24.170","24.565","24.090","65.11K","2.64%"
"11/04/2021","23.930","23.635","24.255","23.665","73.24K","2.92%"
"11/03/2021","23.251","23.565","24.115","23.485","68.46K","-1.16%"
"11/02/2021","23.524","24.120","23.665","23.045","67.16K","-2.35%"
"11/01/2021","24.091","23.990","24.140","23.430","63.00K","-0.20%"
"10/28/2021","24.139","24.150","24.140","23.705","57.80K","-0.21%"
"10/27/2021","24.191","24.220","24.310","24.020","45.96K","0.43%"
"10/26/2021","24.088","24.650","24.330","23.905","48.09K","-2.05%"
"10/25/2021","24.592","24.395","24.655","23.925","61.76K","1.75%"
"10/21/2021","24.170","24.370","24.920","24.185","83.28K","-1.12%"
"10/20/2021","24.445","23.710","24.550","24.070","58.68K","2.35%"
"10/19/2021","23.883","23.250","24.495","23.615","73.13K","2.66%"
"10/18/2021","23.264","23.380","24.180","23.220","79.07K","-0.91%"
"10/14/2021","23.477","23.100","23.645","23.100","52.25K","1.32%"
"10/13/2021","23.170","22.570","23.625","22.925","54.28K","2.91%"
"10/12/2021","22.514","22.610","23.285","22.480","71.90K","-0.67%"
"10/11/2021","22.665","22.685","22.790","22.325","42.93K","0.03%"
"10/07/2021","22.658","22.640","23.220","22.435","69.58K","0.56%"
"10/06/2021","22.532","22.635","22.840","22.385","41.56K","-0.34%"
"10/05/2021","22.608","22.725","22.700","22.185","38.89K","-0.16%"
"10/04/2021","22.644","22.600","22.730","22.380","27.04K","2.71%"
"09/30/2021","22.047","21.515","22.600","21.990","43.51K","2.62%"
"09/29/2021","21.485","22.475","22.225","21.460","66.12K","-4.34%"
"09/28/2021","22.460","22.635","22.565","21.410","80.16K","-0.99%"
"09/27/2021","22.685","22.435","22.680","22.080","55.49K","0.10%"
"09/23/2021","22.663","22.590","22.790","22.090","41.67K","-0.99%"
"09/22/2021","22.890","22.485","22.880","22.465","43.74K","1.31%"
"09/21/2021","22.593","22.210","23.150","22.455","51.99K","1.84%"
"09/20/2021","22.185","22.325","22.720","22.210","41.11K","-2.59%"
"09/16/2021","22.774","23.515","23.130","22.305","66.39K","-4.23%"
"09/15/2021","23.779","23.865","24.000","22.585","90.20K","-0.35%"
"09/14/2021","23.863","23.695","23.940","23.670","32.69K","0.37%"
"09/13/2021","23.775","23.455","23.980","23.435","42.44K","-1.58%"
"09/09/2021","24.156","23.975","24.345","23.760","39.09K","0.50%"
"09/08/2021","24.036","24.095","24.355","23.865","43.41K","-1.32%"
"09/07/2021","24.357","24.810","24.480","23.940","45.43K","1.91%"
"09/02/2021","23.900","23.900","24.945","23.910","67.19K","-1.24%"
"09/01/2021","24.201","23.935","24.275","23.815","36.86K","0.88%"
"08/31/2021","23.991","23.965","24.325","23.775","48.67K","0.00%"
"08/30/2021","23.992","24.130","24.270","23.830","44.56K","1.80%"
"08/26/2021","23.567","23.895","24.135","23.305","63.31K","-0.96%"
"08/25/2021","23.795","23.815","23.895","23.420","55.51K","-0.48%"
"08/24/2021","23.909","23.625","23.910","23.590","56.58K","1.03%"
"08/23/2021","23.666","23.035","23.975","23.545","52.17K","1.84%"
"08/19/2021","23.239","23.355","23.300","22.835","55.72K","-0.82%"
"08/18/2021","23.430","23.660","23.515","23.080","51.43K","-1.00%"
"08/17/2021","23.666","23.870","23.830","23.265","46.29K","-0.56%"
"08/16/2021","23.799","23.755","23.955","23.565","42.59K","2.93%"
"08/12/2021","23.122","23.130","23.830","23.130","53.76K","-1.59%"
"08/11/2021","23.496","23.495","23.530","22.970","66.98K","0.40%"
"08/10/2021","23.402","23.525","23.565","23.190","70.05K","0.53%"
"08/09/2021","23.279","23.750","23.675","23.220","62.93K","-8.00%"
"08/05/2021","25.303","25.480","25.230","24.205","113.95K","-0.67%"
"08/04/2021","25.474","25.500","25.565","25.115","42.43K","-0.47%"
"08/03/2021","25.595","25.515","26.090","25.375","72.93K","0.02%"
"08/02/2021","25.590","25.570","25.665","25.270","45.85K","-0.81%"
"07/29/2021","25.799","25.075","25.685","25.395","43.33K","3.71%"
"07/28/2021","24.877","24.730","25.875","25.000","70.55K","0.92%"
"07/27/2021","24.649","25.255","25.060","24.655","54.85K","-2.64%"
"07/26/2021","25.318","25.270","25.320","24.515","80.91K","-0.25%"
"07/22/2021","25.381","25.330","25.535","25.050","39.88K","0.50%"
"07/21/2021","25.255","24.975","25.515","25.060","48.08K","1.04%"
"07/20/2021","24.995","25.240","25.365","24.790","50.53K","-0.59%"
"07/19/2021","25.144","25.700","25.315","24.840","64.68K","-4.74%"
"07/15/2021","26.394","26.325","26.550","25.640","78.28K","0.47%"
"07/14/2021","26.271","26.055","26.490","26.245","35.26K","0.50%"
"07/13/2021","26.140","26.320","26.575","26.010","65.10K","-0.38%"
"07/12/2021","26.239","26.185","26.440","26.005","50.73K","0.97%"
"07/08/2021","25.987","26.265","26.300","25.820","45.50K","-0.54%"
"07/07/2021","26.129","26.265","26.310","25.875","59.52K","-0.17%"
"07/06/2021","26.174","26.640","26.545","26.060","50.06K","0.28%"
"07/01/2021","26.100","26.250","26.700","26.100","57.34K","-0.36%"
"06/30/2021","26.194","25.875","26.525","26.045","54.77K","1.13%"
"06/29/2021","25.901","26.235","26.275","25.800","44.64K","-1.29%"
"06/28/2021","26.239","26.215","26.235","25.580","75.84K","0.65%"
"06/24/2021","26.069","25.935","26.380","25.970","49.17K","-0.24%"
"06/23/2021","26.132","25.860","26.245","25.865","53.06K","0.99%"
"06/22/2021","25.876","26.000","26.370","25.800","66.10K","-0.64%"
"06/21/2021","26.043","25.950","26.085","25.735","54.12K","0.66%"
"06/17/2021","25.873","27.200","26.555","25.770","88.18K","-7.03%"
"06/16/2021","27.828","27.800","27.320","25.820","156.97K","0.43%"
"06/15/2021","27.710","27.780","27.970","26.700","74.31K","-1.23%"
"06/14/2021","28.054","28.110","28.030","27.485","63.84K","0.02%"
"06/10/2021","28.047","27.820","28.445","28.025","75.34K","0.11%"
"06/09/2021","28.017","27.750","28.180","27.475","82.06K","0.97%"
"06/08/2021","27.747","28.110","28.145","27.620","64.18K","-1.02%"
"06/07/2021","28.033","27.920","28.120","27.610","70.19K","1.97%"
"06/03/2021","27.492","28.320","27.980","27.310","76.80K","-2.58%"
"06/02/2021","28.220","27.880","28.370","27.090","106.48K","0.36%"
"06/01/2021","28.119","28.070","28.320","27.765","53.89K","0.59%"
"05/27/2021","27.955","27.805","28.095","27.480","66.46K","0.28%"
"05/26/2021","27.877","28.105","27.995","27.575","56.81K","-0.64%"
"05/25/2021","28.056","27.880","28.340","27.685","65.97K","0.54%"
"05/24/2021","27.905","27.690","28.160","27.545","69.31K","-0.58%"
"05/20/2021","28.067","27.840","28.195","27.265","78.64K","0.15%"
"05/19/2021","28.025","28.300","28.125","27.490","55.96K","-1.09%"
"05/18/2021","28.333","28.325","28.365","27.425","109.07K","0.21%"
"05/17/2021","28.274","27.515","28.900","28.120","77.21K","4.49%"
"05/13/2021","27.059","27.095","27.595","26.920","58.61K","-0.68%"
"05/12/2021","27.244","27.760","27.330","26.780","63.63K","-1.53%"
"05/11/2021","27.667","27.400","27.830","27.030","77.86K","0.64%"
"05/10/2021","27.492","27.680","27.780","27.180","62.13K","0.05%"
"05/06/2021","27.477","26.590","27.800","27.230","80.78K","3.60%"
"05/05/2021","26.522","26.595","27.585","26.245","90.93K","-0.14%"
"05/04/2021","26.558","27.015","26.710","26.165","40.71K","-1.49%"
"05/03/2021","26.960","25.990","27.240","26.160","76.95K","3.35%"
"04/29/2021","26.085","26.300","26.275","25.855","55.51K","-0.07%"
"04/28/2021","26.102","26.345","26.580","25.745","81.33K","-1.24%"
"04/27/2021","26.430","26.325","26.345","25.840","62.06K","0.77%"
"04/26/2021","26.228","26.020","26.515","26.100","65.27K","0.11%"
"04/22/2021","26.200","26.640","26.470","25.890","63.84K","-1.45%"
"04/21/2021","26.586","25.960","26.670","26.025","84.13K","2.83%"
"04/20/2021","25.854","25.820","26.730","25.795","94.21K","0.01%"
"04/19/2021","25.852","26.000","26.150","25.725","70.92K","-0.49%"
"04/15/2021","25.979","25.465","26.380","25.795","58.50K","1.72%"
"04/14/2021","25.539","25.430","26.070","25.380","72.56K","0.38%"
"04/13/2021","25.442","24.885","25.590","25.235","56.47K","2.25%"
"04/12/2021","24.882","25.300","25.540","24.680","77.44K","-2.82%"
"04/08/2021","25.604","25.380","25.555","25.010","60.53K","1.33%"
"04/07/2021","25.267","25.210","25.675","25.020","65.65K","0.08%"
"04/06/2021","25.247","24.840","25.330","24.895","44.35K","1.80%"
"04/05/2021","24.801","25.050","25.355","24.795","53.64K","1.01%"
"03/31/2021","24.552","23.930","25.045","24.270","63.17K","1.64%"
"03/30/2021","24.157","24.745","24.565","23.740","65.79K","-2.48%"
"03/29/2021","24.771","25.105","24.770","23.880","72.66K","-1.10%"
"03/25/2021","25.047","25.170","25.335","24.920","42.08K","-0.73%"
"03/24/2021","25.231","25.120","25.255","24.435","86.47K","0.02%"
"03/23/2021","25.227","25.850","25.430","25.020","42.91K","-2.10%"
"03/22/2021","25.769","26.340","25.915","25.050","63.34K","-2.21%"
"03/18/2021","26.351","26.400","26.400","25.925","51.79K","1.12%"
"03/17/2021","26.058","26.005","26.740","25.875","76.40K","0.21%"
"03/16/2021","26.003","26.340","26.615","25.805","55.13K","-1.08%"
"03/15/2021","26.288","26.070","26.405","25.885","47.61K","0.36%"
"03/11/2021","26.193","26.315","26.235","25.425","56.88K","0.24%"
"03/10/2021","26.130","26.025","26.545","25.885","55.08K","-0.20%"
"03/09/2021","26.183","25.170","26.315","25.610","53.39K","3.62%"
"03/08/2021","25.269","25.400","26.220","25.090","69.61K","-0.75%"
"03/04/2021","25.461","26.175","25.505","24.845","79.26K","-3.51%"
"03/03/2021","26.387","26.860","26.385","25.080","95.00K","-1.83%"
"03/02/2021","26.879","26.630","26.915","25.875","82.46K","0.75%"
"03/01/2021","26.678","26.700","26.985","25.820","82.14K","-3.64%"
"02/25/2021","27.685","28.080","27.650","26.160","116.75K","-0.75%"
"02/24/2021","27.894","27.760","28.345","27.345","109.69K","0.64%"
"02/23/2021","27.717","28.290","28.080","27.365","73.50K","-1.40%"
"02/22/2021","28.111","27.640","28.425","27.285","104.38K","3.74%"
"02/18/2021","27.098","27.450","27.710","26.105","96.26K","-0.87%"
"02/17/2021","27.335","27.220","27.595","26.905","84.30K","-0.02%"
"02/16/2021","27.341","27.520","27.490","26.915","73.03K","0.99%"
"02/11/2021","27.072","27.145","27.500","26.910","53.47K","-0.13%"
"02/10/2021","27.108","27.460","27.350","26.750","62.16K","-1.16%"
"02/09/2021","27.427","27.400","27.595","26.880","71.17K","-0.59%"
"02/08/2021","27.589","27.180","27.875","27.130","81.81K","5.06%"
"02/04/2021","26.261","26.645","27.105","26.255","90.32K","-2.43%"
"02/03/2021","26.914","26.880","27.015","25.935","104.91K","1.85%"
"02/02/2021","26.426","29.000","27.260","26.545","93.58K","-10.24%"
"02/01/2021","29.441","28.860","29.150","26.350","208.63K","13.47%"
"01/28/2021","25.945","25.360","27.770","26.150","187.56K","2.19%"
"01/27/2021","25.389","25.530","27.100","24.895","190.87K","-0.58%"
"01/26/2021","25.538","25.395","25.545","24.715","96.67K","0.21%"
"01/25/2021","25.484","25.535","25.720","25.230","52.74K","-1.43%"
"01/21/2021","25.854","25.910","26.045","25.050","75.21K","0.34%"
"01/20/2021","25.766","25.290","26.130","25.700","59.50K","1.76%"
"01/19/2021","25.320","24.835","25.960","25.060","80.82K","-1.87%"
"01/14/2021","25.802","25.290","25.865","24.610","106.18K","0.90%"
"01/13/2021","25.572","25.655","25.990","25.095","84.24K","0.54%"
"01/12/2021","25.435","25.015","25.785","25.170","58.51K","0.60%"
"01/11/2021","25.284","25.470","25.745","25.000","65.92K","-7.25%"
"01/07/2021","27.261","27.410","27.335","24.530","186.37K","0.81%"
"01/06/2021","27.042","27.720","27.495","27.020","69.49K","-2.16%"
"01/05/2021","27.640","27.355","28.105","26.700","129.36K","1.01%"
"01/04/2021","27.364","26.770","27.850","27.150","67.46K","2.98%"
"12/30/2020","26.573","26.325","26.880","26.345","39.62K","1.49%"
"12/29/2020","26.183","26.500","26.835","26.260","47.68K","-1.23%"
"12/28/2020","26.510","26.095","26.770","26.075","64.31K","2.41%"
"12/23/2020","25.885","25.435","26.080","25.535","35.14K","1.51%"
"12/22/2020","25.500","26.530","25.960","25.185","65.50K","-3.19%"
"12/21/2020","26.340","26.400","26.815","25.225","108.02K","0.73%"
"12/17/2020","26.150","25.430","26.350","25.865","70.35K","4.52%"
"12/16/2020","25.018","24.605","26.305","25.335","97.95K","1.64%"
"12/15/2020","24.614","24.040","25.640","24.575","97.98K","2.46%"
"12/14/2020","24.022","24.070","24.700","23.940","62.40K","-0.21%"
"12/10/2020","24.073","23.980","24.245","23.690","50.25K","0.46%"
"12/09/2020","23.963","24.655","24.430","23.825","58.69K","-3.03%"
"12/08/2020","24.711","24.810","24.755","23.695","84.50K","-0.26%"
"12/07/2020","24.776","24.250","25.015","24.550","58.83K","2.72%"
"12/03/2020","24.120","23.990","24.585","24.065","68.53K","0.22%"
"12/02/2020","24.066","23.820","24.420","23.850","73.44K","-0.06%"
"12/01/2020","24.080","22.690","22.690","22.690","76.79K","6.63%"
"11/30/2020","22.583","22.745","22.230","22.230","89.39K","-3.44%"
"11/25/2020","23.387","23.295","23.155","23.155","94.53K","0.24%"
"11/24/2020","23.330","23.630","23.000","23.000","57.05K","-1.46%"
"11/23/2020","23.675","24.265","23.525","23.525","106.07K","-1.70%"
"11/19/2020","24.085","24.385","23.745","23.745","76.35K","-1.61%"
"11/18/2020","24.480","24.460","24.350","24.350","94.81K","-0.83%"
"11/17/2020","24.686","24.880","24.600","24.600","82.57K","-0.61%"
"11/16/2020","24.837","25.085","24.350","24.350","57.85K","2.00%"
"11/12/2020","24.350","24.380","24.200","24.200","60.87K","0.18%"
"11/11/2020","24.306","24.350","23.955","23.955","62.74K","-0.80%"
"11/10/2020","24.502","24.280","24.020","24.020","76.99K","3.23%"
"11/09/2020","23.736","26.070","23.725","23.725","87.44K","-5.93%"
"11/05/2020","25.232","24.185","24.185","24.185","114.86K","5.43%"
"11/04/2020","23.933","24.520","23.415","23.415","107.65K","-1.81%"
"11/03/2020","24.374","24.245","24.025","24.025","101.89K","1.25%"
"11/02/2020","24.073","23.710","23.710","23.710","60.02K","2.84%"
"10/29/2020","23.408","23.555","22.865","22.865","80.57K","0.21%"
"10/28/2020","23.359","24.495","23.060","23.060","102.57K","-4.93%"
"10/27/2020","24.570","24.385","24.265","24.265","131.77K","0.61%"
"10/26/2020","24.420","24.750","24.145","24.145","52.48K","-1.17%"
"10/22/2020","24.709","25.180","24.460","24.460","52.73K","-2.11%"
"10/21/2020","25.241","24.795","24.775","24.775","74.44K","1.04%"
"10/20/2020","24.980","24.485","24.405","24.405","77.69K","1.14%"
"10/19/2020","24.698","24.290","24.215","24.215","57.37K","1.96%"
"10/15/2020","24.224","24.370","23.650","23.650","50.59K","-0.70%"
"10/14/2020","24.395","24.240","23.930","23.930","72.42K","1.10%"
"10/13/2020","24.129","25.240","24.015","24.015","63.47K","-4.52%"
"10/12/2020","25.271","25.280","24.905","24.905","94.21K","5.84%"
"10/08/2020","23.876","23.925","23.775","23.775","74.75K","-0.08%"
"10/07/2020","23.896","23.160","23.090","23.090","46.73K","-0.10%"
"10/06/2020","23.921","24.520","22.965","22.965","59.07K","-2.60%"
"10/05/2020","24.560","24.075","23.805","23.805","72.23K","1.26%"
"10/01/2020","24.254","23.355","23.325","23.325","66.34K","3.23%"
"09/30/2020","23.494","24.505","23.235","23.235","71.45K","-3.89%"
"09/29/2020","24.445","23.805","23.510","23.510","90.77K","3.70%"
"09/28/2020","23.572","23.140","22.790","22.790","79.19K","1.77%"
"09/24/2020","23.162","22.940","21.820","21.820","92.92K","0.40%"
"09/23/2020","23.069","24.150","22.745","22.745","159.01K","-5.79%"
"09/22/2020","24.488","25.145","24.150","24.150","151.99K","0.54%"
"09/21/2020","24.356","26.790","24.385","24.385","109.44K","-10.01%"
"09/17/2020","27.066","27.000","26.610","26.610","53.09K","-1.37%"
"09/16/2020","27.443","27.455","27.455","27.455","95.31K","0.05%"
"09/15/2020","27.429","27.220","27.220","27.220","63.70K","0.44%"
"09/14/2020","27.310","27.115","27.115","27.115","60.45K","0.22%"
"09/10/2020","27.249","27.190","27.190","27.190","60.57K","0.77%"
"09/09/2020","27.041","27.150","27.150","27.150","86.96K","0.35%"
"09/08/2020","26.947","27.040","25.985","25.985","60.07K","0.44%"
"09/03/2020","26.828","27.190","26.635","26.635","114.60K","-1.88%"
"09/02/2020","27.343","28.300","27.410","27.410","125.57K","-4.31%"
"09/01/2020","28.575","28.750","28.155","28.155","126.39K","0.16%"
"08/31/2020","28.530","28.230","28.230","28.230","115.76K","5.32%"
"08/27/2020","27.090","27.695","26.630","26.630","103.77K","-1.54%"
"08/26/2020","27.514","26.615","26.225","26.225","131.42K","4.50%"
"08/25/2020","26.328","26.845","26.230","26.230","137.13K","-1.25%"
"08/24/2020","26.661","26.865","26.410","26.410","100.45K","-1.95%"
"08/20/2020","27.192","26.805","26.725","26.725","160.04K","-0.70%"
"08/19/2020","27.385","28.075","26.585","26.585","153.75K","-2.60%"
"08/18/2020","28.115","27.570","27.375","27.375","212.26K","1.44%"
"08/17/2020","27.717","26.760","26.115","26.115","213.36K","-0.16%"
"08/13/2020","27.762","25.715","25.715","25.715","223.22K","6.68%"
"08/12/2020","26.023","25.200","23.665","23.665","245.90K","-0.30%"
"08/11/2020","26.100","29.275","24.725","24.725","241.93K","-10.95%"
"08/10/2020","29.311","28.260","28.175","28.175","355.28K","2.95%"
"08/06/2020","28.470","27.150","27.145","27.145","283.92K","5.63%"
"08/05/2020","26.953","26.530","25.925","25.925","236.12K","3.30%"
"08/04/2020","26.091","24.570","24.570","24.570","212.52K","6.47%"
"08/03/2020","24.505","24.480","24.300","24.300","157.04K","4.50%"
"07/30/2020","23.450","24.735","23.280","23.280","139.82K","-3.58%"
"07/29/2020","24.321","24.580","23.435","23.435","154.86K","0.09%"
"07/28/2020","24.300","24.700","22.460","22.460","138.90K","-0.82%"
"07/27/2020","24.501","22.970","22.940","22.940","253.67K","6.58%"
"07/23/2020","22.988","23.405","22.475","22.475","111.99K","-0.67%"
"07/22/2020","23.144","21.700","21.680","21.680","182.28K","7.36%"
"07/21/2020","21.557","20.340","20.315","20.315","202.39K","6.76%"
"07/20/2020","20.192","19.765","19.655","19.655","142.78K","3.16%"
"07/16/2020","19.573","19.820","19.475","19.475","56.42K","-0.95%"
"07/15/2020","19.761","19.645","19.525","19.525","54.37K","1.18%"
"07/14/2020","19.530","19.455","19.240","19.240","58.39K","-1.30%"
"07/13/2020","19.788","19.080","19.080","19.080","73.78K","4.36%"
"07/09/2020","18.962","19.150","18.830","18.830","62.08K","-1.04%"
"07/08/2020","19.161","18.625","18.585","18.585","102.76K","2.47%"
"07/07/2020","18.699","18.585","18.235","18.235","84.23K","0.63%"
"07/06/2020","18.582","18.270","18.245","18.245","71.67K","1.42%"
"07/02/2020","18.322","18.285","17.995","17.995","63.13K","0.57%"
"07/01/2020","18.218","18.580","18.095","18.095","49.86K","-2.25%"
"06/30/2020","18.637","18.095","18.020","18.020","86.82K","3.17%"
"06/29/2020","18.064","18.110","17.935","17.935","75.09K","0.53%"
"06/25/2020","17.968","17.635","17.560","17.560","41.65K","1.32%"
"06/24/2020","17.734","18.230","17.600","17.600","46.32K","-2.32%"
"06/23/2020","18.155","17.940","17.900","17.900","71.47K","0.91%"
"06/22/2020","17.992","18.040","17.880","17.880","75.91K","2.22%"
"06/18/2020","17.601","17.750","17.570","17.570","64.57K","-1.45%"
"06/17/2020","17.860","17.800","17.725","17.725","47.76K","0.70%"
"06/16/2020","17.735","17.665","17.550","17.550","43.10K","1.44%"
"06/15/2020","17.484","17.635","17.125","17.125","65.04K","-2.70%"
"06/11/2020","17.970","18.360","17.830","17.830","60.63K","0.48%"
"06/10/2020","17.884","18.030","17.845","17.845","90.45K","-0.07%"
"06/09/2020","17.896","17.920","17.830","17.830","88.22K","-0.55%"
"06/08/2020","17.995","17.635","17.635","17.635","54.90K","-0.67%"
"06/04/2020","18.116","17.860","17.860","17.860","87.12K","0.57%"
"06/03/2020","18.013","18.295","17.765","17.765","56.56K","-1.65%"
"06/02/2020","18.315","18.850","18.400","18.400","72.24K","-2.94%"
"06/01/2020","18.869","18.740","18.685","18.685","78.44K","4.78%"
"05/28/2020","18.009","17.855","17.775","17.775","64.04K","1.42%"
"05/27/2020","17.757","17.560","17.225","17.225","61.04K","0.92%"
"05/26/2020","17.595","17.630","17.370","17.370","65.07K","1.33%"
"05/21/2020","17.364","18.055","17.260","17.260","51.24K","-3.70%"
"05/20/2020","18.031","17.875","17.755","17.755","74.68K","0.73%"
"05/19/2020","17.901","17.370","17.340","17.340","62.49K","2.48%"
"05/18/2020","17.468","17.225","17.125","17.125","66.69K","8.12%"
"05/14/2020","16.156","15.755","15.660","15.660","80.68K","3.09%"
"05/13/2020","15.671","15.625","15.545","15.545","52.22K","-0.24%"
"05/12/2020","15.709","15.700","15.525","15.525","42.56K","0.18%"
"05/11/2020","15.680","15.755","15.510","15.510","35.61K","0.58%"
"05/07/2020","15.590","14.920","14.920","14.920","58.81K","3.83%"
"05/06/2020","15.015","15.115","14.840","14.840","49.27K","-0.63%"
"05/05/2020","15.110","14.845","14.760","14.760","38.73K","2.12%"
"05/04/2020","14.796","15.075","14.760","14.760","32.04K","-1.18%"
"04/30/2020","14.973","15.530","14.850","14.850","32.19K","-2.23%"
"04/29/2020","15.315","15.330","15.235","15.235","66.67K","0.36%"
"04/28/2020","15.260","15.375","15.025","15.025","42.10K","-0.25%"
"04/27/2020","15.299","15.475","15.240","15.240","28.28K","-0.53%"
"04/23/2020","15.381","15.350","15.310","15.310","39.19K","0.14%"
"04/22/2020","15.359","15.085","14.875","14.875","47.87K","3.08%"
"04/21/2020","14.900","15.610","14.700","14.700","42.94K","-4.72%"
"04/20/2020","15.638","15.380","15.380","15.380","68.55K","-0.05%"
"04/16/2020","15.646","15.625","15.625","15.625","41.18K","0.75%"
"04/15/2020","15.529","16.090","15.600","15.600","43.47K","-3.87%"
"04/14/2020","16.154","15.810","15.810","15.810","51.17K","3.81%"
"04/13/2020","15.561","16.000","15.470","15.470","63.63K","2.18%"
"04/08/2020","15.229","15.280","15.155","15.155","64.32K","-1.77%"
"04/07/2020","15.504","15.650","15.265","15.265","43.34K","2.05%"
"04/06/2020","15.193","14.655","14.645","14.645","69.75K","3.51%"
"04/02/2020","14.678","14.585","14.575","14.575","38.18K","4.78%"
"04/01/2020","14.008","14.175","14.175","14.175","55.52K","-1.21%"
"03/31/2020","14.180","14.105","14.105","14.105","44.03K","0.17%"
"03/30/2020","14.156","14.730","13.995","13.995","50.96K","-3.54%"
"03/26/2020","14.676","14.770","14.400","14.400","54.39K","-1.32%"
"03/25/2020","14.873","14.415","14.205","14.205","52.83K","4.32%"
"03/24/2020","14.257","13.320","13.220","13.220","78.77K","7.51%"
"03/23/2020","13.261","12.615","12.290","12.290","109.94K","9.29%"
"03/19/2020","12.134","11.975","11.760","11.760","81.76K","3.08%"
"03/18/2020","11.772","12.610","11.640","11.640","77.37K","-5.79%"
"03/17/2020","12.495","12.860","12.110","12.110","122.77K","-2.50%"
"03/16/2020","12.816","15.100","11.770","11.770","111.38K","-19.93%"
"03/12/2020","16.005","16.720","15.505","15.505","162.45K","-4.60%"
"03/11/2020","16.776","16.875","16.660","16.660","147.26K","-1.06%"
"03/10/2020","16.955","17.020","16.790","16.790","56.85K","-0.58%"
"03/09/2020","17.054","17.490","16.550","16.550","76.90K","-1.95%"
"03/05/2020","17.393","17.230","17.150","17.150","94.55K","0.85%"
"03/04/2020","17.246","17.205","17.075","17.075","53.48K","0.34%"
"03/03/2020","17.188","16.665","16.665","16.665","67.25K","2.68%"
"03/02/2020","16.739","16.500","16.445","16.445","114.57K","-5.62%"
"02/27/2020","17.735","17.945","17.630","17.630","221.54K","-0.78%"
"02/26/2020","17.874","18.035","17.785","17.785","122.38K","-1.95%"
"02/25/2020","18.229","18.665","17.910","17.910","96.32K","-3.67%"
"02/24/2020","18.923","18.675","18.585","18.585","153.70K","3.03%"
"02/20/2020","18.367","18.415","18.255","18.255","114.90K","0.04%"
"02/19/2020","18.359","18.200","18.200","18.200","98.11K","0.92%"
"02/18/2020","18.192","17.760","17.760","17.760","93.64K","3.01%"
"02/13/2020","17.660","17.575","17.575","17.575","56.24K","0.70%"
"02/12/2020","17.537","17.620","17.480","17.480","69.82K","-0.57%"
"02/11/2020","17.638","17.770","17.595","17.595","73.62K","-1.05%"
"02/10/2020","17.826","17.765","17.725","17.725","70.84K","-0.17%"
"02/06/2020","17.857","17.635","17.635","17.635","68.87K","1.21%"
"02/05/2020","17.643","17.585","17.560","17.560","60.51K","0.24%"
"02/04/2020","17.600","17.745","17.585","17.585","59.86K","-0.63%"
"02/03/2020","17.712","18.135","17.640","17.640","59.68K","-1.77%"
"01/30/2020","18.032","17.620","17.620","17.620","63.34K","3.12%"
"01/29/2020","17.487","17.440","17.280","17.280","96.96K","0.17%"
"01/28/2020","17.458","18.095","17.420","17.420","63.16K","-3.31%"
"01/27/2020","18.056","18.260","18.040","18.040","110.54K","1.27%"
"01/23/2020","17.829","17.835","17.590","17.590","68.05K","0.01%"
"01/22/2020","17.828","17.785","17.675","17.675","69.27K","0.11%"
"01/21/2020","17.808","18.040","17.620","17.620","57.76K","-0.73%"
"01/16/2020","17.939","18.010","17.875","17.875","69.18K","-0.27%"
"01/15/2020","17.988","17.800","17.755","17.755","58.31K","1.39%"
"01/14/2020","17.742","17.975","17.690","17.690","73.76K","-1.41%"
"01/13/2020","17.996","18.130","17.935","17.935","84.39K","0.33%"
"01/09/2020","17.936","18.120","17.815","17.815","80.66K","-1.27%"
"01/08/2020","18.167","18.450","18.085","18.085","101.36K","-1.23%"
"01/07/2020","18.393","18.185","17.975","17.975","180.48K","1.18%"
"01/06/2020","18.179","18.170","18.045","18.045","111.96K","0.74%"
"01/02/2020","18.046","17.905","17.830","17.830","110.02K","0.70%"
"12/31/2019","17.921","17.970","18.200","17.870","62.11K","-0.44%"
"12/30/2019","18.001","17.860","18.020","17.830","62.11K","0.25%"
"12/26/2019","17.956","17.795","18.100","17.785","70.18K","2.82%"
"12/23/2019","17.463","17.250","17.460","17.250","64.68K","2.03%"
"12/19/2019","17.116","16.920","17.115","16.920","65.65K","0.62%"
"12/18/2019","17.010","17.075","17.075","16.980","47.39K","-0.15%"
"12/17/2019","17.036","17.090","17.115","17.045","47.19K","-0.24%"
"12/16/2019","17.077","16.930","17.085","16.930","45.74K","0.98%"
"12/12/2019","16.912","16.895","17.095","16.800","77.90K","0.61%"
"12/11/2019","16.810","16.840","16.875","16.840","113.42K","0.88%"
"12/10/2019","16.664","16.655","16.770","16.625","62.67K","0.39%"
"12/09/2019","16.600","16.595","16.595","16.595","50.20K","-2.46%"
"12/05/2019","17.019","16.905","16.995","16.905","110.18K","0.82%"
"12/04/2019","16.881","17.200","17.200","16.900","69.27K","-1.88%"
"12/03/2019","17.204","17.050","17.220","17.035","112.99K","1.70%"
"12/02/2019","16.916","17.025","17.025","16.870","90.11K","-0.55%"
"11/27/2019","17.009","17.190","17.200","17.025","69.20K","-0.51%"
"11/26/2019","17.096","16.840","17.125","16.840","61.62K","0.93%"
"11/25/2019","16.939","16.995","17.000","16.880","84.26K","-1.03%"
"11/21/2019","17.116","17.210","17.210","17.065","78.64K","-0.29%"
"11/20/2019","17.166","17.120","17.220","17.065","95.17K","-0.02%"
"11/19/2019","17.169","17.080","17.200","17.000","98.37K","0.69%"
"11/18/2019","17.051","17.015","17.080","16.795","94.71K","-0.16%"
"11/14/2019","17.078","17.000","17.115","16.945","66.80K","0.68%"
"11/13/2019","16.963","16.815","17.000","16.815","79.01K","1.33%"
"11/12/2019","16.740","16.730","16.835","16.680","99.84K","-0.66%"
"11/11/2019","16.852","16.815","16.955","16.690","93.98K","-1.25%"
"11/07/2019","17.065","17.655","17.690","17.000","135.57K","-3.34%"
"11/06/2019","17.654","17.635","17.660","17.450","166.41K","0.18%"
"11/05/2019","17.623","18.115","18.115","17.600","101.43K","-2.76%"
"11/04/2019","18.123","18.195","18.210","18.035","141.97K","-0.01%"
"10/31/2019","18.124","17.990","18.165","17.975","89.93K","1.13%"
"10/30/2019","17.921","17.870","17.990","17.735","103.41K","0.50%"
"10/29/2019","17.831","17.870","17.905","17.605","84.39K","-0.25%"
"10/28/2019","17.876","18.065","18.145","17.785","78.57K","0.40%"
"10/24/2019","17.804","17.575","17.860","17.485","133.99K","1.27%"
"10/23/2019","17.580","17.550","17.630","17.515","76.01K","0.46%"
"10/22/2019","17.500","17.580","17.680","17.440","51.19K","-0.58%"
"10/21/2019","17.602","17.615","17.895","17.530","56.64K","-0.06%"
"10/17/2019","17.612","17.415","17.665","17.330","48.12K","1.06%"
"10/16/2019","17.427","17.430","17.490","17.180","62.37K","0.25%"
"10/15/2019","17.384","17.695","17.765","17.370","80.64K","-1.84%"
"10/14/2019","17.710","17.590","17.735","17.455","71.96K","0.61%"
"10/10/2019","17.602","17.800","17.935","17.455","102.67K","-1.17%"
"10/09/2019","17.810","17.775","18.000","17.720","93.95K","0.62%"
"10/08/2019","17.700","17.490","17.860","17.305","67.68K","0.91%"
"10/07/2019","17.540","17.665","17.700","17.435","91.07K","-0.77%"
"10/03/2019","17.676","17.630","17.845","17.515","59.58K","-0.04%"
"10/02/2019","17.683","17.310","17.730","17.240","70.00K","2.20%"
"10/01/2019","17.302","17.045","17.375","16.940","70.48K","1.79%"
"09/30/2019","16.998","17.590","17.660","16.980","82.42K","-4.85%"
"09/26/2019","17.864","17.915","18.050","17.760","134.22K","-0.89%"
"09/25/2019","18.024","18.670","18.695","17.865","110.04K","-2.99%"
"09/24/2019","18.579","18.640","18.710","18.285","132.58K","-0.44%"
"09/23/2019","18.661","17.850","18.685","17.850","132.63K","4.63%"
"09/19/2019","17.835","17.785","17.930","17.670","59.13K","-0.19%"
"09/18/2019","17.869","18.060","18.060","17.570","65.97K","-1.21%"
"09/17/2019","18.088","17.835","18.090","17.835","100.53K","0.63%"
"09/16/2019","17.974","17.775","17.940","17.775","88.43K","-0.83%"
"09/12/2019","18.125","18.130","18.440","18.080","106.47K","0.05%"
"09/11/2019","18.116","18.180","18.180","18.050","99.70K","-0.08%"
"09/10/2019","18.131","18.000","18.185","18.000","84.66K","0.08%"
"09/09/2019","18.116","18.095","18.205","18.080","116.63K","-3.39%"
"09/05/2019","18.752","19.510","19.510","18.730","221.80K","-3.80%"
"09/04/2019","19.493","19.320","19.425","19.320","194.13K","1.60%"
"09/03/2019","19.186","18.585","19.190","18.470","156.69K","4.99%"
"08/29/2019","18.274","18.450","18.760","18.150","115.42K","-0.49%"
"08/28/2019","18.364","18.180","18.520","18.065","161.56K","0.91%"
"08/27/2019","18.199","17.670","18.220","17.655","97.74K","2.91%"
"08/26/2019","17.685","17.460","17.780","17.460","107.65K","3.51%"
"08/22/2019","17.086","17.095","17.145","16.965","112.35K","-0.65%"
"08/21/2019","17.197","17.140","17.215","17.080","70.97K","0.02%"
"08/20/2019","17.194","16.925","17.220","16.925","70.32K","1.23%"
"08/19/2019","16.985","17.150","17.150","16.870","72.36K","-1.56%"
"08/15/2019","17.254","17.240","17.355","17.160","71.92K","-0.42%"
"08/14/2019","17.326","17.005","17.320","16.925","96.52K","1.75%"
"08/13/2019","17.028","17.350","17.525","16.560","116.02K","-0.51%"
"08/12/2019","17.116","17.035","17.180","16.880","182.99K","0.82%"
"08/08/2019","16.976","17.155","17.200","16.875","98.62K","-1.51%"
"08/07/2019","17.237","16.525","17.275","16.525","124.04K","4.56%"
"08/06/2019","16.485","16.535","16.540","16.415","174.98K","0.32%"
"08/05/2019","16.433","16.285","16.565","16.285","71.82K","1.33%"
"08/01/2019","16.217","16.040","16.395","16.040","100.15K","-1.38%"
"07/31/2019","16.444","16.525","16.525","16.350","122.90K","-0.95%"
"07/30/2019","16.601","16.615","16.765","16.560","107.09K","0.98%"
"07/29/2019","16.440","16.420","16.500","16.360","57.74K","0.18%"
"07/25/2019","16.411","16.620","16.685","16.345","80.58K","-1.29%"
"07/24/2019","16.626","16.435","16.680","16.350","121.09K","0.91%"
"07/23/2019","16.476","16.380","16.575","16.205","84.63K","0.40%"
"07/22/2019","16.411","16.255","16.455","16.195","111.41K","1.31%"
"07/18/2019","16.198","16.005","16.385","15.960","173.87K","1.42%"
"07/17/2019","15.971","15.585","16.030","15.555","149.09K","1.87%"
"07/16/2019","15.678","15.415","15.735","15.340","111.24K","2.04%"
"07/15/2019","15.365","15.240","15.430","15.185","128.87K","1.45%"
"07/11/2019","15.146","15.265","15.345","15.120","49.16K","-0.53%"
"07/10/2019","15.226","15.135","15.315","15.070","60.63K","0.52%"
"07/09/2019","15.147","15.035","15.155","14.965","73.72K","0.64%"
"07/08/2019","15.050","15.050","15.150","14.985","49.64K","-1.86%"
"07/03/2019","15.336","15.370","15.510","15.240","109.25K","0.64%"
"07/02/2019","15.238","15.160","15.365","15.070","66.80K","0.30%"
"07/01/2019","15.193","15.315","15.345","15.155","71.31K","-0.66%"
"06/27/2019","15.294","15.340","15.355","15.205","57.10K","-0.27%"
"06/26/2019","15.335","15.360","15.375","15.195","74.82K","-0.05%"
"06/25/2019","15.342","15.480","15.535","15.315","93.66K","-0.49%"
"06/24/2019","15.418","15.400","15.485","15.330","142.47K","-0.71%"
"06/20/2019","15.529","15.190","15.515","15.160","143.03K","3.57%"
"06/19/2019","14.994","15.000","15.205","14.945","203.97K","-0.23%"
"06/18/2019","15.029","14.860","15.060","14.860","88.34K","1.12%"
"06/17/2019","14.863","14.885","14.905","14.795","106.33K","-0.42%"
"06/13/2019","14.926","14.780","14.905","14.780","115.81K","0.95%"
"06/12/2019","14.786","14.800","14.870","14.785","76.05K","0.08%"
"06/11/2019","14.774","14.715","14.810","14.670","71.98K","0.68%"
"06/10/2019","14.674","14.855","14.855","14.665","79.80K","-1.79%"
"06/06/2019","14.941","14.970","14.995","14.915","104.80K","0.78%"
"06/05/2019","14.826","14.890","14.970","14.800","80.74K","0.12%"
"06/04/2019","14.808","14.785","14.805","14.745","132.02K","0.19%"
"06/03/2019","14.780","14.680","14.855","14.680","96.39K","1.72%"
"05/30/2019","14.530","14.475","14.630","14.420","88.36K","0.83%"
"05/29/2019","14.411","14.325","14.450","14.320","58.64K","0.64%"
"05/28/2019","14.320","14.545","14.610","14.265","72.67K","-2.01%"
"05/23/2019","14.613","14.420","14.635","14.400","40.68K","1.14%"
"05/22/2019","14.449","14.420","14.480","14.370","68.45K","0.27%"
"05/21/2019","14.410","14.435","14.460","14.350","36.91K","-0.24%"
"05/20/2019","14.445","14.395","14.460","14.355","47.47K","-0.65%"
"05/16/2019","14.539","14.790","14.825","14.515","63.19K","-1.84%"
"05/15/2019","14.812","14.800","14.865","14.765","69.18K","0.00%"
"05/14/2019","14.812","14.780","14.865","14.745","43.23K","0.24%"
"05/13/2019","14.777","14.775","14.815","14.615","47.64K","0.03%"
"05/09/2019","14.773","14.845","14.875","14.705","45.82K","-0.60%"
"05/08/2019","14.862","14.920","14.990","14.835","59.56K","-0.43%"
"05/07/2019","14.926","14.910","14.955","14.810","53.11K","-0.01%"
"05/06/2019","14.927","14.960","14.990","14.770","55.91K","2.12%"
"05/02/2019","14.617","14.690","14.735","14.570","84.55K","-0.76%"
"05/01/2019","14.729","14.975","14.985","14.620","64.59K","-1.70%"
"04/30/2019","14.984","14.940","15.040","14.835","85.72K","0.34%"
"04/29/2019","14.933","15.115","15.115","14.905","62.08K","0.09%"
"04/25/2019","14.920","14.920","15.015","14.860","78.21K","-0.24%"
"04/24/2019","14.956","14.820","14.995","14.780","68.61K","0.86%"
"04/23/2019","14.829","14.995","15.025","14.735","84.04K","-1.25%"
"04/22/2019","15.016","15.020","15.065","15.000","86.03K","0.25%"
"04/17/2019","14.979","15.005","15.095","14.965","59.16K","0.15%"
"04/16/2019","14.956","14.990","15.005","14.875","78.51K","-0.43%"
"04/15/2019","15.021","14.980","15.030","14.845","71.05K","0.74%"
"04/11/2019","14.911","15.250","15.255","14.900","70.74K","-2.48%"
"04/10/2019","15.290","15.230","15.280","15.205","106.24K","0.20%"
"04/09/2019","15.259","15.280","15.300","15.235","63.27K","-0.03%"
"04/08/2019","15.263","15.130","15.270","15.130","61.10K","0.85%"
"04/04/2019","15.135","15.045","15.200","14.965","66.86K","-0.12%"
"04/03/2019","15.153","15.190","15.190","15.085","74.19K","0.28%"
"04/02/2019","15.111","15.100","15.135","15.035","59.92K","-0.24%"
"04/01/2019","15.148","15.175","15.200","15.115","69.93K","0.86%"
"03/28/2019","15.019","15.370","15.410","15.045","72.20K","-1.82%"
"03/27/2019","15.298","15.425","15.475","15.255","86.59K","-0.85%"
"03/26/2019","15.429","15.545","15.560","15.390","58.95K","-0.89%"
"03/25/2019","15.567","15.405","15.590","15.385","53.10K","0.84%"
"03/21/2019","15.437","15.485","15.650","15.380","53.66K","0.78%"
"03/20/2019","15.318","15.360","15.565","15.265","72.41K","-0.35%"
"03/19/2019","15.372","15.345","15.450","15.320","65.90K","0.33%"
"03/18/2019","15.322","15.315","15.425","15.220","39.61K","1.00%"
"03/14/2019","15.171","15.455","15.470","15.135","58.86K","-1.84%"
"03/13/2019","15.456","15.440","15.550","15.435","69.84K","0.28%"
"03/12/2019","15.413","15.330","15.490","15.310","46.36K","0.91%"
"03/11/2019","15.274","15.320","15.365","15.225","53.98K","1.56%"
"03/07/2019","15.040","15.100","15.130","14.985","73.17K","-0.30%"
"03/06/2019","15.085","15.150","15.175","15.055","61.27K","-0.13%"
"03/05/2019","15.105","15.115","15.175","15.060","56.77K","0.00%"
"03/04/2019","15.105","15.225","15.295","15.075","67.84K","-3.38%"
"02/28/2019","15.634","15.770","15.860","15.605","102.86K","-0.84%"
"02/27/2019","15.766","15.980","16.010","15.735","65.41K","-0.71%"
"02/26/2019","15.879","15.880","15.930","15.780","69.16K","0.03%"
"02/25/2019","15.875","15.910","16.000","15.875","60.81K","0.17%"
"02/21/2019","15.848","16.095","16.095","15.805","68.14K","-2.32%"
"02/20/2019","16.225","16.055","16.220","16.030","101.00K","1.32%"
"02/19/2019","16.013","15.820","16.020","15.790","114.10K","2.81%"
"02/14/2019","15.575","15.600","15.640","15.510","71.50K","-0.79%"
"02/13/2019","15.699","15.695","15.820","15.565","80.46K","-0.26%"
"02/12/2019","15.740","15.845","15.845","15.845","77.48K","0.00%"
"02/11/2019","15.740","15.860","15.875","15.750","60.67K","-0.13%"
"02/07/2019","15.760","15.715","15.765","15.685","55.47K","0.07%"
"02/06/2019","15.749","15.850","15.850","15.790","58.37K","-0.84%"
"02/05/2019","15.883","15.880","15.910","15.880","53.18K","-0.28%"
"02/04/2019","15.928","15.830","15.830","15.830","44.22K","-1.19%"
"01/31/2019","16.120","16.080","16.080","16.080","69.77K","0.91%"
"01/30/2019","15.974","15.940","16.210","15.925","80.26K","0.85%"
"01/29/2019","15.839","15.755","15.925","15.725","80.54K","0.47%"
"01/28/2019","15.765","15.755","15.830","15.610","60.00K","3.04%"
"01/24/2019","15.300","15.370","15.405","15.245","80.95K","-0.52%"
"01/23/2019","15.380","15.345","15.445","15.275","47.64K","0.36%"
"01/22/2019","15.325","15.375","15.385","15.195","56.86K","-1.36%"
"01/17/2019","15.536","15.625","15.645","15.480","55.59K","-0.65%"
"01/16/2019","15.638","15.620","15.685","15.520","54.25K","0.12%"
"01/15/2019","15.620","15.690","15.735","15.575","49.14K","-0.42%"
"01/14/2019","15.686","15.640","15.700","15.585","61.68K","0.27%"
"01/10/2019","15.643","15.800","15.830","15.585","65.33K","-0.58%"
"01/09/2019","15.735","15.715","15.825","15.630","63.41K","0.14%"
"01/08/2019","15.713","15.725","15.745","15.560","78.69K","-0.27%"
"01/07/2019","15.756","15.800","15.880","15.680","64.41K","-0.26%"
"01/03/2019","15.797","15.630","15.815","15.550","99.94K","0.95%"
"01/02/2019","15.649","15.550","15.680","15.385","90.48K","2.55%"
"12/27/2018","15.260","15.070","15.260","15.020","60.78K","1.20%"
"12/26/2018","15.079","14.760","15.195","14.760","78.86K","1.79%"
"12/20/2018","14.814","14.595","14.850","14.595","52.33K","0.29%"
"12/19/2018","14.771","14.820","14.820","14.610","76.60K","0.78%"
"12/18/2018","14.656","14.690","14.715","14.650","70.30K","-0.39%"
"12/17/2018","14.714","14.595","14.700","14.595","45.55K","-0.61%"
"12/13/2018","14.805","14.760","14.790","14.760","66.41K","0.01%"
"12/12/2018","14.804","14.625","14.820","14.625","50.19K","1.55%"
"12/11/2018","14.578","14.700","14.760","14.580","65.80K","0.16%"
"12/10/2018","14.555","14.580","14.595","14.565","75.44K","0.64%"
"12/06/2018","14.462","14.410","14.495","14.390","65.07K","-0.52%"
"12/05/2018","14.537","14.455","14.525","14.455","64.48K","-0.40%"
"12/04/2018","14.595","14.560","14.575","14.545","32.86K","0.98%"
"12/03/2018","14.453","14.400","14.565","14.400","76.61K","0.68%"
"11/29/2018","14.356","14.420","14.470","14.340","78.67K","-0.11%"
"11/28/2018","14.372","14.155","14.400","14.125","78.09K","1.67%"
"11/27/2018","14.136","14.270","14.310","14.110","84.40K","-0.85%"
"11/26/2018","14.257","14.345","14.445","14.245","84.45K","-1.96%"
"11/21/2018","14.542","14.340","14.575","14.315","101.36K","1.61%"
"11/20/2018","14.311","14.430","14.500","14.280","77.88K","-0.92%"
"11/19/2018","14.444","14.425","14.455","14.380","102.45K","0.98%"
"11/15/2018","14.304","14.145","14.345","14.130","79.03K","1.27%"
"11/14/2018","14.124","14.040","14.185","13.925","79.83K","0.72%"
"11/13/2018","14.023","14.035","14.115","13.980","93.28K","-0.22%"
"11/12/2018","14.054","14.175","14.220","14.010","90.15K","-2.85%"
"11/08/2018","14.467","14.480","14.570","14.415","116.98K","-0.99%"
"11/07/2018","14.612","14.600","14.715","14.600","91.31K","0.47%"
"11/06/2018","14.543","14.705","14.715","14.540","83.28K","-1.01%"
"11/05/2018","14.691","14.800","14.800","14.650","69.78K","-0.88%"
"11/01/2018","14.821","14.305","14.850","14.300","106.74K","3.47%"
"10/31/2018","14.324","14.430","14.430","14.300","121.88K","-1.24%"
"10/30/2018","14.504","14.535","14.535","14.475","79.22K","0.43%"
"10/29/2018","14.442","14.720","14.780","14.405","76.30K","-1.29%"
"10/25/2018","14.630","14.720","14.800","14.610","84.75K","-0.31%"
"10/24/2018","14.676","14.775","14.830","14.660","70.47K","-0.79%"
"10/23/2018","14.793","14.585","14.840","14.540","64.15K","1.41%"
"10/22/2018","14.587","14.650","14.715","14.540","86.18K","-0.12%"
"10/18/2018","14.604","14.625","14.680","14.470","57.03K","-0.40%"
"10/17/2018","14.663","14.675","14.760","14.615","76.14K","-0.26%"
"10/16/2018","14.701","14.725","14.880","14.640","59.83K","-0.18%"
"10/15/2018","14.727","14.625","14.805","14.615","67.28K","0.83%"
"10/11/2018","14.606","14.335","14.650","14.275","70.70K","1.95%"
"10/10/2018","14.326","14.420","14.455","14.255","97.85K","-0.51%"
"10/09/2018","14.400","14.420","14.470","14.285","61.50K","0.50%"
"10/08/2018","14.329","14.665","14.700","14.285","65.02K","-1.79%"
"10/04/2018","14.590","14.665","14.805","14.560","61.93K","-0.55%"
"10/03/2018","14.670","14.730","14.855","14.650","77.16K","-0.16%"
"10/02/2018","14.693","14.535","14.950","14.470","66.41K","1.28%"
"10/01/2018","14.507","14.725","14.725","14.395","106.11K","1.52%"
"09/27/2018","14.290","14.375","14.480","14.195","117.07K","-0.45%"
"09/26/2018","14.354","14.460","14.475","14.300","87.46K","-0.63%"
"09/25/2018","14.445","14.255","14.500","14.220","88.58K","1.04%"
"09/24/2018","14.296","14.265","14.340","14.180","97.95K","0.24%"
"09/20/2018","14.262","14.330","14.335","14.200","103.37K","0.15%"
"09/19/2018","14.240","14.225","14.290","14.185","87.10K","0.67%"
"09/18/2018","14.145","14.130","14.190","14.105","79.41K","-0.27%"
"09/17/2018","14.183","14.035","14.215","14.035","69.08K","-0.11%"
"09/13/2018","14.199","14.220","14.305","14.180","66.73K","-0.33%"
"09/12/2018","14.246","14.145","14.245","14.065","82.53K","0.95%"
"09/11/2018","14.112","14.180","14.180","14.110","83.95K","-0.18%"
"09/10/2018","14.138","14.190","14.190","14.145","81.31K","-0.02%"
"09/06/2018","14.141","14.220","14.340","14.130","81.29K","-0.28%"
"09/05/2018","14.180","14.150","14.150","14.150","72.88K","0.25%"
"09/04/2018","14.145","14.480","14.480","14.080","67.29K","-2.79%"
"08/30/2018","14.551","14.780","14.825","14.545","62.90K","-1.24%"
"08/29/2018","14.733","14.730","14.765","14.635","81.13K","-0.59%"
"08/28/2018","14.820","14.895","14.990","14.655","68.75K","-0.54%"
"08/27/2018","14.901","14.835","14.910","14.755","95.48K","2.22%"
"08/23/2018","14.577","14.705","14.705","14.500","97.52K","-1.41%"
"08/22/2018","14.785","14.805","14.870","14.735","92.20K","-0.09%"
"08/21/2018","14.799","14.810","14.855","14.790","97.02K","0.65%"
"08/20/2018","14.703","14.785","14.820","14.680","69.40K","-0.28%"
"08/16/2018","14.745","14.465","14.840","14.380","75.07K","1.77%"
"08/15/2018","14.488","15.085","15.085","14.395","111.78K","-3.96%"
"08/14/2018","15.086","15.090","15.090","15.065","142.15K","0.47%"
"08/13/2018","15.016","15.280","15.290","15.020","66.78K","-3.09%"
"08/09/2018","15.495","15.540","15.540","15.500","83.08K","0.20%"
"08/08/2018","15.464","15.415","15.440","15.345","63.86K","0.38%"
"08/07/2018","15.405","15.405","15.405","15.405","59.94K","0.16%"
"08/06/2018","15.381","15.480","15.480","15.340","61.17K","-0.24%"
"08/02/2018","15.418","15.395","15.395","15.395","73.62K","-0.45%"
"08/01/2018","15.488","15.585","15.585","15.480","62.23K","-0.70%"
"07/31/2018","15.597","15.630","15.630","15.630","58.31K","-0.45%"
"07/30/2018","15.667","15.590","15.655","15.520","75.39K","1.11%"
"07/26/2018","15.495","15.620","15.700","15.390","59.41K","-0.60%"
"07/25/2018","15.589","15.480","15.655","15.470","56.67K","0.44%"
"07/24/2018","15.520","15.395","15.630","15.340","60.42K","0.62%"
"07/23/2018","15.425","15.540","15.580","15.350","70.89K","0.15%"
"07/19/2018","15.402","15.565","15.590","15.185","81.07K","-1.10%"
"07/18/2018","15.574","15.585","15.625","15.410","103.53K","-0.28%"
"07/17/2018","15.617","15.800","15.885","15.560","71.77K","-1.23%"
"07/16/2018","15.812","15.805","15.900","15.765","80.89K","-1.03%"
"07/12/2018","15.977","15.825","16.025","15.780","78.40K","1.01%"
"07/11/2018","15.817","16.105","16.110","15.805","64.14K","-1.68%"
"07/10/2018","16.087","16.150","16.200","15.920","86.97K","-0.32%"
"07/09/2018","16.139","16.065","16.260","16.055","68.89K","0.26%"
"07/05/2018","16.097","16.060","16.195","15.970","58.13K","0.34%"
"07/03/2018","16.043","15.880","16.085","15.815","89.47K","1.31%"
"07/02/2018","15.835","16.145","16.180","15.800","72.28K","-1.28%"
"06/28/2018","16.041","16.125","16.185","15.965","70.39K","-0.96%"
"06/27/2018","16.196","16.320","16.325","16.000","109.59K","-0.60%"
"06/26/2018","16.293","16.360","16.390","16.185","96.14K","-0.47%"
"06/25/2018","16.370","16.525","16.525","16.340","84.54K","0.04%"
"06/21/2018","16.364","16.330","16.365","16.230","73.07K","0.10%"
"06/20/2018","16.348","16.380","16.390","16.320","84.59K","-0.10%"
"06/19/2018","16.364","16.565","16.580","16.290","72.54K","-0.71%"
"06/18/2018","16.481","16.580","16.680","16.485","117.42K","-4.73%"
"06/14/2018","17.299","17.025","17.360","17.025","173.55K","1.60%"
"06/13/2018","17.027","16.890","17.145","16.870","143.01K","0.59%"
"06/12/2018","16.927","16.940","17.000","16.860","109.68K","-0.38%"
"06/11/2018","16.991","16.920","17.000","16.830","80.92K","0.82%"
"06/07/2018","16.852","16.720","16.960","16.720","73.29K","0.73%"
"06/06/2018","16.730","16.760","16.800","16.750","123.78K","0.87%"
"06/05/2018","16.586","16.555","16.555","16.555","116.38K","0.67%"
"06/04/2018","16.476","16.505","16.565","16.505","77.13K","-0.16%"
"05/31/2018","16.503","16.570","16.600","16.570","72.77K","-0.51%"
"05/30/2018","16.587","16.485","16.660","16.415","74.06K","1.31%"
"05/29/2018","16.373","16.530","16.530","16.310","65.13K","-1.88%"
"05/24/2018","16.687","16.475","16.715","16.420","72.71K","1.72%"
"05/23/2018","16.405","16.555","16.600","16.330","91.02K","-1.03%"
"05/22/2018","16.575","16.530","16.700","16.465","89.46K","0.33%"
"05/21/2018","16.520","16.430","16.535","16.280","73.53K","0.24%"
"05/17/2018","16.481","16.385","16.505","16.335","44.05K","0.67%"
"05/16/2018","16.371","16.285","16.435","16.190","65.79K","0.63%"
"05/15/2018","16.269","16.540","16.565","16.205","63.08K","-2.26%"
"05/14/2018","16.645","16.700","16.760","16.515","94.15K","-0.68%"
"05/10/2018","16.759","16.520","16.790","16.500","58.62K","1.33%"
"05/09/2018","16.539","16.510","16.655","16.375","86.18K","0.41%"
"05/08/2018","16.472","16.505","16.550","16.335","73.20K","-0.14%"
"05/07/2018","16.495","16.550","16.600","16.430","76.50K","0.29%"
"05/03/2018","16.447","16.405","16.620","16.385","47.81K","0.44%"
"05/02/2018","16.375","16.190","16.565","16.175","68.26K","1.54%"
"05/01/2018","16.127","16.345","16.370","16.070","100.22K","-1.67%"
"04/30/2018","16.401","16.555","16.580","16.225","83.17K","-0.80%"
"04/26/2018","16.533","16.575","16.620","16.425","65.08K","-0.04%"
"04/25/2018","16.539","16.720","16.745","16.520","69.51K","-1.22%"
"04/24/2018","16.744","16.655","16.755","16.580","81.37K","0.72%"
"04/23/2018","16.624","17.135","17.135","16.640","119.14K","-3.74%"
"04/19/2018","17.269","17.235","17.385","17.130","95.70K","-0.10%"
"04/18/2018","17.286","16.810","17.300","16.810","141.09K","2.79%"
"04/17/2018","16.817","16.705","16.825","16.630","176.55K","0.65%"
"04/16/2018","16.708","16.660","16.800","16.640","89.71K","1.19%"
"04/12/2018","16.511","16.720","16.720","16.480","65.17K","-1.76%"
"04/11/2018","16.806","16.625","16.915","16.610","106.20K","1.06%"
"04/10/2018","16.630","16.500","16.640","16.500","141.79K","0.38%"
"04/09/2018","16.567","16.435","16.525","16.360","93.60K","1.08%"
"04/05/2018","16.390","16.340","16.375","16.270","84.72K","0.65%"
"04/04/2018","16.284","16.450","16.490","16.260","76.78K","-0.92%"
"04/03/2018","16.436","16.575","16.575","16.450","100.82K","-1.68%"
"04/02/2018","16.716","16.700","16.700","16.660","87.05K","2.57%"
"03/28/2018","16.297","16.615","16.640","16.315","76.95K","-1.48%"
"03/27/2018","16.541","16.690","16.810","16.465","95.08K","-0.86%"
"03/26/2018","16.684","16.560","16.795","16.525","98.53K","1.81%"
"03/22/2018","16.387","16.565","16.610","16.330","98.38K","-0.19%"
"03/21/2018","16.419","16.165","16.665","16.155","81.21K","1.45%"
"03/20/2018","16.185","16.310","16.340","16.100","111.65K","-0.86%"
"03/19/2018","16.325","16.305","16.345","16.200","69.86K","-0.59%"
"03/15/2018","16.422","16.530","16.580","16.370","73.37K","-0.70%"
"03/14/2018","16.537","16.595","16.670","16.515","71.44K","-0.54%"
"03/13/2018","16.627","16.535","16.690","16.465","59.93K","0.55%"
"03/12/2018","16.536","16.605","16.635","16.430","70.99K","0.22%"
"03/08/2018","16.500","16.505","16.575","16.430","91.56K","0.04%"
"03/07/2018","16.494","16.810","16.890","16.435","67.64K","-1.73%"
"03/06/2018","16.784","16.420","16.895","16.410","93.85K","2.27%"
"03/05/2018","16.412","16.530","16.620","16.370","99.50K","0.84%"
"03/01/2018","16.276","16.430","16.565","16.160","73.63K","-0.80%"
"02/28/2018","16.407","16.440","16.520","16.360","100.44K","-0.16%"
"02/27/2018","16.434","16.665","16.720","16.340","58.94K","-0.93%"
"02/26/2018","16.588","16.510","16.745","16.480","102.32K","-0.16%"
"02/22/2018","16.614","16.470","16.660","16.400","55.04K","-0.20%"
"02/21/2018","16.647","16.450","16.750","16.400","78.53K","1.03%"
"02/20/2018","16.478","16.675","16.685","16.435","91.97K","-2.16%"
"02/15/2018","16.842","16.920","16.965","16.665","79.07K","-0.48%"
"02/14/2018","16.923","16.570","16.910","16.430","81.01K","2.11%"
"02/13/2018","16.573","16.565","16.680","16.530","105.02K","-0.25%"
"02/12/2018","16.615","16.355","16.605","16.355","72.46K","1.38%"
"02/08/2018","16.389","16.325","16.450","16.290","90.66K","0.63%"
"02/07/2018","16.286","16.680","16.680","16.315","99.84K","-2.06%"
"02/06/2018","16.628","16.765","16.965","16.630","118.22K","-0.54%"
"02/05/2018","16.718","16.605","16.905","16.605","100.24K","-2.80%"
"02/01/2018","17.199","17.365","17.365","17.170","135.34K","-0.49%"
"01/31/2018","17.284","17.200","17.460","17.155","87.76K","1.07%"
"01/30/2018","17.101","17.235","17.395","17.135","102.77K","-0.15%"
"01/29/2018","17.127","17.420","17.470","17.085","82.04K","-2.77%"
"01/25/2018","17.615","17.555","17.705","17.125","81.60K","0.72%"
"01/24/2018","17.489","17.040","17.625","16.985","132.61K","3.41%"
"01/23/2018","16.913","16.990","17.090","16.735","122.20K","-0.45%"
"01/22/2018","16.989","17.045","17.105","16.945","89.80K","0.21%"
"01/18/2018","16.954","16.990","17.140","16.915","59.28K","-1.23%"
"01/17/2018","17.166","17.210","17.310","16.980","91.13K","-0.13%"
"01/16/2018","17.189","17.235","17.450","16.800","101.59K","1.31%"
"01/11/2018","16.966","17.000","17.065","16.880","117.34K","-0.41%"
"01/10/2018","17.035","16.985","17.220","16.930","111.34K","0.15%"
"01/09/2018","17.010","17.160","17.170","16.945","112.06K","-0.78%"
"01/08/2018","17.144","17.270","17.300","17.065","93.76K","-0.72%"
"01/04/2018","17.269","17.155","17.320","17.025","85.39K","0.01%"
"01/03/2018","17.267","17.225","17.285","17.065","96.73K","0.35%"
"01/02/2018","17.206","17.035","17.250","16.985","91.81K","1.67%"
"12/28/2017","16.923","16.745","16.930","16.710","74.52K","1.21%"
"12/27/2017","16.720","16.620","16.740","16.620","63.44K","0.89%"
"12/26/2017","16.573","16.360","16.620","16.360","58.14K","2.27%"
"12/21/2017","16.205","16.210","16.210","16.150","52.82K","-0.19%"
"12/20/2017","16.236","16.170","16.230","16.170","46.18K","0.73%"
"12/19/2017","16.118","16.150","16.180","16.145","57.40K","-0.31%"
"12/18/2017","16.168","16.130","16.170","16.130","55.05K","1.67%"
"12/14/2017","15.903","16.035","16.055","15.820","59.07K","0.44%"
"12/13/2017","15.834","15.715","16.080","15.715","72.92K","1.31%"
"12/12/2017","15.630","15.635","15.715","15.635","84.81K","-0.75%"
"12/11/2017","15.748","15.820","15.840","15.690","64.63K","-0.03%"
"12/07/2017","15.753","15.965","15.965","15.630","75.62K","-1.04%"
"12/06/2017","15.918","16.090","16.095","15.940","76.25K","-0.71%"
"12/05/2017","16.032","16.345","16.345","16.055","71.28K","-1.87%"
"12/04/2017","16.338","16.370","16.455","16.265","85.98K","-0.65%"
"11/30/2017","16.445","16.595","16.595","16.255","99.98K","-0.49%"
"11/29/2017","16.526","16.920","16.965","16.555","93.59K","-1.95%"
"11/28/2017","16.854","17.060","17.110","16.775","112.60K","-1.15%"
"11/27/2017","17.050","17.040","17.180","17.010","96.96K","-0.55%"
"11/22/2017","17.145","17.000","17.170","16.975","88.82K","0.89%"
"11/21/2017","16.994","16.935","17.060","16.930","84.42K","0.71%"
"11/20/2017","16.874","17.320","17.325","16.875","81.66K","-1.34%"
"11/16/2017","17.104","17.025","17.130","16.995","101.84K","0.59%"
"11/15/2017","17.003","17.085","17.220","16.990","74.47K","-0.60%"
"11/14/2017","17.105","16.945","17.105","16.945","103.79K","0.15%"
"11/13/2017","17.079","16.940","17.100","16.895","74.76K","0.42%"
"11/09/2017","17.007","17.090","17.165","16.980","92.24K","-0.96%"
"11/08/2017","17.171","17.010","17.260","17.010","101.13K","1.17%"
"11/07/2017","16.973","17.230","17.230","16.985","91.20K","-1.71%"
"11/06/2017","17.268","16.855","17.295","16.855","94.39K","0.57%"
"11/02/2017","17.170","17.250","17.280","17.105","106.70K","-0.23%"
"11/01/2017","17.209","16.735","17.220","16.705","103.69K","2.89%"
"10/31/2017","16.726","16.865","16.910","16.705","122.16K","-0.91%"
"10/30/2017","16.880","16.900","16.925","16.745","70.53K","0.41%"
"10/26/2017","16.811","16.960","17.045","16.755","104.87K","-0.67%"
"10/25/2017","16.925","16.960","17.050","16.810","90.88K","-0.24%"
"10/24/2017","16.966","17.100","17.170","16.890","92.34K","-0.64%"
"10/23/2017","17.075","17.035","17.130","16.870","86.62K","-1.04%"
"10/19/2017","17.255","17.015","17.315","16.930","98.34K","1.52%"
"10/18/2017","16.997","17.045","17.120","16.920","107.47K","-0.26%"
"10/17/2017","17.041","17.260","17.280","16.985","69.76K","-1.89%"
"10/16/2017","17.369","17.425","17.495","17.135","89.38K","0.60%"
"10/12/2017","17.266","17.190","17.290","17.135","78.07K","0.78%"
"10/11/2017","17.133","17.150","17.265","17.085","59.84K","-0.43%"
"10/10/2017","17.207","16.990","17.280","16.960","65.77K","1.39%"
"10/09/2017","16.971","16.850","17.030","16.765","89.44K","2.00%"
"10/05/2017","16.638","16.620","16.770","16.590","104.60K","0.08%"
"10/04/2017","16.624","16.665","16.920","16.555","53.46K","-0.16%"
"10/03/2017","16.650","16.605","16.690","16.570","72.04K","-0.02%"
"10/02/2017","16.654","16.670","16.750","16.565","48.23K","-1.15%"
"09/28/2017","16.847","16.780","16.925","16.705","71.45K","0.32%"
"09/27/2017","16.793","16.840","16.875","16.730","68.13K","-0.33%"
"09/26/2017","16.849","17.205","17.205","16.775","84.70K","-1.54%"
"09/25/2017","17.113","16.965","17.175","16.850","88.63K","0.75%"
"09/21/2017","16.985","17.100","17.100","16.870","53.77K","-1.83%"
"09/20/2017","17.301","17.325","17.330","17.035","87.13K","0.31%"
"09/19/2017","17.247","17.150","17.335","17.150","81.01K","0.72%"
"09/18/2017","17.124","17.600","17.600","17.120","69.53K","-3.74%"
"09/14/2017","17.789","17.845","17.865","17.660","74.83K","-0.44%"
"09/13/2017","17.867","17.970","18.125","17.725","85.70K","-0.13%"
"09/12/2017","17.890","17.885","17.975","17.785","81.84K","-0.07%"
"09/11/2017","17.902","17.920","17.990","17.770","62.46K","-1.18%"
"09/07/2017","18.116","17.950","18.225","17.865","85.95K","1.15%"
"09/06/2017","17.910","17.980","18.070","17.885","89.91K","-0.17%"
"09/05/2017","17.941","17.880","18.090","17.835","72.63K","2.08%"
"08/31/2017","17.575","17.510","17.695","17.340","81.51K","0.41%"
"08/30/2017","17.503","17.440","17.555","17.370","88.59K","-0.07%"
"08/29/2017","17.516","17.610","17.755","17.345","84.98K","-0.07%"
"08/28/2017","17.529","17.100","17.565","17.100","115.11K","2.83%"
"08/24/2017","17.046","17.175","17.180","16.895","117.11K","-0.47%"
"08/23/2017","17.126","17.065","17.185","16.990","109.37K","0.39%"
"08/22/2017","17.060","17.090","17.185","16.945","80.19K","-0.21%"
"08/21/2017","17.096","17.000","17.205","16.920","88.51K","-0.26%"
"08/17/2017","17.140","17.125","17.130","17.125","113.50K","0.67%"
"08/16/2017","17.026","16.725","17.220","16.700","98.94K","1.34%"
"08/15/2017","16.801","17.100","17.100","16.645","99.91K","-2.37%"
"08/14/2017","17.208","17.225","17.305","17.010","98.50K","0.33%"
"08/10/2017","17.152","17.025","17.325","16.940","94.48K","1.20%"
"08/09/2017","16.948","16.520","17.030","16.520","105.22K","2.87%"
"08/08/2017","16.475","16.335","16.545","16.300","106.93K","0.83%"
"08/07/2017","16.339","16.345","16.365","16.190","79.11K","-2.31%"
"08/03/2017","16.725","16.675","16.770","16.520","97.42K","-0.62%"
"08/02/2017","16.830","16.790","17.000","16.555","57.97K","-0.19%"
"08/01/2017","16.862","16.910","16.935","16.690","77.87K","-0.13%"
"07/31/2017","16.884","16.840","16.965","16.770","61.89K","1.28%"
"07/27/2017","16.670","16.725","16.905","16.645","49.95K","0.69%"
"07/26/2017","16.556","16.570","16.775","16.390","69.33K","0.28%"
"07/25/2017","16.510","16.425","16.550","16.210","67.14K","0.60%"
"07/24/2017","16.411","16.480","16.490","16.380","76.17K","0.40%"
"07/20/2017","16.345","16.250","16.395","16.110","59.69K","0.29%"
"07/19/2017","16.297","16.265","16.345","16.125","84.81K","0.18%"
"07/18/2017","16.268","16.080","16.310","16.060","81.90K","1.05%"
"07/17/2017","16.099","15.990","16.170","15.935","91.04K","2.60%"
"07/13/2017","15.691","15.875","15.955","15.660","92.37K","-1.23%"
"07/12/2017","15.887","15.810","15.995","15.710","76.09K","0.90%"
"07/11/2017","15.745","15.640","15.830","15.425","96.48K","0.74%"
"07/10/2017","15.629","15.580","15.705","15.145","96.43K","-2.21%"
"07/06/2017","15.983","16.055","16.080","15.910","156.69K","0.55%"
"07/05/2017","15.896","16.135","16.190","15.850","68.31K","-1.22%"
"07/03/2017","16.092","16.635","16.645","16.075","138.59K","-3.37%"
"06/29/2017","16.654","16.835","16.915","16.615","71.27K","-0.63%"
"06/28/2017","16.759","16.680","16.850","16.680","97.14K","0.89%"
"06/27/2017","16.611","16.585","16.735","16.530","76.36K","0.12%"
"06/26/2017","16.591","16.725","16.725","16.280","89.74K","0.31%"
"06/22/2017","16.540","16.455","16.665","16.455","75.64K","0.84%"
"06/21/2017","16.403","16.490","16.495","16.330","92.15K","-0.26%"
"06/20/2017","16.446","16.540","16.620","16.390","84.04K","-0.52%"
"06/19/2017","16.532","16.680","16.685","16.500","80.76K","-1.28%"
"06/15/2017","16.747","17.025","17.025","16.670","68.24K","-2.46%"
"06/14/2017","17.170","16.935","17.330","16.920","101.17K","2.20%"
"06/13/2017","16.801","16.850","16.850","16.745","127.36K","-1.05%"
"06/12/2017","16.979","17.180","17.180","16.960","97.81K","-2.70%"
"06/08/2017","17.450","17.665","17.665","17.395","70.49K","-1.17%"
"06/07/2017","17.656","17.720","17.720","17.580","86.64K","-0.51%"
"06/06/2017","17.746","17.690","17.725","17.690","67.36K","0.73%"
"06/05/2017","17.617","17.580","17.600","17.580","75.07K","1.50%"
"06/01/2017","17.356","17.390","17.430","17.060","104.15K","-0.72%"
"05/31/2017","17.481","17.435","17.495","17.300","88.52K","-0.12%"
"05/30/2017","17.502","17.425","17.540","17.280","73.26K","1.37%"
"05/25/2017","17.266","17.290","17.325","17.200","67.81K","0.45%"
"05/24/2017","17.189","17.120","17.295","16.970","57.92K","-0.12%"
"05/23/2017","17.210","17.230","17.360","17.110","82.16K","-0.30%"
"05/22/2017","17.262","16.930","17.270","16.915","92.73K","3.11%"
"05/18/2017","16.742","16.965","17.000","16.510","75.95K","-1.39%"
"05/17/2017","16.978","16.930","17.100","16.825","115.49K","0.95%"
"05/16/2017","16.818","16.695","16.930","16.695","121.34K","0.88%"
"05/15/2017","16.672","16.530","16.880","16.525","71.85K","2.07%"
"05/11/2017","16.334","16.250","16.460","16.250","59.66K","0.35%"
"05/10/2017","16.277","16.260","16.370","16.220","66.28K","0.87%"
"05/09/2017","16.136","16.295","16.365","16.125","78.42K","-1.18%"
"05/08/2017","16.328","16.325","16.520","16.320","71.19K","-0.27%"
"05/04/2017","16.373","16.550","16.660","16.300","88.65K","-1.46%"
"05/03/2017","16.616","16.920","16.965","16.485","103.60K","-1.69%"
"05/02/2017","16.902","16.960","17.070","16.875","90.35K","-0.07%"
"05/01/2017","16.913","17.300","17.350","16.890","63.43K","-2.84%"
"04/27/2017","17.408","17.600","17.600","17.355","65.78K","-0.13%"
"04/26/2017","17.431","17.650","17.695","17.355","96.19K","-1.29%"
"04/25/2017","17.659","17.990","18.050","17.590","102.00K","-1.52%"
"04/24/2017","17.932","18.035","18.035","17.625","107.04K","-0.92%"
"04/20/2017","18.098","18.220","18.295","17.920","97.31K","-0.78%"
"04/19/2017","18.240","18.375","18.395","18.165","118.56K","-0.60%"
"04/18/2017","18.350","18.500","18.510","18.145","74.70K","-1.29%"
"04/17/2017","18.590","18.650","18.725","18.450","114.19K","1.58%"
"04/12/2017","18.300","18.350","18.585","18.245","83.59K","0.25%"
"04/11/2017","18.254","17.950","18.345","17.910","77.03K","1.89%"
"04/10/2017","17.915","17.930","18.025","17.735","80.61K","-1.81%"
"04/06/2017","18.246","18.295","18.355","18.165","118.60K","0.32%"
"04/05/2017","18.187","18.320","18.325","18.145","50.60K","-0.74%"
"04/04/2017","18.323","18.305","18.430","18.210","74.38K","0.61%"
"04/03/2017","18.212","18.265","18.290","18.090","49.05K","0.03%"
"03/30/2017","18.206","18.250","18.315","18.070","53.64K","-0.25%"
"03/29/2017","18.252","18.205","18.275","18.055","63.77K","0.00%"
"03/28/2017","18.252","18.120","18.260","18.025","58.01K","0.80%"
"03/27/2017","18.108","17.805","18.150","17.780","72.06K","2.93%"
"03/23/2017","17.593","17.555","17.710","17.525","42.18K","0.09%"
"03/22/2017","17.578","17.565","17.605","17.460","51.80K","-0.03%"
"03/21/2017","17.583","17.445","17.620","17.340","42.98K","0.83%"
"03/20/2017","17.438","17.425","17.475","17.365","56.00K","0.62%"
"03/16/2017","17.330","17.345","17.585","17.255","39.67K","2.41%"
"03/15/2017","16.923","16.890","17.370","16.825","77.18K","0.00%"
"03/14/2017","16.923","16.985","17.065","16.875","72.91K","-0.29%"
"03/13/2017","16.972","17.050","17.160","16.965","48.42K","-0.38%"
"03/09/2017","17.036","17.255","17.310","16.955","75.85K","-1.51%"
"03/08/2017","17.298","17.520","17.570","17.240","67.23K","-1.36%"
"03/07/2017","17.536","17.800","17.820","17.495","59.44K","-1.33%"
"03/06/2017","17.773","17.990","17.995","17.735","55.27K","0.14%"
"03/02/2017","17.748","18.465","18.480","17.705","81.26K","-4.01%"
"03/01/2017","18.489","18.360","18.510","18.270","98.44K","0.11%"
"02/28/2017","18.469","18.315","18.510","18.280","77.48K","0.28%"
"02/27/2017","18.417","18.420","18.540","18.265","63.46K","1.66%"
"02/23/2017","18.117","18.000","18.210","17.925","75.36K","0.93%"
"02/22/2017","17.950","17.960","18.040","17.905","98.98K","-0.50%"
"02/21/2017","18.040","18.020","18.100","17.860","73.45K","-0.19%"
"02/16/2017","18.074","17.970","18.140","17.935","54.20K","0.62%"
"02/15/2017","17.963","17.955","17.990","17.755","73.03K","0.41%"
"02/14/2017","17.889","17.810","18.090","17.730","71.90K","0.38%"
"02/13/2017","17.821","17.940","18.015","17.755","78.31K","0.45%"
"02/09/2017","17.741","17.780","17.845","17.615","90.40K","0.20%"
"02/08/2017","17.705","17.700","17.875","17.620","65.79K","-0.29%"
"02/07/2017","17.756","17.740","17.795","17.560","66.25K","0.36%"
"02/06/2017","17.693","17.520","17.760","17.460","55.46K","1.51%"
"02/02/2017","17.429","17.565","17.745","17.415","65.77K","-0.12%"
"02/01/2017","17.450","17.570","17.665","17.360","63.07K","-0.53%"
"01/31/2017","17.543","17.130","17.635","17.105","66.31K","2.28%"
"01/30/2017","17.152","17.170","17.295","17.080","73.62K","1.79%"
"01/26/2017","16.850","17.010","17.050","16.680","64.59K","-0.77%"
"01/25/2017","16.980","17.110","17.130","16.780","53.18K","-1.19%"
"01/24/2017","17.185","17.250","17.310","17.025","63.42K","-0.01%"
"01/23/2017","17.186","17.120","17.285","17.075","51.74K","1.08%"
"01/19/2017","17.002","17.075","17.125","16.745","64.63K","-1.57%"
"01/18/2017","17.274","17.230","17.360","17.060","79.09K","0.73%"
"01/17/2017","17.148","16.845","17.245","16.805","59.04K","1.92%"
"01/12/2017","16.825","16.770","17.020","16.755","60.84K","-0.02%"
"01/11/2017","16.828","16.840","16.905","16.560","63.04K","-0.12%"
"01/10/2017","16.848","16.615","16.955","16.575","82.62K","0.99%"
"01/09/2017","16.683","16.520","16.735","16.455","69.88K","0.28%"
"01/05/2017","16.637","16.495","16.760","16.455","68.14K","0.51%"
"01/04/2017","16.552","16.345","16.570","16.300","67.64K","0.87%"
"01/03/2017","16.409","15.970","16.550","15.935","52.45K","2.63%"
"12/30/2016","15.989","16.225","16.345","15.880","44.62K","-1.41%"
"12/29/2016","16.218","16.080","16.310","16.040","41.88K","1.12%"
"12/28/2016","16.038","16.010","16.140","15.865","33.57K","0.31%"
"12/27/2016","15.989","15.805","16.105","15.755","31.24K","1.46%"
"12/23/2016","15.759","15.855","15.900","15.735","25.17K","-0.71%"
"12/22/2016","15.871","16.000","16.085","15.815","42.78K","-0.68%"
"12/21/2016","15.979","16.150","16.240","15.950","44.95K","-0.86%"
"12/20/2016","16.117","16.015","16.165","15.675","58.27K","0.17%"
"12/19/2016","16.089","16.120","16.265","15.955","37.66K","-0.78%"
"12/16/2016","16.215","15.990","16.330","15.975","56.46K","1.61%"
"12/15/2016","15.958","16.855","17.000","15.925","106.12K","-7.33%"
"12/14/2016","17.221","16.965","17.290","16.805","63.17K","1.44%"
"12/13/2016","16.977","17.130","17.230","16.830","46.35K","-1.22%"
"12/12/2016","17.187","16.915","17.265","16.735","53.32K","1.30%"
"12/09/2016","16.967","17.075","17.185","16.850","45.84K","-0.75%"
"12/08/2016","17.096","17.200","17.290","17.025","46.67K","-1.04%"
"12/07/2016","17.275","16.780","17.300","16.705","65.16K","2.77%"
"12/06/2016","16.810","16.790","16.955","16.745","46.29K","-0.53%"
"12/05/2016","16.899","16.940","17.050","16.545","55.81K","0.40%"
"12/02/2016","16.832","16.585","16.870","16.375","62.62K","1.98%"
"12/01/2016","16.506","16.555","16.735","16.300","61.52K","0.15%"
"11/30/2016","16.482","16.690","16.830","16.465","59.66K","-1.54%"
"11/29/2016","16.740","16.690","16.780","16.470","61.49K","0.95%"
"11/28/2016","16.583","16.560","16.850","16.435","66.69K","0.51%"
"11/25/2016","16.499","16.340","16.600","16.210","1.09K","0.18%"
"11/24/2016","16.470","16.375","16.575","16.150","91.69K","0.48%"
"11/23/2016","16.391","16.645","16.725","16.155","78.77K","-1.45%"
"11/22/2016","16.632","16.580","16.885","16.520","65.28K","0.67%"
"11/21/2016","16.521","16.600","16.755","16.505","56.23K","-0.62%"
"11/18/2016","16.624","16.670","16.745","16.430","79.49K","-0.88%"
"11/17/2016","16.772","16.960","17.080","16.575","71.54K","-0.92%"
"11/16/2016","16.927","17.085","17.235","16.855","61.53K","-0.68%"
"11/15/2016","17.043","16.920","17.135","16.820","69.76K","0.89%"
"11/14/2016","16.893","17.390","17.490","16.620","129.85K","-2.81%"
"11/11/2016","17.382","18.605","18.850","17.170","171.37K","-7.23%"
"11/10/2016","18.737","18.475","18.990","18.380","115.36K","1.95%"
"11/09/2016","18.378","18.400","19.005","18.275","156.62K","0.12%"
"11/08/2016","18.356","18.200","18.730","18.175","82.83K","1.13%"
"11/07/2016","18.151","18.270","18.290","18.005","60.42K","-1.20%"
"11/04/2016","18.371","18.360","18.480","18.185","56.40K","-0.24%"
"11/03/2016","18.416","18.500","18.645","17.995","81.28K","-1.48%"
"11/02/2016","18.693","18.375","18.750","18.360","78.45K","1.49%"
"11/01/2016","18.418","17.890","18.510","17.850","92.62K","3.50%"
"10/31/2016","17.796","17.800","17.925","17.755","48.49K","0.00%"
"10/28/2016","17.796","17.600","17.935","17.505","69.83K","0.89%"
"10/27/2016","17.639","17.615","17.725","17.545","44.88K","0.07%"
"10/26/2016","17.626","17.770","17.870","17.575","50.24K","-0.87%"
"10/25/2016","17.780","17.605","17.820","17.510","50.47K","1.00%"
"10/24/2016","17.604","17.520","17.890","17.465","62.96K","0.63%"
"10/21/2016","17.493","17.535","17.560","17.395","34.29K","-0.32%"
"10/20/2016","17.549","17.695","17.745","17.450","50.75K","-0.65%"
"10/19/2016","17.663","17.625","17.790","17.570","43.32K","0.14%"
"10/18/2016","17.638","17.460","17.730","17.455","58.37K","0.94%"
"10/17/2016","17.474","17.450","17.515","17.360","32.94K","0.19%"
"10/14/2016","17.441","17.525","17.600","17.315","53.58K","-0.10%"
"10/13/2016","17.458","17.515","17.705","17.430","49.80K","-0.27%"
"10/12/2016","17.505","17.495","17.640","17.380","45.85K","-0.02%"
"10/11/2016","17.509","17.660","17.855","17.465","59.88K","-0.85%"
"10/10/2016","17.659","17.600","17.840","17.570","58.02K","1.61%"
"10/07/2016","17.380","17.345","17.685","17.115","88.86K","0.20%"
"10/06/2016","17.345","17.785","17.880","17.140","70.90K","-1.98%"
"10/05/2016","17.695","17.805","18.040","17.585","76.92K","-0.45%"
"10/04/2016","17.775","18.875","18.940","17.745","103.46K","-5.79%"
"10/03/2016","18.868","19.260","19.385","18.750","54.29K","-1.80%"
"09/30/2016","19.214","19.160","19.770","19.120","71.48K","0.14%"
"09/29/2016","19.188","19.255","19.460","19.050","54.07K","0.35%"
"09/28/2016","19.121","19.190","19.270","18.975","51.26K","-0.23%"
"09/27/2016","19.165","19.510","19.610","19.045","66.95K","-2.20%"
"09/26/2016","19.596","19.790","19.825","19.425","54.91K","-1.08%"
"09/23/2016","19.810","19.960","20.025","19.665","48.15K","-1.44%"
"09/22/2016","20.099","19.900","20.145","19.785","72.41K","1.67%"
"09/21/2016","19.768","19.320","19.955","19.070","86.74K","2.55%"
"09/20/2016","19.277","19.220","19.365","19.145","35.85K","-0.07%"
"09/19/2016","19.290","18.845","19.380","18.840","48.79K","2.27%"
"09/16/2016","18.862","19.060","19.085","18.715","42.33K","-0.94%"
"09/15/2016","19.041","19.020","19.280","18.875","46.09K","-0.13%"
"09/14/2016","19.066","18.940","19.175","18.845","37.25K","0.48%"
"09/13/2016","18.975","19.160","19.350","18.855","60.57K","-0.13%"
"09/12/2016","19.000","19.205","19.245","18.765","82.09K","-1.90%"
"09/09/2016","19.368","19.680","19.725","19.080","54.92K","-1.58%"
"09/08/2016","19.678","19.870","20.020","19.630","51.48K","-0.86%"
"09/07/2016","19.848","20.115","20.235","19.815","54.32K","-1.24%"
"09/06/2016","20.098","19.450","20.100","19.400","0.04K","-0.20%"
"09/05/2016","20.138","19.470","20.220","19.380","99.64K","3.99%"
"09/02/2016","19.366","18.955","19.535","18.825","69.38K","2.23%"
"09/01/2016","18.943","18.720","18.995","18.650","46.53K","1.26%"
"08/31/2016","18.707","18.660","18.930","18.600","43.36K","0.18%"
"08/30/2016","18.673","18.960","19.040","18.645","55.58K","-0.51%"
"08/29/2016","18.768","18.610","18.880","18.370","47.46K","0.63%"
"08/26/2016","18.651","18.490","19.035","18.470","83.39K","0.88%"
"08/25/2016","18.489","18.500","18.620","18.440","54.91K","-0.36%"
"08/24/2016","18.556","18.820","18.965","18.500","72.85K","-1.93%"
"08/23/2016","18.922","18.865","19.090","18.770","64.03K","0.33%"
"08/22/2016","18.859","19.250","19.250","18.710","91.31K","-2.37%"
"08/19/2016","19.317","19.775","19.800","19.220","81.21K","-2.14%"
"08/18/2016","19.740","19.695","19.940","19.625","71.17K","0.47%"
"08/17/2016","19.648","19.820","19.895","19.375","78.99K","-1.14%"
"08/16/2016","19.874","19.855","20.120","19.715","71.35K","0.14%"
"08/15/2016","19.847","19.755","20.050","19.700","44.25K","0.73%"
"08/12/2016","19.703","20.000","20.235","19.660","77.23K","-1.58%"
"08/11/2016","20.020","20.190","20.340","19.905","73.47K","-0.74%"
"08/10/2016","20.170","19.920","20.515","19.900","73.11K","1.61%"
"08/09/2016","19.850","19.750","19.900","19.605","44.73K","0.23%"
"08/08/2016","19.805","19.550","19.890","19.515","49.35K","-0.06%"
"08/05/2016","19.817","20.410","20.470","19.715","81.16K","-3.06%"
"08/04/2016","20.443","20.450","20.550","20.080","58.94K","-0.14%"
"08/03/2016","20.471","20.675","20.770","20.405","45.74K","-1.11%"
"08/02/2016","20.701","20.530","20.835","20.385","64.98K","0.98%"
"08/01/2016","20.500","20.410","20.695","20.335","57.83K","0.75%"
"07/29/2016","20.347","20.225","20.455","20.005","65.05K","0.77%"
"07/28/2016","20.192","20.420","20.585","20.155","64.91K","0.99%"
"07/27/2016","19.995","19.710","20.470","19.575","71.22K","1.59%"
"07/26/2016","19.683","19.625","19.800","19.490","33.53K","0.18%"
"07/25/2016","19.647","19.695","19.760","19.355","45.00K","-0.21%"
"07/22/2016","19.689","19.870","20.020","19.620","45.74K","-0.64%"
"07/21/2016","19.815","19.450","19.935","19.270","62.36K","1.03%"
"07/20/2016","19.613","19.970","20.050","19.385","60.50K","-1.97%"
"07/19/2016","20.007","20.115","20.125","19.870","36.20K","-0.34%"
"07/18/2016","20.075","20.235","20.295","19.770","49.92K","-0.45%"
"07/15/2016","20.165","20.390","20.395","20.060","51.47K","-0.77%"
"07/14/2016","20.322","20.450","20.615","20.060","61.95K","-0.45%"
"07/13/2016","20.413","20.220","20.550","19.955","61.33K","1.20%"
"07/12/2016","20.171","20.365","20.595","20.020","82.20K","-0.66%"
"07/11/2016","20.304","20.400","20.760","20.170","73.60K","1.02%"
"07/08/2016","20.099","19.735","20.390","19.280","81.31K","1.32%"
"07/07/2016","19.838","20.165","20.335","19.525","68.74K","-1.81%"
"07/06/2016","20.203","20.015","20.585","19.930","77.47K","1.49%"
"07/05/2016","19.907","19.840","21.225","19.610","172.61K","0.00%"
"07/04/2016","19.907","19.840","21.225","19.610","172.61K","1.63%"
"07/01/2016","19.588","18.815","19.980","18.795","90.85K","5.18%"
"06/30/2016","18.623","18.360","18.900","18.260","56.08K","1.17%"
"06/29/2016","18.407","17.865","18.580","17.845","90.51K","3.16%"
"06/28/2016","17.843","17.800","17.880","17.550","61.14K","0.56%"
"06/27/2016","17.744","17.790","17.940","17.660","71.08K","-0.25%"
"06/24/2016","17.789","17.150","18.370","17.105","84.60K","2.51%"
"06/23/2016","17.353","17.250","17.500","17.215","57.37K","0.24%"
"06/22/2016","17.312","17.310","17.355","17.125","59.64K","-0.04%"
"06/21/2016","17.319","17.500","17.605","17.190","74.77K","-1.11%"
"06/20/2016","17.514","17.460","17.660","17.300","62.87K","0.59%"
"06/17/2016","17.411","17.210","17.530","17.210","63.72K","-1.11%"
"06/16/2016","17.607","17.550","17.880","17.170","83.63K","0.59%"
"06/15/2016","17.503","17.400","17.635","17.355","52.04K","0.45%"
"06/14/2016","17.424","17.460","17.500","17.225","49.00K","-0.11%"
"06/13/2016","17.443","17.330","17.465","17.105","62.18K","0.65%"
"06/10/2016","17.330","17.280","17.380","17.160","52.62K","0.36%"
"06/09/2016","17.268","17.055","17.340","16.950","62.73K","1.67%"
"06/08/2016","16.985","16.410","17.115","16.390","74.54K","3.60%"
"06/07/2016","16.394","16.485","16.490","16.245","54.58K","-0.32%"
"06/06/2016","16.447","16.415","16.545","16.365","45.69K","0.50%"
"06/03/2016","16.365","16.015","16.470","15.970","59.40K","2.12%"
"06/02/2016","16.025","15.985","16.065","15.925","39.22K","0.62%"
"06/01/2016","15.927","16.020","16.105","15.830","56.80K","-0.57%"
"05/31/2016","16.018","16.085","16.100","16.085","0.03K","0.15%"
"05/30/2016","15.994","16.220","16.245","15.915","68.82K","-1.69%"
"05/27/2016","16.269","16.335","16.395","16.140","38.78K","-0.45%"
"05/26/2016","16.343","16.335","16.585","16.250","50.58K","0.50%"
"05/25/2016","16.261","16.235","16.380","16.185","47.07K","0.04%"
"05/24/2016","16.254","16.400","16.455","16.210","45.13K","-1.03%"
"05/23/2016","16.423","16.500","16.590","16.325","38.87K","-0.66%"
"05/20/2016","16.532","16.500","16.675","16.435","39.22K","0.24%"
"05/19/2016","16.493","16.855","16.950","16.350","76.51K","-3.73%"
"05/18/2016","17.132","17.285","17.320","16.715","61.96K","-0.68%"
"05/17/2016","17.250","17.175","17.380","17.055","40.69K","0.56%"
"05/16/2016","17.154","17.140","17.430","17.075","47.43K","0.13%"
"05/13/2016","17.132","17.025","17.200","16.850","48.01K","0.17%"
"05/12/2016","17.103","17.445","17.485","17.000","53.79K","-1.25%"
"05/11/2016","17.319","17.155","17.620","17.125","49.97K","1.33%"
"05/10/2016","17.092","17.050","17.190","16.925","43.22K","0.02%"
"05/09/2016","17.089","17.460","17.505","16.960","56.68K","-2.50%"
"05/06/2016","17.527","17.370","17.635","17.220","52.45K","1.15%"
"05/05/2016","17.327","17.410","17.685","17.285","55.05K","0.15%"
"05/04/2016","17.301","17.450","17.510","17.215","51.20K","-1.13%"
"05/03/2016","17.499","17.605","17.760","17.365","61.63K","-1.03%"
"05/02/2016","17.682","17.920","18.060","17.530","55.82K","-0.77%"
"04/29/2016","17.819","17.630","18.020","17.615","66.18K","1.31%"
"04/28/2016","17.588","17.285","17.695","17.185","72.24K","1.73%"
"04/27/2016","17.289","17.160","17.435","17.055","75.96K","1.05%"
"04/26/2016","17.110","17.005","17.175","16.835","83.61K","0.59%"
"04/25/2016","17.009","16.900","17.140","16.810","63.00K","0.64%"
"04/22/2016","16.900","17.015","17.360","16.855","88.30K","-1.11%"
"04/21/2016","17.090","16.960","17.720","16.755","142.29K","-0.26%"
"04/20/2016","17.135","16.960","17.255","16.855","92.98K","0.96%"
"04/19/2016","16.972","16.235","17.110","16.180","107.56K","4.42%"
"04/18/2016","16.253","16.295","16.340","16.130","45.77K","-0.37%"
"04/15/2016","16.313","16.185","16.395","16.110","46.57K","0.87%"
"04/14/2016","16.173","16.230","16.270","15.925","60.58K","-0.93%"
"04/13/2016","16.325","16.200","16.345","16.015","68.65K","0.63%"
"04/12/2016","16.222","15.950","16.230","15.800","75.57K","1.54%"
"04/11/2016","15.976","15.380","15.985","15.370","74.21K","3.85%"
"04/08/2016","15.384","15.215","15.390","15.120","43.34K","1.49%"
"04/07/2016","15.158","15.055","15.365","15.055","51.59K","0.69%"
"04/06/2016","15.054","15.130","15.195","14.915","41.55K","-0.41%"
"04/05/2016","15.116","14.940","15.220","14.925","40.47K","1.15%"
"04/04/2016","14.944","15.025","15.105","14.895","36.40K","-0.68%"
"04/01/2016","15.046","15.445","15.480","14.785","71.49K","-2.70%"
"03/31/2016","15.464","15.215","15.550","15.200","40.38K","1.66%"
"03/30/2016","15.211","15.360","15.460","15.175","45.02K","-0.14%"
"03/29/2016","15.233","15.230","15.375","15.060","47.51K","0.28%"
"03/28/2016","15.190","15.190","15.375","15.140","27.24K","-0.06%"
"03/24/2016","15.199","15.275","15.335","15.105","41.07K","-0.48%"
"03/23/2016","15.272","15.885","15.935","15.235","76.68K","-3.86%"
"03/22/2016","15.885","15.855","16.040","15.790","46.58K","0.24%"
"03/21/2016","15.847","15.830","15.925","15.725","33.91K","0.23%"
"03/18/2016","15.811","15.970","16.170","15.755","46.01K","-1.38%"
"03/17/2016","16.033","15.625","16.075","15.565","79.23K","5.35%"
"03/16/2016","15.219","15.290","15.675","15.210","47.24K","-0.28%"
"03/15/2016","15.261","15.375","15.420","15.200","38.70K","-1.68%"
"03/14/2016","15.521","15.520","15.850","15.310","58.17K","-0.54%"
"03/11/2016","15.605","15.615","15.755","15.480","45.38K","0.36%"
"03/10/2016","15.549","15.310","15.665","15.165","63.69K","1.19%"
"03/09/2016","15.366","15.370","15.455","15.205","44.00K","-0.16%"
"03/08/2016","15.390","15.650","15.760","15.350","52.20K","-1.55%"
"03/07/2016","15.633","15.575","15.830","15.495","48.85K","-0.39%"
"03/04/2016","15.694","15.230","15.840","15.150","85.08K","3.62%"
"03/03/2016","15.146","14.980","15.340","14.865","43.62K","0.83%"
"03/02/2016","15.022","14.830","15.045","14.770","39.82K","1.80%"
"03/01/2016","14.756","14.915","15.105","14.745","40.66K","-1.09%"
"02/29/2016","14.918","14.755","14.945","14.610","52.67K","1.39%"
"02/26/2016","14.714","15.175","15.260","14.695","72.79K","-3.01%"
"02/25/2016","15.170","15.240","15.330","15.030","68.98K","-0.83%"
"02/24/2016","15.297","15.300","15.595","15.185","83.78K","0.37%"
"02/23/2016","15.240","15.190","15.320","15.170","59.96K","0.37%"
"02/22/2016","15.184","15.365","15.370","14.945","67.44K","-1.23%"
"02/19/2016","15.373","15.420","15.495","15.290","50.79K","-0.38%"
"02/18/2016","15.432","15.315","15.570","15.225","62.25K","0.36%"
"02/17/2016","15.377","15.275","15.415","15.190","60.01K","0.21%"
"02/16/2016","15.345","15.455","15.455","15.260","0.43K","0.07%"
"02/15/2016","15.334","15.705","15.740","15.155","87.04K","-2.89%"
"02/12/2016","15.790","15.805","15.845","15.650","53.86K","-0.03%"
"02/11/2016","15.794","15.285","15.990","15.285","93.36K","3.35%"
"02/10/2016","15.282","15.285","15.325","15.110","57.40K","-1.08%"
"02/09/2016","15.449","15.360","15.470","15.205","54.35K","0.15%"
"02/08/2016","15.426","15.000","15.480","14.900","69.52K","4.38%"
"02/05/2016","14.778","14.880","15.065","14.670","53.90K","-0.48%"
"02/04/2016","14.850","14.705","14.930","14.650","52.52K","0.79%"
"02/03/2016","14.734","14.310","14.820","14.270","65.07K","3.11%"
"02/02/2016","14.289","14.345","14.405","14.230","34.18K","-0.38%"
"02/01/2016","14.343","14.255","14.420","14.200","35.15K","0.70%"
"01/29/2016","14.243","14.250","14.310","14.160","32.36K","0.08%"
"01/28/2016","14.232","14.510","14.540","14.070","43.77K","-1.57%"
"01/27/2016","14.459","14.515","14.585","14.360","37.69K","-0.72%"
"01/26/2016","14.564","14.255","14.580","14.220","56.61K","2.17%"
"01/25/2016","14.254","14.065","14.310","14.025","37.40K","1.40%"
"01/22/2016","14.057","14.115","14.360","14.020","45.77K","-0.26%"
"01/21/2016","14.094","14.175","14.210","13.885","48.80K","-0.47%"
"01/20/2016","14.160","14.035","14.220","13.995","39.85K","0.28%"
"01/19/2016","14.121","13.920","14.185","13.840","46.36K","0.00%"
"01/18/2016","14.121","13.920","14.185","13.840","46.36K","1.62%"
"01/15/2016","13.896","13.850","14.135","13.765","44.61K","1.08%"
"01/14/2016","13.748","14.175","14.185","13.740","50.73K","-2.88%"
"01/13/2016","14.156","13.785","14.205","13.750","50.02K","2.95%"
"01/12/2016","13.751","13.875","13.910","13.730","38.76K","-0.83%"
"01/11/2016","13.866","13.965","14.075","13.825","41.86K","-0.37%"
"01/08/2016","13.918","14.325","14.340","13.870","52.19K","-2.97%"
"01/07/2016","14.344","13.995","14.385","13.920","68.54K","2.63%"
"01/06/2016","13.976","13.950","14.135","13.855","40.05K","0.04%"
"01/05/2016","13.971","13.860","14.065","13.845","29.58K","0.94%"
"01/04/2016","13.841","13.815","14.185","13.800","51.63K","0.28%"
"12/31/2015","13.803","13.865","13.960","13.765","17.24K","-0.28%"
"12/30/2015","13.842","13.925","13.985","13.750","24.31K","-0.62%"
"12/29/2015","13.928","13.915","14.055","13.900","24.70K","0.32%"
"12/28/2015","13.884","14.365","14.425","13.850","34.87K","-3.44%"
"12/24/2015","14.379","14.300","14.400","14.265","13.69K","0.64%"
"12/23/2015","14.287","14.260","14.345","14.200","22.40K","-0.19%"
"12/22/2015","14.314","14.240","14.400","14.215","31.87K","-0.01%"
"12/21/2015","14.315","14.110","14.330","14.045","38.61K","1.55%"
"12/18/2015","14.096","13.710","14.195","13.685","45.14K","2.87%"
"12/17/2015","13.703","14.195","14.225","13.665","48.01K","-3.83%"
"12/16/2015","14.248","13.745","14.310","13.745","55.18K","3.47%"
"12/15/2015","13.770","13.655","13.810","13.635","38.12K","0.55%"
"12/14/2015","13.695","13.900","13.965","13.620","43.04K","-1.36%"
"12/11/2015","13.884","14.070","14.135","13.750","53.11K","-1.60%"
"12/10/2015","14.110","14.155","14.225","14.090","22.05K","-0.56%"
"12/09/2015","14.189","14.130","14.335","14.105","38.03K","0.52%"
"12/08/2015","14.116","14.220","14.310","14.065","38.79K","-1.51%"
"12/07/2015","14.332","14.590","14.640","14.205","41.32K","-1.35%"
"12/04/2015","14.528","14.100","14.610","14.020","59.70K","3.20%"
"12/03/2015","14.077","13.975","14.145","13.805","46.12K","0.49%"
"12/02/2015","14.009","14.165","14.210","13.900","36.16K","-0.53%"
"12/01/2015","14.083","14.060","14.240","14.040","31.41K","-0.02%"
"11/30/2015","14.086","14.045","14.180","13.975","27.92K","0.37%"
"11/27/2015","14.034","14.034","14.034","14.034","","-0.10%"
"11/26/2015","14.048","14.170","14.375","13.930","53.21K","-0.78%"
"11/25/2015","14.158","14.160","14.240","13.995","54.20K","-0.01%"
"11/24/2015","14.159","14.090","14.270","14.020","59.73K","0.91%"
"11/23/2015","14.032","14.135","14.155","13.855","58.08K","-0.45%"
"11/20/2015","14.096","14.230","14.370","14.040","48.93K","-0.89%"
"11/19/2015","14.222","14.140","14.370","14.090","47.79K","1.00%"
"11/18/2015","14.081","14.145","14.210","13.990","48.03K","-0.64%"
"11/17/2015","14.171","14.220","14.250","14.080","48.10K","-0.36%"
"11/16/2015","14.222","14.265","14.420","14.170","43.02K","0.13%"
"11/13/2015","14.204","14.250","14.350","14.140","39.52K","-0.15%"
"11/12/2015","14.225","14.275","14.465","14.155","67.76K","-0.27%"
"11/11/2015","14.263","14.375","14.490","14.230","50.93K","-0.65%"
"11/10/2015","14.356","14.515","14.555","14.265","58.43K","-0.40%"
"11/09/2015","14.413","14.730","14.760","14.395","50.39K","-1.89%"
"11/06/2015","14.691","14.960","15.045","14.685","54.95K","-1.95%"
"11/05/2015","14.983","15.065","15.090","14.910","42.80K","-0.50%"
"11/04/2015","15.058","15.255","15.325","15.025","39.66K","-1.19%"
"11/03/2015","15.239","15.400","15.450","15.200","35.44K","-1.10%"
"11/02/2015","15.408","15.535","15.550","15.250","40.80K","-1.02%"
"10/30/2015","15.567","15.600","15.655","15.475","40.00K","0.11%"
"10/29/2015","15.550","15.935","16.010","15.535","62.48K","-4.56%"
"10/28/2015","16.293","15.860","16.370","15.720","72.13K","2.71%"
"10/27/2015","15.863","15.840","15.950","15.780","27.45K","-0.26%"
"10/26/2015","15.905","15.845","15.980","15.770","24.97K","0.49%"
"10/23/2015","15.827","15.815","16.100","15.705","48.55K","-0.06%"
"10/22/2015","15.837","15.680","15.910","15.640","33.50K","0.81%"
"10/21/2015","15.710","15.900","15.940","15.610","40.33K","-1.30%"
"10/20/2015","15.917","15.830","15.965","15.740","38.77K","0.48%"
"10/19/2015","15.841","16.015","16.040","15.735","35.46K","-1.69%"
"10/16/2015","16.114","16.120","16.165","15.935","32.34K","-0.31%"
"10/15/2015","16.164","16.130","16.195","15.900","47.36K","0.29%"
"10/14/2015","16.117","15.910","16.195","15.790","60.33K","1.32%"
"10/13/2015","15.907","15.815","15.985","15.615","40.67K","0.27%"
"10/12/2015","15.864","15.795","16.075","15.765","36.44K","0.29%"
"10/09/2015","15.818","15.680","16.010","15.585","41.67K","0.33%"
"10/08/2015","15.766","16.055","16.080","15.375","59.34K","-2.04%"
"10/07/2015","16.094","15.890","16.115","15.820","44.10K","0.69%"
"10/06/2015","15.984","15.620","16.090","15.570","60.22K","1.76%"
"10/05/2015","15.708","15.250","15.730","15.100","61.89K","2.92%"
"10/02/2015","15.263","14.490","15.300","14.360","70.56K","5.18%"
"10/01/2015","14.511","14.500","14.670","14.430","28.15K","-0.05%"
"09/30/2015","14.518","14.605","14.725","14.435","37.06K","-0.38%"
"09/29/2015","14.573","14.585","14.700","14.455","33.13K","0.24%"
"09/28/2015","14.538","15.070","15.110","14.470","57.21K","-3.79%"
"09/25/2015","15.111","15.070","15.185","14.945","29.90K","-0.13%"
"09/24/2015","15.130","14.765","15.180","14.745","45.68K","2.31%"
"09/23/2015","14.789","14.765","14.910","14.685","26.77K","0.22%"
"09/22/2015","14.756","15.180","15.220","14.695","45.91K","-3.05%"
"09/21/2015","15.221","15.165","15.245","15.080","22.25K","0.38%"
"09/18/2015","15.163","15.120","15.435","15.015","46.42K","1.19%"
"09/17/2015","14.984","14.925","15.275","14.770","42.38K","0.67%"
"09/16/2015","14.885","14.370","14.965","14.310","51.34K","3.90%"
"09/15/2015","14.326","14.365","14.410","14.240","22.26K","-0.26%"
"09/14/2015","14.363","14.555","14.590","14.310","24.50K","-0.98%"
"09/11/2015","14.505","14.685","14.745","14.250","41.11K","-0.96%"
"09/10/2015","14.645","14.590","14.845","14.535","33.33K","0.47%"
"09/09/2015","14.576","14.795","14.930","14.560","34.42K","-1.18%"
"09/08/2015","14.750","14.750","14.750","14.750","0.01K","-0.03%"
"09/07/2015","14.755","14.550","14.880","14.440","42.66K","1.42%"
"09/04/2015","14.549","14.690","14.825","14.475","26.61K","-1.07%"
"09/03/2015","14.707","14.660","14.950","14.550","32.24K","0.27%"
"09/02/2015","14.667","14.585","14.815","14.425","38.22K","0.32%"
"09/01/2015","14.620","14.595","14.755","14.495","36.88K","0.23%"
"08/31/2015","14.586","14.580","14.670","14.390","29.89K","0.25%"
"08/28/2015","14.549","14.505","14.670","14.350","46.53K","0.92%"
"08/27/2015","14.417","14.100","14.560","14.050","59.87K","2.68%"
"08/26/2015","14.041","14.675","14.705","13.910","69.36K","-3.89%"
"08/25/2015","14.610","14.795","14.930","14.520","67.84K","-1.03%"
"08/24/2015","14.762","15.345","15.390","14.555","100.31K","-3.52%"
"08/21/2015","15.301","15.540","15.715","15.105","58.06K","-1.39%"
"08/20/2015","15.517","15.270","15.560","15.255","53.43K","2.23%"
"08/19/2015","15.179","14.865","15.320","14.795","62.38K","2.63%"
"08/18/2015","14.790","15.300","15.325","14.680","63.49K","-3.32%"
"08/17/2015","15.298","15.225","15.375","15.180","30.12K","0.56%"
"08/14/2015","15.213","15.400","15.585","15.140","46.38K","-1.21%"
"08/13/2015","15.399","15.515","15.555","15.265","48.73K","-0.50%"
"08/12/2015","15.476","15.290","15.570","15.125","67.36K","1.26%"
"08/11/2015","15.284","15.230","15.380","15.065","64.51K","-0.05%"
"08/10/2015","15.292","14.750","15.375","14.705","57.54K","3.18%"
"08/07/2015","14.821","14.630","14.990","14.565","62.03K","0.98%"
"08/06/2015","14.677","14.545","14.735","14.490","32.73K","0.85%"
"08/05/2015","14.553","14.545","14.675","14.465","34.45K","-0.03%"
"08/04/2015","14.557","14.450","14.625","14.345","35.56K","0.29%"
"08/03/2015","14.515","14.750","14.765","14.390","37.74K","-1.56%"
"07/31/2015","14.745","14.695","14.970","14.510","46.31K","0.33%"
"07/30/2015","14.696","14.775","14.815","14.580","32.48K","-0.32%"
"07/29/2015","14.743","14.640","14.900","14.570","36.95K","0.69%"
"07/28/2015","14.642","14.515","14.675","14.510","27.41K","0.25%"
"07/27/2015","14.605","14.690","14.740","14.495","31.24K","0.81%"
"07/24/2015","14.488","14.615","14.710","14.330","54.03K","-1.45%"
"07/23/2015","14.701","14.740","14.960","14.545","28.25K","-0.20%"
"07/22/2015","14.730","14.810","14.865","14.585","34.47K","-0.37%"
"07/21/2015","14.785","14.635","14.930","14.615","30.46K","0.18%"
"07/20/2015","14.758","14.830","14.980","14.490","59.33K","-0.51%"
"07/17/2015","14.834","14.955","15.005","14.795","27.75K","-1.00%"
"07/16/2015","14.984","15.060","15.145","14.845","30.84K","-0.43%"
"07/15/2015","15.048","15.325","15.360","14.960","34.77K","-1.74%"
"07/14/2015","15.315","15.480","15.480","15.235","28.08K","-0.92%"
"07/13/2015","15.457","15.555","15.900","15.270","37.58K","-0.16%"
"07/10/2015","15.481","15.375","15.635","15.340","30.25K","0.78%"
"07/09/2015","15.361","15.110","15.525","14.975","46.02K","1.31%"
"07/08/2015","15.163","15.005","15.220","14.705","65.79K","1.30%"
"07/07/2015","14.969","15.670","15.710","14.620","95.49K","-4.98%"
"07/06/2015","15.753","15.630","15.820","15.495","39.92K","0.00%"
"07/03/2015","15.753","15.715","15.820","15.495","39.92K","1.23%"
"07/02/2015","15.562","15.530","15.755","15.450","35.02K","-0.10%"
"07/01/2015","15.577","15.615","15.685","15.500","31.34K","-0.03%"
"06/30/2015","15.581","15.770","15.840","15.435","59.45K","-0.73%"
"06/29/2015","15.695","15.865","16.040","15.660","52.42K","-0.46%"
"06/26/2015","15.768","15.840","15.905","15.480","46.94K","-0.25%"
"06/25/2015","15.808","15.850","15.910","15.730","47.05K","-0.28%"
"06/24/2015","15.853","15.810","15.885","15.720","48.88K","0.74%"
"06/23/2015","15.737","16.135","16.175","15.670","71.69K","-2.51%"
"06/22/2015","16.142","16.100","16.230","15.985","52.30K","0.20%"
"06/19/2015","16.109","16.110","16.190","15.870","36.16K","-0.27%"
"06/18/2015","16.153","16.075","16.430","16.020","58.28K","1.29%"
"06/17/2015","15.947","15.965","16.250","15.885","39.27K","-0.11%"
"06/16/2015","15.965","16.035","16.105","15.850","34.00K","-0.73%"
"06/15/2015","16.083","15.900","16.235","15.810","49.65K","1.63%"
"06/12/2015","15.825","15.980","16.005","15.785","37.56K","-0.85%"
"06/11/2015","15.960","15.960","16.040","15.770","49.75K","0.01%"
"06/10/2015","15.959","15.910","16.190","15.895","45.25K","0.01%"
"06/09/2015","15.957","15.920","16.135","15.905","45.74K","-0.01%"
"06/08/2015","15.959","16.040","16.110","15.880","46.03K","-0.16%"
"06/05/2015","15.984","16.065","16.160","15.925","59.68K","-0.74%"
"06/04/2015","16.103","16.480","16.500","16.065","54.53K","-2.29%"
"06/03/2015","16.480","16.775","16.795","16.375","56.53K","-1.90%"
"06/02/2015","16.799","16.725","16.840","16.610","41.68K","0.71%"
"06/01/2015","16.680","16.695","17.170","16.590","56.49K","-0.13%"
"05/29/2015","16.701","16.670","16.850","16.640","30.47K","0.19%"
"05/28/2015","16.669","16.675","16.775","16.540","35.37K","0.13%"
"05/27/2015","16.647","16.735","16.810","16.580","31.98K","-0.59%"
"05/26/2015","16.746","17.050","17.180","16.645","48.46K","0.00%"
"05/25/2015","16.746","17.050","17.180","16.645","48.46K","-1.79%"
"05/22/2015","17.051","17.140","17.335","16.940","31.25K","-0.47%"
"05/21/2015","17.132","17.100","17.250","17.000","21.29K","0.11%"
"05/20/2015","17.113","17.095","17.280","16.935","34.83K","0.25%"
"05/19/2015","17.071","17.705","17.735","16.870","59.14K","-3.73%"
"05/18/2015","17.732","17.535","17.775","17.475","39.80K","0.96%"
"05/15/2015","17.563","17.460","17.585","17.205","47.60K","0.56%"
"05/14/2015","17.465","17.160","17.585","17.070","63.92K","1.42%"
"05/13/2015","17.221","16.520","17.235","16.480","77.19K","4.21%"
"05/12/2015","16.526","16.285","16.595","16.120","38.56K","1.30%"
"05/11/2015","16.314","16.415","16.550","16.200","33.89K","-0.92%"
"05/08/2015","16.465","16.305","16.555","16.260","32.98K","1.03%"
"05/07/2015","16.297","16.535","16.555","16.160","37.26K","-1.27%"
"05/06/2015","16.506","16.540","16.650","16.385","31.19K","-0.44%"
"05/05/2015","16.579","16.400","16.705","16.345","32.83K","0.84%"
"05/04/2015","16.441","16.130","16.765","16.125","46.04K","1.90%"
"05/01/2015","16.135","16.145","16.260","15.895","32.29K","-0.11%"
"04/30/2015","16.153","16.575","16.730","15.800","63.64K","-3.29%"
"04/29/2015","16.702","16.620","16.725","16.415","55.49K","0.67%"
"04/28/2015","16.591","16.375","16.660","16.275","60.64K","1.20%"
"04/27/2015","16.394","15.730","16.445","15.680","75.68K","4.85%"
"04/24/2015","15.636","15.840","15.885","15.550","62.40K","-1.22%"
"04/23/2015","15.829","15.760","15.920","15.705","45.10K","0.21%"
"04/22/2015","15.796","15.965","16.075","15.655","53.97K","-1.32%"
"04/21/2015","16.008","15.920","16.165","15.860","53.05K","0.75%"
"04/20/2015","15.889","16.275","16.340","15.820","54.54K","-2.10%"
"04/17/2015","16.229","16.260","16.490","16.185","40.04K","-0.34%"
"04/16/2015","16.284","16.290","16.475","16.100","45.03K","0.03%"
"04/15/2015","16.279","16.145","16.370","16.045","41.45K","0.73%"
"04/14/2015","16.161","16.280","16.340","15.955","45.45K","-0.80%"
"04/13/2015","16.291","16.420","16.510","16.225","35.54K","-0.56%"
"04/10/2015","16.382","16.140","16.650","16.140","50.10K","1.27%"
"04/09/2015","16.176","16.500","16.510","16.105","46.10K","-1.69%"
"04/08/2015","16.454","16.845","16.905","16.370","48.35K","-2.29%"
"04/07/2015","16.840","16.960","16.975","16.730","29.74K","-1.58%"
"04/06/2015","17.110","16.995","17.310","16.935","33.62K","2.33%"
"04/03/2015","16.720","16.720","16.720","16.720","","0.11%"
"04/02/2015","16.701","16.935","17.000","16.570","38.40K","-2.10%"
"04/01/2015","17.059","16.620","17.075","16.500","42.38K","2.78%"
"03/31/2015","16.598","16.705","16.820","16.435","35.81K","-0.46%"
"03/30/2015","16.674","16.990","16.990","16.625","32.06K","-2.31%"
"03/27/2015","17.069","17.085","17.195","16.855","40.12K","-0.41%"
"03/26/2015","17.140","16.970","17.405","16.910","45.16K","0.82%"
"03/25/2015","17.000","16.935","17.140","16.840","29.96K","0.10%"
"03/24/2015","16.983","16.995","17.040","16.805","36.52K","0.54%"
"03/23/2015","16.891","16.755","17.090","16.610","43.23K","0.05%"
"03/20/2015","16.883","16.125","16.890","16.080","60.33K","4.77%"
"03/19/2015","16.114","15.930","16.205","15.795","40.54K","3.69%"
"03/18/2015","15.541","15.530","16.095","15.430","38.30K","-0.24%"
"03/17/2015","15.578","15.625","15.720","15.360","35.47K","-0.25%"
"03/16/2015","15.617","15.630","15.755","15.490","26.22K","0.79%"
"03/13/2015","15.494","15.565","15.660","15.455","22.87K","-0.14%"
"03/12/2015","15.516","15.470","15.685","15.385","29.53K","0.98%"
"03/11/2015","15.365","15.625","15.730","15.260","40.74K","-1.71%"
"03/10/2015","15.633","15.720","15.825","15.580","33.40K","-0.91%"
"03/09/2015","15.776","15.930","15.960","15.705","24.41K","-0.20%"
"03/06/2015","15.807","16.185","16.235","15.745","44.54K","-2.17%"
"03/05/2015","16.158","16.220","16.355","16.140","22.40K","0.00%"
"03/04/2015","16.158","16.260","16.360","16.055","25.62K","-0.85%"
"03/03/2015","16.296","16.405","16.580","16.070","41.77K","-0.94%"
"03/02/2015","16.451","16.575","16.790","16.350","26.91K","-0.65%"
"02/27/2015","16.558","16.565","16.700","16.425","28.82K","-0.40%"
"02/26/2015","16.624","16.535","16.905","16.520","41.42K","1.18%"
"02/25/2015","16.430","16.285","16.700","16.280","49.19K","1.49%"
"02/24/2015","16.188","16.300","16.455","16.040","42.84K","-0.41%"
"02/23/2015","16.254","16.255","16.590","16.065","45.29K","-0.12%"
"02/20/2015","16.273","16.345","16.555","16.160","45.87K","-0.66%"
"02/19/2015","16.381","16.445","16.770","16.320","40.08K","0.71%"
"02/18/2015","16.265","16.480","16.575","16.230","51.72K","-0.84%"
"02/17/2015","16.402","17.400","17.400","16.330","0.08K","0.15%"
"02/16/2015","16.378","17.325","17.400","16.260","82.65K","-5.30%"
"02/13/2015","17.294","16.840","17.430","16.835","49.50K","2.98%"
"02/12/2015","16.794","16.795","17.040","16.605","39.40K","0.20%"
"02/11/2015","16.761","16.930","17.075","16.710","40.36K","-0.66%"
"02/10/2015","16.873","16.965","17.095","16.715","38.63K","-1.15%"
"02/09/2015","17.070","16.785","17.145","16.685","39.55K","2.25%"
"02/06/2015","16.694","17.280","17.370","16.545","61.74K","-2.92%"
"02/05/2015","17.196","17.370","17.500","16.920","40.58K","-1.14%"
"02/04/2015","17.395","17.330","17.670","17.170","40.74K","0.43%"
"02/03/2015","17.321","17.240","17.750","17.070","49.86K","0.41%"
"02/02/2015","17.251","17.155","17.340","16.995","31.08K","0.25%"
"01/30/2015","17.208","16.990","17.320","16.815","45.05K","2.59%"
"01/29/2015","16.773","18.000","18.050","16.740","76.05K","-7.27%"
"01/28/2015","18.088","18.045","18.175","17.945","28.31K","0.02%"
"01/27/2015","18.084","17.920","18.215","17.405","33.46K","0.56%"
"01/26/2015","17.983","18.300","18.490","17.865","35.51K","-1.73%"
"01/23/2015","18.300","18.335","18.415","18.120","32.92K","-0.33%"
"01/22/2015","18.360","18.160","18.490","17.890","44.49K","0.92%"
"01/21/2015","18.193","18.010","18.505","17.915","58.03K","1.32%"
"01/20/2015","17.956","17.840","18.045","17.630","61.29K","0.00%"
"01/19/2015","17.956","17.840","18.045","17.630","61.29K","1.16%"
"01/16/2015","17.750","16.965","17.865","16.890","66.28K","3.79%"
"01/15/2015","17.102","16.840","17.240","16.710","58.85K","0.67%"
"01/14/2015","16.988","17.070","17.095","16.560","47.98K","-0.98%"
"01/13/2015","17.156","16.590","17.215","16.570","64.87K","3.57%"
"01/12/2015","16.564","16.495","16.690","16.430","25.30K","0.88%"
"01/09/2015","16.419","16.375","16.625","16.210","33.06K","0.21%"
"01/08/2015","16.385","16.545","16.665","16.305","27.84K","-0.96%"
"01/07/2015","16.544","16.575","16.660","16.300","35.68K","-0.56%"
"01/06/2015","16.637","16.160","16.740","16.115","43.73K","2.62%"
"01/05/2015","16.213","15.795","16.260","15.630","47.13K","2.82%"
"01/02/2015","15.768","15.730","16.060","15.510","31.56K","1.08%"
"12/31/2014","15.599","16.250","16.310","15.545","26.62K","-4.16%"
"12/30/2014","16.276","15.810","16.480","15.750","36.74K","3.15%"
"12/29/2014","15.779","16.080","16.255","15.720","26.82K","-2.28%"
"12/26/2014","16.147","15.780","16.305","15.765","16.67K","2.78%"
"12/24/2014","15.710","15.775","15.865","15.680","11.18K","-0.36%"
"12/23/2014","15.767","15.675","15.895","15.560","24.38K","0.50%"
"12/22/2014","15.688","16.150","16.175","15.530","33.49K","-2.13%"
"12/19/2014","16.030","15.875","16.110","15.830","22.63K","0.60%"
"12/18/2014","15.934","15.755","16.230","15.740","33.97K","0.04%"
"12/17/2014","15.928","15.755","16.060","15.615","47.39K","1.12%"
"12/16/2014","15.752","16.205","16.665","15.540","73.53K","-4.90%"
"12/15/2014","16.563","17.050","17.080","16.135","43.61K","-2.90%"
"12/12/2014","17.057","17.110","17.230","17.010","29.51K","-0.32%"
"12/11/2014","17.112","17.065","17.240","16.945","34.16K","-0.44%"
"12/10/2014","17.187","17.125","17.355","16.950","47.68K","0.31%"
"12/09/2014","17.134","16.360","17.230","16.290","66.81K","5.27%"
"12/08/2014","16.276","16.250","16.440","16.165","24.60K","0.11%"
"12/05/2014","16.258","16.475","16.560","16.220","38.18K","-1.91%"
"12/04/2014","16.575","16.425","16.680","16.375","32.41K","0.99%"
"12/03/2014","16.412","16.465","16.595","16.235","37.72K","-0.27%"
"12/02/2014","16.456","16.495","16.535","16.070","60.81K","-1.41%"
"12/01/2014","16.692","15.390","16.810","14.155","119.91K","7.36%"
"11/28/2014","15.547","16.390","16.390","15.795","0.04K","-0.06%"
"11/27/2014","15.556","16.540","16.575","15.410","72.00K","-5.99%"
"11/26/2014","16.548","16.645","16.650","16.440","23.49K","-0.03%"
"11/25/2014","16.553","16.435","16.690","16.435","71.17K","1.08%"
"11/24/2014","16.376","16.365","16.470","16.245","58.07K","-0.12%"
"11/21/2014","16.395","16.255","16.600","16.095","73.06K","1.60%"
"11/20/2014","16.137","16.120","16.320","15.955","45.48K","-0.96%"
"11/19/2014","16.294","16.165","16.535","15.870","85.90K","0.74%"
"11/18/2014","16.174","16.130","16.400","15.970","46.05K","0.73%"
"11/17/2014","16.057","16.305","16.455","16.015","59.51K","-1.58%"
"11/14/2014","16.314","15.630","16.380","15.250","82.63K","4.44%"
"11/13/2014","15.621","15.640","15.790","15.535","37.52K","-0.01%"
"11/12/2014","15.623","15.685","15.765","15.545","48.95K","-0.35%"
"11/11/2014","15.678","15.595","15.880","15.445","43.83K","0.04%"
"11/10/2014","15.671","15.800","15.880","15.480","49.09K","-0.27%"
"11/07/2014","15.714","15.405","15.880","15.040","74.11K","1.95%"
"11/06/2014","15.413","15.340","15.455","15.205","47.55K","-0.17%"
"11/05/2014","15.439","16.020","16.045","15.120","83.75K","-3.22%"
"11/04/2014","15.953","16.115","16.165","15.905","36.42K","-1.53%"
"11/03/2014","16.201","16.110","16.220","15.740","40.94K","0.59%"
"10/31/2014","16.106","16.495","16.515","15.635","82.13K","-1.91%"
"10/30/2014","16.420","17.095","17.205","16.330","83.43K","-4.89%"
"10/29/2014","17.264","17.200","17.315","17.015","32.28K","0.22%"
"10/28/2014","17.226","17.095","17.400","17.060","31.47K","0.38%"
"10/27/2014","17.161","17.185","17.230","17.080","20.80K","-0.12%"
"10/24/2014","17.182","17.200","17.355","17.135","28.62K","0.14%"
"10/23/2014","17.158","17.175","17.250","17.035","30.34K","-0.42%"
"10/22/2014","17.231","17.520","17.535","17.115","37.62K","-1.81%"
"10/21/2014","17.549","17.420","17.655","17.355","34.43K","1.12%"
"10/20/2014","17.354","17.335","17.520","17.250","23.44K","0.13%"
"10/17/2014","17.331","17.370","17.440","17.220","26.08K","-0.61%"
"10/16/2014","17.437","17.450","17.540","17.200","37.55K","-0.15%"
"10/15/2014","17.464","17.380","17.820","17.020","66.54K","0.35%"
"10/14/2014","17.403","17.500","17.570","17.325","25.58K","0.33%"
"10/13/2014","17.345","17.360","17.680","17.280","28.59K","0.24%"
"10/10/2014","17.303","17.360","17.420","17.205","32.06K","-0.66%"
"10/09/2014","17.418","17.370","17.720","17.325","52.09K","2.07%"
"10/08/2014","17.064","17.195","17.465","17.055","46.89K","-1.02%"
"10/07/2014","17.240","17.340","17.625","17.085","43.60K","0.09%"
"10/06/2014","17.225","16.805","17.360","16.660","39.33K","2.37%"
"10/03/2014","16.826","17.060","17.155","16.640","49.09K","-1.30%"
"10/02/2014","17.047","17.190","17.350","16.930","40.70K","-1.23%"
"10/01/2014","17.259","16.975","17.440","16.865","49.86K","1.18%"
"09/30/2014","17.057","17.460","17.575","16.850","65.19K","-2.90%"
"09/29/2014","17.567","17.575","17.635","17.430","27.89K","0.17%"
"09/26/2014","17.537","17.500","17.725","17.440","38.52K","0.57%"
"09/25/2014","17.438","17.675","17.690","17.270","54.83K","-1.49%"
"09/24/2014","17.702","17.765","17.870","17.510","51.46K","-0.43%"
"09/23/2014","17.779","17.725","17.990","17.610","48.47K","0.03%"
"09/22/2014","17.774","17.855","17.865","17.325","76.99K","-0.39%"
"09/19/2014","17.844","18.525","18.595","17.780","66.51K","-3.63%"
"09/18/2014","18.517","18.510","18.620","18.270","44.86K","-1.16%"
"09/17/2014","18.734","18.695","18.800","18.490","33.29K","0.07%"
"09/16/2014","18.721","18.645","18.885","18.610","40.74K","0.54%"
"09/15/2014","18.620","18.610","18.710","18.555","26.31K","0.08%"
"09/12/2014","18.606","18.685","18.720","18.455","42.61K","0.04%"
"09/11/2014","18.599","18.960","18.985","18.570","59.09K","-1.73%"
"09/10/2014","18.926","19.080","19.125","18.900","33.97K","0.03%"
"09/09/2014","18.920","19.055","19.155","18.890","32.56K","-0.22%"
"09/08/2014","18.961","19.190","19.345","18.930","29.56K","-1.02%"
"09/05/2014","19.156","19.065","19.280","19.020","26.62K","0.09%"
"09/04/2014","19.138","19.215","19.390","19.045","40.52K","-0.27%"
"09/03/2014","19.189","19.210","19.280","19.135","28.04K","0.36%"
"09/02/2014","19.120","19.205","19.225","19.150","0.02K","-0.17%"
"09/01/2014","19.152","19.495","19.565","19.110","54.21K","-1.74%"
"08/29/2014","19.492","19.540","19.675","19.475","31.22K","-0.60%"
"08/28/2014","19.609","19.480","19.950","19.470","58.21K","1.05%"
"08/27/2014","19.405","19.340","19.475","19.285","41.25K","0.10%"
"08/26/2014","19.386","19.325","19.660","19.305","47.89K","0.14%"
"08/25/2014","19.358","19.415","19.470","19.295","27.18K","-0.14%"
"08/22/2014","19.386","19.425","19.550","19.285","44.07K","-0.15%"
"08/21/2014","19.415","19.465","19.480","19.285","40.26K","-0.42%"
"08/20/2014","19.497","19.425","19.585","19.395","41.95K","0.44%"
"08/19/2014","19.412","19.595","19.700","19.365","36.67K","-1.14%"
"08/18/2014","19.635","19.580","19.695","19.470","26.56K","0.56%"
"08/15/2014","19.525","19.865","19.955","19.505","56.19K","-1.91%"
"08/14/2014","19.906","19.820","19.985","19.785","36.09K","0.31%"
"08/13/2014","19.845","19.925","20.085","19.705","48.70K","-0.30%"
"08/12/2014","19.905","20.015","20.155","19.875","43.74K","-0.95%"
"08/11/2014","20.095","19.920","20.110","19.845","31.06K","0.77%"
"08/08/2014","19.941","19.995","20.185","19.845","49.70K","-0.25%"
"08/07/2014","19.990","20.050","20.130","19.880","42.14K","-0.17%"
"08/06/2014","20.024","19.785","20.135","19.770","54.38K","0.96%"
"08/05/2014","19.833","20.180","20.290","19.760","56.37K","-1.98%"
"08/04/2014","20.233","20.335","20.480","20.170","32.96K","-0.68%"
"08/01/2014","20.371","20.400","20.580","20.245","46.45K","-0.20%"
"07/31/2014","20.412","20.645","20.780","20.370","41.49K","-0.90%"
"07/30/2014","20.597","20.600","20.760","20.480","31.47K","0.07%"
"07/29/2014","20.583","20.630","20.845","20.505","35.80K","0.08%"
"07/28/2014","20.567","20.715","20.775","20.550","31.66K","-0.33%"
"07/25/2014","20.636","20.420","20.810","20.350","40.40K","1.08%"
"07/24/2014","20.415","20.960","20.970","20.350","59.35K","-2.76%"
"07/23/2014","20.995","21.025","21.105","20.940","24.13K","-0.06%"
"07/22/2014","21.008","20.970","21.120","20.785","35.99K","-0.02%"
"07/21/2014","21.012","20.930","21.165","20.860","21.75K","0.60%"
"07/18/2014","20.886","21.205","21.315","20.780","34.67K","-1.17%"
"07/17/2014","21.134","20.815","21.300","20.760","49.40K","1.73%"
"07/16/2014","20.775","20.750","20.880","20.630","35.31K","-0.55%"
"07/15/2014","20.889","20.975","21.130","20.670","52.56K","-0.12%"
"07/14/2014","20.914","21.485","21.530","20.900","53.82K","-2.55%"
"07/11/2014","21.461","21.465","21.565","21.420","30.12K","-0.22%"
"07/10/2014","21.508","21.120","21.630","21.120","54.60K","2.09%"
"07/09/2014","21.068","21.085","21.285","21.040","36.40K","0.26%"
"07/08/2014","21.013","21.100","21.245","20.955","40.31K","0.00%"
"07/07/2014","21.014","21.180","21.215","20.865","40.00K","0.00%"
"07/04/2014","21.014","21.200","21.215","20.865","40.00K","-0.58%"
"07/03/2014","21.137","21.210","21.230","20.820","41.65K","-0.77%"
"07/02/2014","21.302","21.085","21.335","20.960","42.62K","0.88%"
"07/01/2014","21.117","21.070","21.275","21.050","46.01K","0.29%"
"06/30/2014","21.056","21.060","21.170","20.805","48.88K","-0.37%"
"06/27/2014","21.134","21.155","21.250","20.945","50.42K","0.12%"
"06/26/2014","21.108","21.015","21.120","20.795","56.35K","-0.04%"
"06/25/2014","21.116","20.910","21.165","20.705","72.89K","0.35%"
"06/24/2014","21.043","20.890","21.170","20.810","72.13K","0.61%"
"06/23/2014","20.916","20.865","20.945","20.735","54.15K","-0.16%"
"06/20/2014","20.949","20.770","20.990","20.580","81.70K","1.46%"
"06/19/2014","20.648","19.895","20.925","19.830","98.31K","4.40%"
"06/18/2014","19.778","19.740","19.920","19.665","43.01K","0.23%"
"06/17/2014","19.732","19.665","19.775","19.435","40.36K","0.09%"
"06/16/2014","19.715","19.670","19.875","19.570","48.42K","0.31%"
"06/13/2014","19.655","19.525","19.720","19.470","48.73K","0.62%"
"06/12/2014","19.533","19.190","19.565","19.150","62.67K","1.88%"
"06/11/2014","19.172","19.185","19.330","19.145","39.95K","0.02%"
"06/10/2014","19.168","19.055","19.245","18.970","40.75K","0.53%"
"06/09/2014","19.066","19.020","19.190","18.985","34.58K","0.39%"
"06/06/2014","18.991","19.040","19.200","18.880","46.76K","-0.48%"
"06/05/2014","19.083","18.800","19.155","18.670","45.76K","1.55%"
"06/04/2014","18.792","18.780","18.880","18.720","23.66K","0.15%"
"06/03/2014","18.763","18.755","18.920","18.710","31.81K","0.13%"
"06/02/2014","18.739","18.795","18.870","18.650","26.97K","0.31%"
"05/30/2014","18.682","19.035","19.085","18.615","43.63K","-1.75%"
"05/29/2014","19.014","19.035","19.095","18.780","44.90K","-0.24%"
"05/28/2014","19.059","19.070","19.155","18.970","36.47K","-0.04%"
"05/27/2014","19.067","19.440","19.500","19.025","56.72K","0.00%"
"05/26/2014","19.067","19.440","19.500","19.025","56.72K","-1.81%"
"05/23/2014","19.418","19.490","19.525","19.295","28.74K","-0.52%"
"05/22/2014","19.520","19.400","19.825","19.360","43.75K","0.94%"
"05/21/2014","19.338","19.400","19.500","19.265","29.18K","-0.31%"
"05/20/2014","19.399","19.345","19.465","19.225","30.27K","0.24%"
"05/19/2014","19.353","19.370","19.685","19.310","34.15K","0.12%"
"05/16/2014","19.329","19.500","19.530","19.255","32.30K","-0.80%"
"05/15/2014","19.484","19.790","19.835","19.430","44.62K","-1.47%"
"05/14/2014","19.775","19.550","20.005","19.510","43.83K","1.17%"
"05/13/2014","19.547","19.530","19.620","19.365","27.54K","0.02%"
"05/12/2014","19.543","19.155","19.670","19.045","43.19K","2.21%"
"05/09/2014","19.121","19.190","19.315","19.045","29.97K","-0.09%"
"05/08/2014","19.138","19.320","19.390","19.125","33.12K","-1.05%"
"05/07/2014","19.342","19.605","19.770","19.295","44.06K","-1.54%"
"05/06/2014","19.645","19.625","19.715","19.505","30.19K","0.38%"
"05/05/2014","19.571","19.545","19.745","19.485","27.73K","0.13%"
"05/02/2014","19.546","19.045","19.700","18.905","52.01K","2.64%"
"05/01/2014","19.043","19.190","19.250","18.685","36.49K","-0.68%"
"04/30/2014","19.174","19.485","19.510","19.060","50.75K","-1.86%"
"04/29/2014","19.538","19.600","19.630","19.335","49.38K","-0.26%"
"04/28/2014","19.588","19.730","19.755","19.470","42.03K","-0.52%"
"04/25/2014","19.691","19.655","19.810","19.515","57.49K","0.02%"
"04/24/2014","19.688","19.435","19.910","18.930","91.75K","1.29%"
"04/23/2014","19.438","19.405","19.545","19.380","41.39K","0.40%"
"04/22/2014","19.361","19.415","19.530","19.285","47.50K","0.05%"
"04/21/2014","19.351","19.600","19.705","19.230","32.09K","-1.25%"
"04/17/2014","19.596","19.635","19.720","19.490","31.87K","-0.19%"
"04/16/2014","19.634","19.555","19.805","19.325","40.93K","0.74%"
"04/15/2014","19.489","19.970","19.995","19.220","71.45K","-2.60%"
"04/14/2014","20.010","20.035","20.140","19.720","34.86K","0.32%"
"04/11/2014","19.946","20.040","20.130","19.910","38.71K","-0.72%"
"04/10/2014","20.091","19.860","20.400","19.860","59.96K","1.62%"
"04/09/2014","19.770","20.040","20.095","19.600","59.56K","-1.43%"
"04/08/2014","20.057","19.870","20.175","19.850","47.57K","0.75%"
"04/07/2014","19.907","19.995","20.015","19.775","27.77K","-0.20%"
"04/04/2014","19.946","19.835","20.230","19.785","41.03K","0.71%"
"04/03/2014","19.805","19.995","20.080","19.660","32.83K","-1.22%"
"04/02/2014","20.050","19.750","20.145","19.730","46.39K","1.84%"
"04/01/2014","19.688","19.775","19.910","19.635","31.25K","-0.32%"
"03/31/2014","19.752","19.855","20.010","19.725","32.43K","-0.19%"
"03/28/2014","19.790","19.725","19.920","19.620","39.22K","0.42%"
"03/27/2014","19.708","19.755","19.870","19.575","33.84K","-0.36%"
"03/26/2014","19.780","20.000","20.145","19.680","37.67K","-1.00%"
"03/25/2014","19.979","19.950","20.215","19.905","36.86K","-0.44%"
"03/24/2014","20.067","20.290","20.315","19.920","42.85K","-1.20%"
"03/21/2014","20.310","20.320","20.585","20.265","28.42K","-0.59%"
"03/20/2014","20.430","20.615","20.730","20.140","46.87K","-1.90%"
"03/19/2014","20.826","20.835","20.965","20.505","52.65K","-0.17%"
"03/18/2014","20.862","21.190","21.250","20.625","46.68K","-1.94%"
"03/17/2014","21.275","21.490","21.650","21.125","33.94K","-0.64%"
"03/14/2014","21.413","21.200","21.795","21.140","50.79K","1.01%"
"03/13/2014","21.198","21.330","21.480","21.105","41.71K","-0.75%"
"03/12/2014","21.358","20.860","21.435","20.820","58.04K","2.61%"
"03/11/2014","20.815","20.850","21.325","20.670","47.30K","-0.45%"
"03/10/2014","20.910","20.930","21.060","20.610","40.32K","-0.09%"
"03/07/2014","20.928","21.490","21.610","20.755","59.34K","-2.99%"
"03/06/2014","21.574","21.200","21.650","21.105","36.31K","1.42%"
"03/05/2014","21.271","21.210","21.340","21.155","24.44K","0.23%"
"03/04/2014","21.222","21.450","21.540","21.040","43.76K","-1.22%"
"03/03/2014","21.485","21.325","21.740","21.260","45.84K","1.15%"
"02/28/2014","21.241","21.295","21.430","21.105","37.01K","-0.52%"
"02/27/2014","21.352","21.275","21.515","21.025","52.64K","0.46%"
"02/26/2014","21.254","21.875","22.035","21.085","73.73K","-3.23%"
"02/25/2014","21.963","21.960","22.025","21.670","68.51K","-0.40%"
"02/24/2014","22.051","21.920","22.180","21.520","76.42K","1.23%"
"02/21/2014","21.782","21.825","21.975","21.575","59.01K","0.45%"
"02/20/2014","21.684","21.555","21.900","21.400","58.93K","-0.76%"
"02/19/2014","21.850","21.955","21.960","21.375","58.96K","-0.29%"
"02/18/2014","21.914","21.550","21.990","21.380","1.37K","0.07%"
"02/17/2014","21.898","21.480","21.980","21.315","97.56K","2.23%"
"02/14/2014","21.421","20.480","21.490","20.445","75.40K","5.03%"
"02/13/2014","20.395","20.220","20.520","20.125","42.80K","0.27%"
"02/12/2014","20.341","20.220","20.390","20.080","61.86K","0.93%"
"02/11/2014","20.153","20.055","20.290","19.915","56.20K","0.20%"
"02/10/2014","20.112","19.970","20.275","19.960","46.08K","0.88%"
"02/07/2014","19.936","19.930","20.090","19.755","45.55K","0.04%"
"02/06/2014","19.928","19.885","20.180","19.830","37.60K","0.62%"
"02/05/2014","19.805","19.480","20.335","19.435","49.13K","1.97%"
"02/04/2014","19.422","19.345","19.510","19.260","26.10K","0.07%"
"02/03/2014","19.409","19.095","19.620","19.060","35.67K","1.51%"
"01/31/2014","19.120","19.130","19.465","19.065","34.26K","-0.03%"
"01/30/2014","19.126","19.725","19.730","18.970","46.37K","-2.18%"
"01/29/2014","19.552","19.570","19.965","19.450","43.35K","0.25%"
"01/28/2014","19.503","19.665","19.840","19.455","35.16K","-1.47%"
"01/27/2014","19.793","19.970","20.090","19.550","36.45K","0.14%"
"01/24/2014","19.765","20.000","20.285","19.715","42.72K","-1.22%"
"01/23/2014","20.010","19.775","20.310","19.645","49.95K","0.86%"
"01/22/2014","19.839","19.875","19.940","19.735","17.97K","-0.16%"
"01/21/2014","19.870","20.300","20.435","19.655","45.89K","0.00%"
"01/20/2014","19.870","20.300","20.435","19.655","45.89K","-2.14%"
"01/17/2014","20.304","20.100","20.425","19.960","32.15K","1.25%"
"01/16/2014","20.054","20.210","20.250","19.970","27.86K","-0.40%"
"01/15/2014","20.134","20.255","20.270","19.905","29.79K","-0.73%"
"01/14/2014","20.282","20.390","20.670","20.125","48.79K","-0.51%"
"01/13/2014","20.385","20.190","20.470","19.955","36.68K","0.80%"
"01/10/2014","20.223","19.550","20.250","19.545","52.34K","2.74%"
"01/09/2014","19.683","19.525","19.710","19.380","33.06K","0.74%"
"01/08/2014","19.539","19.830","19.865","19.310","45.24K","-1.25%"
"01/07/2014","19.787","20.180","20.280","19.625","38.36K","-1.57%"
"01/06/2014","20.103","20.135","20.355","19.950","38.85K","-0.53%"
"01/03/2014","20.211","20.015","20.325","19.985","30.03K","0.41%"
"01/02/2014","20.128","19.440","20.440","19.430","44.69K","3.91%"
"12/31/2013","19.370","19.575","19.825","18.720","44.34K","-1.25%"
"12/30/2013","19.615","20.080","20.180","19.460","28.24K","-2.16%"
"12/27/2013","20.049","19.800","20.105","19.750","23.73K","0.67%"
"12/26/2013","19.916","19.480","20.030","19.415","19.22K","2.22%"
"12/24/2013","19.484","19.430","19.575","19.310","11.31K","0.37%"
"12/23/2013","19.413","19.420","19.520","19.265","18.06K","-0.21%"
"12/20/2013","19.453","19.205","19.520","19.130","35.83K","1.39%"
"12/19/2013","19.186","19.710","19.905","19.100","48.51K","-4.35%"
"12/18/2013","20.059","19.930","20.265","19.425","42.80K","1.10%"
"12/17/2013","19.840","19.975","20.230","19.675","42.57K","-1.30%"
"12/16/2013","20.101","19.655","20.290","19.445","36.13K","2.54%"
"12/13/2013","19.604","19.475","19.740","19.280","34.48K","0.78%"
"12/12/2013","19.453","20.305","20.345","19.410","47.37K","-4.44%"
"12/11/2013","20.356","20.385","20.480","20.210","32.20K","0.20%"
"12/10/2013","20.315","19.800","20.430","19.740","50.13K","3.12%"
"12/09/2013","19.701","19.555","19.980","19.435","27.76K","0.91%"
"12/06/2013","19.523","19.400","19.785","19.165","39.76K","-0.24%"
"12/05/2013","19.570","19.675","19.720","19.215","43.43K","-1.31%"
"12/04/2013","19.830","19.100","19.890","18.890","55.03K","4.01%"
"12/03/2013","19.065","19.170","19.335","18.975","38.63K","-1.16%"
"12/02/2013","19.289","19.990","20.010","19.115","47.75K","-3.63%"
"11/29/2013","20.016","19.975","20.040","19.975","0.00K","-0.08%"
"11/28/2013","20.033","19.685","20.100","19.645","30.27K","2.04%"
"11/27/2013","19.633","19.815","20.080","19.585","25.51K","-1.08%"
"11/26/2013","19.848","20.155","20.290","19.780","53.26K","-0.17%"
"11/25/2013","19.882","19.830","20.300","19.570","61.05K","0.10%"
"11/22/2013","19.862","19.960","20.045","19.810","41.63K","-0.36%"
"11/21/2013","19.934","19.840","20.045","19.705","62.22K","-0.62%"
"11/20/2013","20.058","20.345","20.490","19.780","61.60K","-1.36%"
"11/19/2013","20.334","20.395","20.475","20.200","43.72K","-0.11%"
"11/18/2013","20.357","20.775","20.800","20.290","48.72K","-1.79%"
"11/15/2013","20.727","20.755","20.820","20.550","28.96K","0.02%"
"11/14/2013","20.722","20.595","20.885","20.570","54.26K","1.37%"
"11/13/2013","20.442","20.700","20.855","20.410","69.83K","-1.62%"
"11/12/2013","20.778","21.345","21.355","20.560","55.87K","-2.37%"
"11/11/2013","21.282","21.425","21.450","21.230","27.54K","-0.16%"
"11/08/2013","21.317","21.660","21.905","21.250","51.50K","-1.57%"
"11/07/2013","21.657","21.815","22.015","21.375","54.86K","-0.51%"
"11/06/2013","21.768","21.685","22.075","21.620","33.19K","0.61%"
"11/05/2013","21.636","21.645","21.790","21.560","26.05K","-0.29%"
"11/04/2013","21.700","21.870","21.935","21.580","22.16K","-0.63%"
"11/01/2013","21.837","21.895","21.995","21.705","36.00K","-0.14%"
"10/31/2013","21.867","22.680","22.690","21.730","52.84K","-4.86%"
"10/30/2013","22.983","22.525","23.095","22.390","53.59K","2.18%"
"10/29/2013","22.492","22.525","22.630","22.300","31.39K","-0.20%"
"10/28/2013","22.538","22.590","22.715","22.375","27.84K","-0.45%"
"10/25/2013","22.639","22.730","22.755","22.260","38.22K","-0.80%"
"10/24/2013","22.822","22.545","22.910","22.510","32.85K","0.91%"
"10/23/2013","22.617","22.720","22.820","22.500","27.16K","-0.76%"
"10/22/2013","22.790","22.220","22.830","21.985","45.45K","2.30%"
"10/21/2013","22.278","21.910","22.335","21.855","30.30K","1.67%"
"10/18/2013","21.913","21.905","22.050","21.740","24.61K","-0.15%"
"10/17/2013","21.947","21.390","22.200","21.100","56.66K","2.72%"
"10/16/2013","21.365","21.300","21.445","21.120","35.61K","0.82%"
"10/15/2013","21.191","21.290","21.525","20.495","59.51K","-0.76%"
"10/14/2013","21.354","21.390","21.680","21.110","28.24K","0.45%"
"10/11/2013","21.259","21.685","21.860","20.950","47.94K","-2.91%"
"10/10/2013","21.896","21.910","22.250","21.550","34.66K","0.02%"
"10/09/2013","21.891","22.315","22.410","21.750","38.87K","-2.46%"
"10/08/2013","22.443","22.385","22.525","22.110","32.22K","0.25%"
"10/07/2013","22.386","21.740","22.495","21.650","31.84K","2.91%"
"10/04/2013","21.752","21.735","21.930","21.500","22.80K","-0.16%"
"10/03/2013","21.786","21.745","21.860","21.440","30.08K","-0.51%"
"10/02/2013","21.897","21.165","22.040","20.990","40.57K","3.41%"
"10/01/2013","21.175","21.700","21.970","20.630","54.18K","-2.46%"
"09/30/2013","21.708","21.795","22.110","21.435","32.68K","-0.56%"
"09/27/2013","21.831","21.730","22.175","21.410","35.11K","0.30%"
"09/26/2013","21.766","21.805","22.130","21.665","37.71K","-0.55%"
"09/25/2013","21.886","21.730","21.960","21.490","39.63K","1.39%"
"09/24/2013","21.586","21.665","22.035","21.325","44.31K","-1.24%"
"09/23/2013","21.857","21.890","21.970","21.300","45.37K","-0.32%"
"09/20/2013","21.927","23.080","23.180","21.755","57.60K","-5.86%"
"09/19/2013","23.292","22.965","23.445","22.855","54.99K","8.01%"
"09/18/2013","21.564","21.770","23.250","21.225","68.28K","-1.01%"
"09/17/2013","21.784","21.830","22.140","21.640","34.56K","-1.02%"
"09/16/2013","22.009","22.300","22.490","21.685","42.76K","1.33%"
"09/13/2013","21.720","21.880","22.285","21.420","48.78K","-1.94%"
"09/12/2013","22.149","23.220","23.265","21.750","51.28K","-4.41%"
"09/11/2013","23.172","22.985","23.250","22.785","32.38K","0.68%"
"09/10/2013","23.016","23.740","23.820","22.840","41.65K","-2.96%"
"09/09/2013","23.717","23.835","24.250","23.440","26.68K","-0.73%"
"09/06/2013","23.891","23.210","23.990","23.075","40.27K","2.73%"
"09/05/2013","23.255","23.510","23.680","23.040","42.36K","-0.68%"
"09/04/2013","23.415","24.325","24.430","23.375","48.38K","-4.08%"
"09/03/2013","24.412","24.412","24.412","24.412","","-0.07%"
"09/02/2013","24.429","23.480","24.530","23.110","68.63K","3.90%"
"08/30/2013","23.513","23.895","24.065","23.410","69.58K","-2.60%"
"08/29/2013","24.140","24.380","24.485","23.700","69.58K","-1.03%"
"08/28/2013","24.391","24.500","25.120","24.220","85.96K","-1.05%"
"08/27/2013","24.651","24.345","24.715","23.980","81.23K","2.67%"
"08/26/2013","24.010","24.020","24.425","23.800","56.70K","1.15%"
"08/23/2013","23.738","23.155","24.110","22.885","73.10K","3.05%"
"08/22/2013","23.035","22.835","23.325","22.450","48.80K","0.31%"
"08/21/2013","22.963","23.000","23.360","22.755","52.22K","-0.47%"
"08/20/2013","23.071","23.145","23.310","22.280","58.69K","-0.41%"
"08/19/2013","23.166","23.250","23.605","22.955","47.68K","-0.67%"
"08/16/2013","23.322","22.935","23.400","22.755","69.14K","1.69%"
"08/15/2013","22.935","21.865","23.190","21.705","89.62K","5.27%"
"08/14/2013","21.787","21.420","21.855","21.265","52.19K","2.08%"
"08/13/2013","21.343","21.370","21.750","21.120","61.97K","0.02%"
"08/12/2013","21.339","20.680","21.445","20.620","68.78K","4.57%"
"08/09/2013","20.407","20.225","20.580","20.045","51.13K","1.06%"
"08/08/2013","20.193","19.525","20.310","19.455","58.33K","3.51%"
"08/07/2013","19.508","19.465","19.600","19.100","41.52K","-0.08%"
"08/06/2013","19.523","19.675","19.780","19.440","34.23K","-1.00%"
"08/05/2013","19.720","19.850","19.990","19.520","30.04K","-0.96%"
"08/02/2013","19.912","19.595","20.265","19.185","59.69K","1.47%"
"08/01/2013","19.624","19.805","19.955","19.510","37.31K","-0.02%"
"07/31/2013","19.628","19.705","20.100","19.355","52.16K","-0.26%"
"07/30/2013","19.680","19.800","19.875","19.500","29.69K","-0.93%"
"07/29/2013","19.864","19.920","20.200","19.660","31.45K","0.47%"
"07/26/2013","19.771","20.225","20.355","19.625","40.46K","-1.90%"
"07/25/2013","20.154","20.110","20.300","19.750","32.82K","0.67%"
"07/24/2013","20.020","20.435","20.490","19.965","38.46K","-1.16%"
"07/23/2013","20.254","20.515","20.595","20.080","37.25K","-1.24%"
"07/22/2013","20.509","19.495","20.575","19.495","50.29K","5.39%"
"07/19/2013","19.460","19.355","19.600","19.285","22.26K","0.37%"
"07/18/2013","19.389","19.250","19.570","19.215","38.13K","-0.16%"
"07/17/2013","19.420","19.990","20.180","19.230","57.58K","-2.58%"
"07/16/2013","19.935","19.905","20.045","19.660","28.08K","0.48%"
"07/15/2013","19.839","19.865","20.135","19.540","25.18K","0.24%"
"07/12/2013","19.792","20.125","20.190","19.620","27.17K","-0.82%"
"07/11/2013","19.956","19.545","20.250","19.430","53.66K","4.13%"
"07/10/2013","19.165","19.210","19.540","18.985","36.75K","0.14%"
"07/09/2013","19.138","19.055","19.485","18.930","33.33K","0.53%"
"07/08/2013","19.038","18.855","19.265","18.670","29.27K","1.61%"
"07/05/2013","18.736","19.750","19.835","18.665","55.51K","0.00%"
"07/04/2013","18.736","19.750","19.830","18.665","55.51K","-4.89%"
"07/03/2013","19.700","19.345","19.885","19.315","36.19K","2.02%"
"07/02/2013","19.309","19.590","19.790","19.220","31.35K","-1.37%"
"07/01/2013","19.578","19.500","20.075","19.360","51.82K","0.55%"
"06/28/2013","19.470","18.480","19.645","18.170","78.11K","4.94%"
"06/27/2013","18.553","18.500","18.955","18.350","61.66K","-0.18%"
"06/26/2013","18.587","19.560","19.580","18.360","89.82K","-4.81%"
"06/25/2013","19.526","19.595","19.790","19.400","64.57K","0.17%"
"06/24/2013","19.493","20.055","20.175","19.380","60.58K","-2.33%"
"06/21/2013","19.959","19.590","20.110","19.310","60.03K","0.69%"
"06/20/2013","19.823","21.275","21.280","19.515","120.29K","-8.32%"
"06/19/2013","21.623","21.595","21.850","21.190","40.25K","-0.25%"
"06/18/2013","21.677","21.765","21.890","21.445","42.47K","-0.37%"
"06/17/2013","21.758","22.050","22.055","21.605","29.73K","-0.89%"
"06/14/2013","21.954","21.755","22.500","21.620","42.22K","1.72%"
"06/13/2013","21.583","21.700","21.915","21.500","49.37K","-0.98%"
"06/12/2013","21.796","21.575","21.950","21.455","35.44K","0.69%"
"06/11/2013","21.646","21.840","21.960","21.400","43.74K","-1.27%"
"06/10/2013","21.925","21.565","22.030","21.330","39.82K","0.84%"
"06/07/2013","21.743","22.575","22.755","21.510","78.51K","-4.25%"
"06/06/2013","22.707","22.475","22.840","22.255","56.72K","1.05%"
"06/05/2013","22.472","22.505","22.740","22.290","34.05K","0.28%"
"06/04/2013","22.409","22.680","22.730","22.225","33.35K","-1.37%"
"06/03/2013","22.721","22.175","22.915","22.175","42.54K","2.15%"
"05/31/2013","22.243","22.705","22.855","22.100","42.74K","-1.97%"
"05/30/2013","22.690","22.420","23.060","22.310","49.47K","1.06%"
"05/29/2013","22.453","22.240","22.480","22.130","27.49K","1.17%"
"05/28/2013","22.193","22.360","22.710","22.110","50.24K","0.00%"
"05/27/2013","22.193","22.360","22.710","22.110","50.24K","-1.35%"
"05/24/2013","22.496","22.540","22.600","22.270","25.10K","-0.05%"
"05/23/2013","22.508","22.215","22.645","21.920","43.87K","0.16%"
"05/22/2013","22.472","22.360","23.290","22.145","73.27K","0.08%"
"05/21/2013","22.455","22.875","22.910","22.015","56.68K","-0.56%"
"05/20/2013","22.582","22.265","23.240","20.250","84.79K","1.03%"
"05/17/2013","22.352","22.650","22.745","22.110","43.26K","-1.35%"
"05/16/2013","22.659","22.565","22.770","22.060","45.65K","0.00%"
"05/15/2013","22.658","23.350","23.450","22.445","60.48K","-3.08%"
"05/14/2013","23.379","23.620","23.760","23.075","39.97K","-1.34%"
"05/13/2013","23.696","23.780","23.840","23.470","31.15K","0.16%"
"05/10/2013","23.658","23.690","23.875","23.150","50.25K","-1.06%"
"05/09/2013","23.911","23.900","24.170","23.520","37.23K","-0.07%"
"05/08/2013","23.927","23.865","24.095","23.640","35.67K","0.51%"
"05/07/2013","23.806","24.005","24.040","23.400","44.44K","-0.62%"
"05/06/2013","23.955","24.150","24.420","23.820","21.93K","-0.25%"
"05/03/2013","24.014","23.790","24.380","23.415","55.37K","0.77%"
"05/02/2013","23.830","23.570","24.190","23.370","44.95K","2.09%"
"05/01/2013","23.343","24.320","24.345","23.210","48.28K","-3.48%"
"04/30/2013","24.185","24.540","24.550","24.015","34.74K","0.08%"
"04/29/2013","24.166","24.025","24.580","23.945","47.45K","1.59%"
"04/26/2013","23.788","24.355","24.835","23.620","64.61K","-1.46%"
"04/25/2013","24.140","23.110","24.360","23.020","76.94K","5.72%"
"04/24/2013","22.833","22.885","23.325","22.805","65.91K","0.07%"
"04/23/2013","22.817","23.345","23.405","22.555","79.43K","-2.17%"
"04/22/2013","23.324","23.305","23.650","23.070","52.30K","1.59%"
"04/19/2013","22.960","23.250","23.820","22.865","48.63K","-1.23%"
"04/18/2013","23.245","23.275","23.655","22.435","65.40K","-0.27%"
"04/17/2013","23.307","23.370","23.725","22.835","83.10K","-1.36%"
"04/16/2013","23.628","22.685","23.975","22.000","107.32K","1.14%"
"04/15/2013","23.361","25.940","26.045","22.515","200.50K","-11.28%"
"04/12/2013","26.331","27.575","27.640","25.725","102.65K","-4.93%"
"04/11/2013","27.697","27.580","27.785","27.340","39.49K","0.16%"
"04/10/2013","27.653","27.885","27.965","27.445","52.66K","-0.82%"
"04/09/2013","27.881","27.220","28.020","27.140","52.48K","2.74%"
"04/08/2013","27.138","27.285","27.465","27.070","31.78K","-0.30%"
"04/05/2013","27.220","26.830","27.300","26.730","44.76K","1.69%"
"04/04/2013","26.767","26.910","27.015","26.575","51.52K","-0.11%"
"04/03/2013","26.797","27.205","27.315","26.670","63.68K","-1.66%"
"04/02/2013","27.248","27.955","28.140","27.150","57.91K","-2.49%"
"04/01/2013","27.944","28.210","28.360","27.810","34.51K","-1.34%"
"03/28/2013","28.323","28.645","28.810","28.170","35.71K","-1.01%"
"03/27/2013","28.612","28.725","28.785","28.080","46.77K","-0.23%"
"03/26/2013","28.679","28.815","28.845","28.605","23.15K","-0.47%"
"03/25/2013","28.815","28.680","28.890","28.460","35.09K","0.41%"
"03/22/2013","28.698","29.140","29.170","28.505","39.18K","-1.76%"
"03/21/2013","29.212","28.800","29.325","28.705","35.67K","1.37%"
"03/20/2013","28.817","28.880","28.985","28.400","26.94K","-0.09%"
"03/19/2013","28.843","28.865","29.090","28.620","33.37K","-0.11%"
"03/18/2013","28.874","28.850","29.110","28.585","34.42K","0.08%"
"03/15/2013","28.851","28.800","29.010","28.690","23.10K","0.15%"
"03/14/2013","28.807","28.905","28.955","28.530","38.84K","-0.52%"
"03/13/2013","28.958","29.130","29.280","28.835","33.47K","-0.73%"
"03/12/2013","29.171","28.955","29.350","28.870","26.73K","1.10%"
"03/11/2013","28.853","28.985","29.085","28.705","22.87K","-0.33%"
"03/08/2013","28.948","28.855","29.260","28.325","50.43K","0.49%"
"03/07/2013","28.808","29.010","29.085","28.740","29.52K","0.02%"
"03/06/2013","28.803","28.680","29.140","28.520","38.69K","0.70%"
"03/05/2013","28.604","28.595","29.090","28.520","33.65K","0.38%"
"03/04/2013","28.496","28.680","28.815","28.430","27.31K","0.02%"
"03/01/2013","28.490","28.525","28.790","27.925","54.22K","0.20%"
"02/28/2013","28.432","29.015","29.190","28.400","47.18K","-1.91%"
"02/27/2013","28.985","29.405","29.440","28.865","54.37K","-0.94%"
"02/26/2013","29.260","28.935","29.430","28.550","70.91K","0.94%"
"02/25/2013","28.987","28.785","29.215","28.540","56.86K","1.85%"
"02/22/2013","28.460","28.645","28.895","28.335","43.51K","-0.83%"
"02/21/2013","28.699","28.510","28.880","28.290","73.53K","0.27%"
"02/20/2013","28.622","29.410","29.615","28.255","97.74K","-2.80%"
"02/19/2013","29.448","30.175","30.175","29.290","0.11K","0.09%"
"02/18/2013","29.422","29.810","30.150","29.175","75.53K","-1.43%"
"02/15/2013","29.849","30.350","30.460","29.660","69.90K","-1.66%"
"02/14/2013","30.353","30.760","31.060","30.210","48.45K","-1.67%"
"02/13/2013","30.869","31.140","31.225","30.730","35.08K","-0.48%"
"02/12/2013","31.019","30.920","31.160","30.580","41.47K","0.35%"
"02/11/2013","30.910","31.450","31.535","30.820","35.76K","-1.69%"
"02/08/2013","31.441","31.460","31.695","31.330","36.37K","0.12%"
"02/07/2013","31.403","31.845","31.935","31.295","56.56K","-1.49%"
"02/06/2013","31.877","31.795","31.900","31.600","28.25K","0.01%"
"02/05/2013","31.875","31.775","32.115","31.620","42.50K","0.50%"
"02/04/2013","31.716","31.875","31.925","31.385","33.89K","-0.76%"
"02/01/2013","31.958","31.420","32.160","31.300","53.46K","1.94%"
"01/31/2013","31.351","32.005","32.130","31.120","56.11K","-2.57%"
"01/30/2013","32.177","31.385","32.300","31.250","56.69K","3.18%"
"01/29/2013","31.184","30.850","31.470","30.850","32.35K","1.31%"
"01/28/2013","30.780","31.160","31.320","30.745","37.83K","-1.37%"
"01/25/2013","31.206","31.640","31.815","31.125","42.38K","-1.63%"
"01/24/2013","31.722","32.240","32.245","31.605","48.66K","-2.21%"
"01/23/2013","32.439","32.180","32.485","32.100","35.34K","0.81%"
"01/22/2013","32.177","31.925","32.365","31.815","44.67K","0.00%"
"01/21/2013","32.177","31.925","32.365","31.815","44.67K","0.77%"
"01/18/2013","31.932","31.745","32.140","31.670","36.77K","0.38%"
"01/17/2013","31.810","31.490","31.930","31.050","51.11K","0.85%"
"01/16/2013","31.542","31.440","31.570","31.090","31.58K","0.04%"
"01/15/2013","31.529","31.065","31.615","30.965","42.64K","1.35%"
"01/14/2013","31.110","30.420","31.170","30.380","41.87K","2.31%"
"01/11/2013","30.408","30.870","30.940","30.150","44.26K","-1.65%"
"01/10/2013","30.918","30.385","30.950","30.255","41.34K","2.21%"
"01/09/2013","30.249","30.395","30.575","30.065","34.15K","-0.71%"
"01/08/2013","30.465","30.145","30.590","30.085","42.57K","1.27%"
"01/07/2013","30.082","30.235","30.475","29.860","35.27K","0.45%"
"01/04/2013","29.946","30.100","30.300","29.240","64.25K","-2.52%"
"01/03/2013","30.720","31.025","31.225","30.015","40.79K","-0.93%"
"01/02/2013","31.007","30.370","31.535","30.225","36.53K","2.58%"
"12/31/2012","30.227","30.080","30.480","29.920","18.66K","0.84%"
"12/28/2012","29.975","30.165","30.365","29.910","18.93K","-0.88%"
"12/27/2012","30.240","30.050","30.530","29.715","31.21K","0.68%"
"12/26/2012","30.035","29.960","30.255","29.850","15.02K","0.46%"
"12/24/2012","29.897","30.020","30.395","29.865","13.07K","-1.01%"
"12/21/2012","30.203","29.955","30.325","29.670","40.68K","1.77%"
"12/20/2012","29.678","31.045","31.275","29.635","80.02K","-4.62%"
"12/19/2012","31.116","31.720","31.870","31.030","45.05K","-1.75%"
"12/18/2012","31.669","32.340","32.600","31.400","43.56K","-1.89%"
"12/17/2012","32.280","32.400","32.485","32.080","28.03K","-0.06%"
"12/14/2012","32.299","32.620","32.795","32.245","28.65K","-0.17%"
"12/13/2012","32.355","33.520","33.520","32.280","60.39K","-4.22%"
"12/12/2012","33.782","33.065","33.875","32.995","46.76K","2.32%"
"12/11/2012","33.017","33.335","33.345","32.835","26.52K","-1.08%"
"12/10/2012","33.377","33.125","33.495","33.090","24.95K","0.74%"
"12/07/2012","33.131","33.075","33.340","32.680","40.75K","0.05%"
"12/06/2012","33.114","32.950","33.330","32.600","38.64K","0.48%"
"12/05/2012","32.957","32.880","33.300","32.585","39.49K","0.45%"
"12/04/2012","32.808","33.720","33.750","32.745","48.64K","-2.82%"
"12/03/2012","33.759","33.495","33.930","33.455","31.72K","1.44%"
"11/30/2012","33.279","34.315","34.425","33.215","53.33K","-3.35%"
"11/29/2012","34.431","33.810","34.490","33.610","59.54K","2.22%"
"11/28/2012","33.684","33.995","34.040","32.900","90.51K","-0.87%"
"11/27/2012","33.981","34.160","34.275","33.910","64.03K","-0.46%"
"11/26/2012","34.137","34.075","34.225","33.885","66.23K","-0.03%"
"11/23/2012","34.146","33.435","34.115","33.285","0.19K","0.09%"
"11/22/2012","34.116","33.360","34.160","33.235","41.12K","2.30%"
"11/21/2012","33.350","33.170","33.395","32.825","39.06K","1.28%"
"11/20/2012","32.930","33.080","33.260","32.860","45.99K","-0.78%"
"11/19/2012","33.189","32.285","33.215","32.285","49.04K","2.53%"
"11/16/2012","32.370","32.585","32.680","32.015","41.82K","-0.93%"
"11/15/2012","32.674","32.745","32.775","32.150","55.18K","-0.63%"
"11/14/2012","32.880","32.475","32.930","32.365","44.60K","1.21%"
"11/13/2012","32.487","32.405","32.830","32.100","46.46K","-0.11%"
"11/12/2012","32.522","32.650","32.745","32.175","32.82K","-0.24%"
"11/09/2012","32.599","32.320","32.785","32.065","49.30K","1.11%"
"11/08/2012","32.240","31.830","32.450","31.630","43.06K","1.83%"
"11/07/2012","31.661","32.000","32.420","31.215","65.30K","-1.16%"
"11/06/2012","32.034","31.200","32.275","31.070","49.54K","2.91%"
"11/05/2012","31.128","30.890","31.250","30.655","35.63K","0.88%"
"11/02/2012","30.857","32.280","32.365","30.815","62.65K","-4.31%"
"11/01/2012","32.248","32.275","32.695","32.190","30.54K","-0.21%"
"10/31/2012","32.316","31.770","32.435","31.755","29.55K","1.57%"
"10/30/2012","31.816","31.790","32.150","31.720","14.46K","0.22%"
"10/29/2012","31.745","32.115","32.230","31.680","16.23K","-0.91%"
"10/26/2012","32.036","32.130","32.380","31.600","35.15K","-0.13%"
"10/25/2012","32.078","31.745","32.260","31.735","35.48K","1.45%"
"10/24/2012","31.620","31.700","32.055","31.535","39.00K","-0.54%"
"10/23/2012","31.793","32.395","32.500","31.570","39.93K","-1.42%"
"10/22/2012","32.252","31.990","32.475","31.710","30.19K","0.48%"
"10/19/2012","32.097","32.815","32.915","31.945","47.77K","-2.35%"
"10/18/2012","32.868","33.220","33.325","32.705","30.69K","-1.10%"
"10/17/2012","33.232","32.985","33.300","32.880","26.21K","0.83%"
"10/16/2012","32.959","32.755","33.080","32.655","29.11K","0.66%"
"10/15/2012","32.743","33.455","33.470","32.570","41.79K","-2.75%"
"10/12/2012","33.669","34.030","34.165","33.450","38.30K","-1.21%"
"10/11/2012","34.082","34.010","34.380","33.815","33.58K","-0.08%"
"10/10/2012","34.109","33.925","34.190","33.745","37.53K","0.36%"
"10/09/2012","33.985","34.025","34.260","33.570","38.65K","-0.09%"
"10/08/2012","34.017","34.570","34.605","33.620","33.19K","-1.61%"
"10/05/2012","34.572","35.035","35.145","34.315","42.87K","-1.51%"
"10/04/2012","35.101","34.655","35.170","34.655","34.97K","1.18%"
"10/03/2012","34.690","34.645","34.930","34.515","32.36K","0.06%"
"10/02/2012","34.669","34.750","35.115","34.420","33.95K","-0.81%"
"10/01/2012","34.952","34.530","35.445","34.210","58.16K","1.08%"
"09/28/2012","34.577","34.690","34.925","34.330","48.18K","-0.26%"
"09/27/2012","34.666","33.995","34.815","33.905","46.76K","2.14%"
"09/26/2012","33.940","33.790","34.110","33.360","48.68K","-0.02%"
"09/25/2012","33.948","34.010","34.545","33.715","47.28K","-0.11%"
"09/24/2012","33.984","34.520","34.585","33.630","46.79K","-1.89%"
"09/21/2012","34.638","34.680","35.260","34.365","63.59K","-0.13%"
"09/20/2012","34.682","34.605","34.800","34.120","46.83K","0.27%"
"09/19/2012","34.588","34.815","35.025","34.320","43.84K","-0.37%"
"09/18/2012","34.718","34.340","35.100","34.015","59.58K","1.02%"
"09/17/2012","34.367","34.625","34.940","33.845","43.93K","-0.83%"
"09/14/2012","34.656","34.745","34.985","34.320","52.96K","-0.35%"
"09/13/2012","34.778","33.300","34.870","32.720","86.22K","4.46%"
"09/12/2012","33.292","33.500","34.145","32.510","67.03K","-0.82%"
"09/11/2012","33.566","33.410","33.875","33.380","35.54K","-0.20%"
"09/10/2012","33.633","33.710","34.020","33.285","42.22K","-0.17%"
"09/07/2012","33.690","32.700","33.775","32.005","59.21K","3.11%"
"09/06/2012","32.674","32.315","33.040","32.245","52.75K","1.07%"
"09/05/2012","32.329","32.380","32.430","32.000","32.36K","-0.19%"
"09/04/2012","32.390","31.870","32.405","31.870","0.02K","-0.06%"
"09/03/2012","32.411","31.735","32.470","31.575","58.17K","3.08%"
"08/31/2012","31.442","30.495","31.815","30.295","58.82K","3.27%"
"08/30/2012","30.446","30.765","30.970","30.265","46.71K","-1.27%"
"08/29/2012","30.837","30.860","30.940","30.525","42.55K","-0.12%"
"08/28/2012","30.875","30.670","30.975","30.485","45.50K","-0.56%"
"08/27/2012","31.048","30.770","31.225","30.580","58.29K","1.39%"
"08/24/2012","30.621","30.500","30.770","30.190","44.52K","0.54%"
"08/23/2012","30.456","29.785","30.790","29.760","66.19K","3.05%"
"08/22/2012","29.556","29.260","29.885","29.170","45.73K","0.43%"
"08/21/2012","29.428","28.755","29.460","28.610","41.07K","2.92%"
"08/20/2012","28.593","28.055","28.790","27.875","31.96K","2.11%"
"08/17/2012","28.002","28.120","28.290","27.960","23.86K","-0.74%"
"08/16/2012","28.212","27.755","28.240","27.660","41.95K","1.44%"
"08/15/2012","27.812","27.755","27.960","27.430","30.35K","0.18%"
"08/14/2012","27.763","27.765","27.970","27.575","21.72K","-0.01%"
"08/13/2012","27.767","28.090","28.150","27.685","28.03K","-1.05%"
"08/10/2012","28.062","28.085","28.315","27.530","40.80K","-0.12%"
"08/09/2012","28.097","27.995","28.185","27.835","24.21K","0.08%"
"08/08/2012","28.075","28.055","28.210","27.660","36.28K","-0.04%"
"08/07/2012","28.086","27.825","28.180","27.735","29.27K","0.80%"
"08/06/2012","27.863","27.770","27.950","27.565","21.87K","0.22%"
"08/03/2012","27.801","27.105","27.895","26.990","37.45K","2.99%"
"08/02/2012","26.995","27.340","27.780","26.880","43.00K","-1.96%"
"08/01/2012","27.535","27.930","28.020","27.060","44.10K","-1.36%"
"07/31/2012","27.914","28.125","28.335","27.865","36.10K","-0.42%"
"07/30/2012","28.033","27.685","28.195","27.515","30.74K","1.95%"
"07/27/2012","27.498","27.430","27.850","27.310","34.32K","0.19%"
"07/26/2012","27.446","27.300","27.780","27.210","42.53K","-0.07%"
"07/25/2012","27.466","26.925","27.520","26.780","42.55K","2.44%"
"07/24/2012","26.811","26.985","27.145","26.575","39.41K","-0.85%"
"07/23/2012","27.042","27.200","27.285","26.615","35.63K","-0.95%"
"07/20/2012","27.302","27.240","27.400","26.740","39.27K","0.31%"
"07/19/2012","27.217","27.140","27.575","27.100","31.62K","0.45%"
"07/18/2012","27.095","27.260","27.345","26.850","24.79K","-0.81%"
"07/17/2012","27.316","27.270","27.595","26.720","38.34K","-0.02%"
"07/16/2012","27.321","27.400","27.425","26.860","25.48K","-0.18%"
"07/13/2012","27.369","27.160","27.550","27.060","27.26K","0.77%"
"07/12/2012","27.161","27.105","27.350","26.425","41.61K","0.51%"
"07/11/2012","27.023","26.770","27.240","26.760","33.52K","0.52%"
"07/10/2012","26.882","27.440","27.580","26.710","34.63K","-2.05%"
"07/09/2012","27.444","27.035","27.480","26.870","22.10K","1.95%"
"07/06/2012","26.920","27.670","27.795","26.905","39.76K","-2.72%"
"07/05/2012","27.672","28.235","28.380","27.495","45.19K","0.00%"
"07/04/2012","27.672","28.235","28.380","27.495","45.19K","-2.15%"
"07/03/2012","28.280","27.425","28.445","27.390","31.63K","2.84%"
"07/02/2012","27.499","27.500","27.605","27.185","24.14K","-0.41%"
"06/29/2012","27.612","26.325","27.915","26.265","55.49K","5.02%"
"06/28/2012","26.291","26.920","27.125","26.105","62.69K","-2.42%"
"06/27/2012","26.942","27.035","27.275","26.600","52.01K","-0.36%"
"06/26/2012","27.038","27.465","27.495","26.735","53.36K","-1.75%"
"06/25/2012","27.520","26.820","27.590","26.565","74.89K","3.22%"
"06/22/2012","26.661","26.825","26.995","26.510","49.62K","-0.66%"
"06/21/2012","26.839","28.040","28.070","26.800","70.34K","-5.46%"
"06/20/2012","28.389","28.355","28.595","27.630","60.93K","0.07%"
"06/19/2012","28.368","28.675","28.900","28.270","35.01K","-1.06%"
"06/18/2012","28.671","28.990","29.010","28.235","34.53K","-0.24%"
"06/15/2012","28.740","28.590","28.820","28.480","30.65K","1.17%"
"06/14/2012","28.407","28.800","29.075","28.150","42.38K","-1.85%"
"06/13/2012","28.941","28.900","29.095","28.700","34.05K","-0.03%"
"06/12/2012","28.949","28.510","29.050","28.315","42.08K","1.16%"
"06/11/2012","28.616","28.740","29.000","28.255","35.87K","0.51%"
"06/08/2012","28.471","28.585","28.650","27.910","42.13K","-0.20%"
"06/07/2012","28.529","29.465","29.675","28.360","73.33K","-3.25%"
"06/06/2012","29.488","28.475","29.865","28.410","63.11K","3.81%"
"06/05/2012","28.405","28.220","28.545","28.080","35.74K","1.42%"
"06/04/2012","28.007","28.680","28.680","27.955","32.42K","-1.77%"
"06/01/2012","28.512","27.685","28.680","27.170","65.09K","2.72%"
"05/31/2012","27.757","27.880","28.190","27.510","44.72K","-0.81%"
"05/30/2012","27.983","27.790","28.145","27.355","47.76K","0.69%"
"05/29/2012","27.791","28.595","28.760","27.710","55.60K","0.00%"
"05/28/2012","27.791","28.595","28.760","27.710","55.60K","-2.10%"
"05/25/2012","28.386","28.250","28.565","27.875","31.47K","0.81%"
"05/24/2012","28.157","27.760","28.515","27.585","46.68K","2.32%"
"05/23/2012","27.519","28.120","28.170","27.080","59.17K","-2.34%"
"05/22/2012","28.179","28.470","28.775","27.925","42.13K","-0.50%"
"05/21/2012","28.321","28.685","28.855","28.035","35.87K","-1.37%"
"05/18/2012","28.715","28.005","28.895","27.780","44.46K","2.48%"
"05/17/2012","28.020","27.195","28.295","27.175","47.90K","3.03%"
"05/16/2012","27.196","27.615","27.965","26.730","60.32K","-3.15%"
"05/15/2012","28.080","28.155","28.430","27.565","40.32K","-0.96%"
"05/14/2012","28.353","28.880","29.000","28.075","36.42K","-1.86%"
"05/11/2012","28.890","28.995","29.100","28.415","35.66K","-0.99%"
"05/10/2012","29.178","29.250","29.455","28.940","33.02K","-0.22%"
"05/09/2012","29.241","29.465","29.500","28.615","46.85K","-0.74%"
"05/08/2012","29.459","30.080","30.125","29.135","45.48K","-2.20%"
"05/07/2012","30.122","30.310","30.390","29.675","28.35K","-1.02%"
"05/04/2012","30.432","30.080","30.480","29.780","42.38K","1.41%"
"05/03/2012","30.010","30.645","30.675","29.835","41.56K","-2.07%"
"05/02/2012","30.645","30.985","31.060","30.410","38.35K","-0.92%"
"05/01/2012","30.930","30.980","31.365","30.790","24.87K","-0.28%"
"04/30/2012","31.016","31.330","31.445","30.600","33.90K","-1.26%"
"04/27/2012","31.411","31.085","31.470","30.945","36.73K","0.65%"
"04/26/2012","31.207","30.685","31.260","30.595","43.71K","2.80%"
"04/25/2012","30.356","30.785","30.965","29.925","66.06K","-1.27%"
"04/24/2012","30.746","30.820","31.110","30.635","47.07K","0.70%"
"04/23/2012","30.531","31.640","31.685","30.450","63.00K","-3.54%"
"04/20/2012","31.651","31.740","31.905","31.540","38.38K","-0.40%"
"04/19/2012","31.779","31.590","32.015","31.290","47.99K","0.93%"
"04/18/2012","31.487","31.675","31.885","31.340","35.07K","-0.59%"
"04/17/2012","31.674","31.455","31.910","31.305","40.78K","0.96%"
"04/16/2012","31.373","31.445","31.700","31.175","37.80K","-0.05%"
"04/13/2012","31.390","32.365","32.435","31.295","47.90K","-3.49%"
"04/12/2012","32.525","31.585","32.580","31.420","46.62K","3.19%"
"04/11/2012","31.521","31.780","31.820","31.370","38.91K","-0.50%"
"04/10/2012","31.679","31.555","31.940","31.110","51.44K","0.49%"
"04/09/2012","31.524","31.900","32.100","31.310","34.70K","-0.65%"
"04/05/2012","31.730","31.280","31.810","31.175","40.02K","2.21%"
"04/04/2012","31.044","32.650","32.680","30.980","63.20K","-6.68%"
"04/03/2012","33.265","33.000","33.295","32.465","45.61K","0.50%"
"04/02/2012","33.098","32.355","33.250","32.340","38.38K","1.89%"
"03/30/2012","32.484","32.275","32.625","32.130","29.98K","1.54%"
"03/29/2012","31.992","32.055","32.300","31.630","33.86K","0.51%"
"03/28/2012","31.831","32.570","32.685","31.765","38.34K","-2.41%"
"03/27/2012","32.616","32.840","33.190","32.480","33.10K","-0.41%"
"03/26/2012","32.750","32.255","32.935","32.020","31.72K","1.48%"
"03/23/2012","32.272","31.545","32.300","31.435","36.57K","2.96%"
"03/22/2012","31.345","32.155","32.350","31.090","51.62K","-2.74%"
"03/21/2012","32.227","32.155","32.410","31.865","36.60K","1.23%"
"03/20/2012","31.834","32.935","32.960","31.750","43.97K","-3.40%"
"03/19/2012","32.955","32.575","33.090","32.330","31.08K","1.08%"
"03/16/2012","32.604","32.580","32.755","32.135","36.72K","-0.37%"
"03/15/2012","32.726","32.100","32.900","31.935","52.82K","1.69%"
"03/14/2012","32.181","33.420","33.470","31.625","74.28K","-4.17%"
"03/13/2012","33.581","33.650","33.835","33.000","50.39K","0.50%"
"03/12/2012","33.413","34.290","34.410","33.380","34.00K","-2.34%"
"03/09/2012","34.212","33.910","34.445","33.145","55.80K","1.13%"
"03/08/2012","33.831","33.480","34.185","33.360","38.92K","0.73%"
"03/07/2012","33.585","32.945","33.610","32.755","44.18K","2.45%"
"03/06/2012","32.783","34.020","34.205","32.490","67.85K","-2.71%"
"03/05/2012","33.695","34.710","34.950","33.555","53.05K","-2.40%"
"03/02/2012","34.525","35.530","35.560","34.375","39.36K","-3.19%"
"03/01/2012","35.661","34.645","35.705","34.455","61.37K","2.94%"
"02/29/2012","34.642","36.980","37.580","33.825","114.77K","-6.89%"
"02/28/2012","37.205","35.535","37.295","35.390","72.81K","4.73%"
"02/27/2012","35.524","35.430","35.625","35.045","61.90K","0.53%"
"02/24/2012","35.338","35.435","35.720","35.190","58.94K","-0.61%"
"02/23/2012","35.556","34.265","35.610","34.230","72.14K","3.80%"
"02/22/2012","34.254","34.360","34.495","33.900","62.43K","-0.61%"
"02/21/2012","34.464","33.250","34.400","33.250","0.18K","0.10%"
"02/20/2012","34.429","33.330","34.465","33.325","62.21K","3.65%"
"02/17/2012","33.216","33.425","33.690","33.050","39.58K","-0.46%"
"02/16/2012","33.370","33.460","33.555","32.640","51.83K","-0.11%"
"02/15/2012","33.408","33.585","33.975","33.100","51.44K","0.18%"
"02/14/2012","33.348","33.705","33.845","33.255","42.48K","-1.11%"
"02/13/2012","33.722","33.665","34.035","33.455","37.64K","0.35%"
"02/10/2012","33.604","33.905","34.060","33.170","47.69K","-0.92%"
"02/09/2012","33.917","33.935","34.450","33.675","47.46K","0.63%"
"02/08/2012","33.704","34.170","34.520","33.655","55.08K","-1.43%"
"02/07/2012","34.194","33.665","34.370","33.155","50.08K","1.32%"
"02/06/2012","33.750","33.665","33.870","32.985","38.21K","0.00%"
"02/03/2012","33.749","34.335","34.390","33.310","48.26K","-1.25%"
"02/02/2012","34.175","33.690","34.410","33.455","51.30K","1.09%"
"02/01/2012","33.807","33.105","34.000","33.070","40.83K","1.64%"
"01/31/2012","33.262","33.550","34.130","32.930","45.22K","-0.79%"
"01/30/2012","33.527","33.850","34.015","33.035","30.57K","-0.78%"
"01/27/2012","33.790","33.420","33.965","33.240","32.30K","0.14%"
"01/26/2012","33.743","33.250","33.790","32.975","38.18K","1.88%"
"01/25/2012","33.121","32.050","33.400","31.525","51.80K","3.58%"
"01/24/2012","31.975","32.345","32.470","31.855","29.39K","-0.91%"
"01/23/2012","32.270","32.105","32.775","31.790","41.52K","1.88%"
"01/20/2012","31.675","30.610","32.210","30.280","42.78K","3.82%"
"01/19/2012","30.509","30.530","30.900","30.335","32.46K","-0.11%"
"01/18/2012","30.543","30.070","30.590","29.740","42.43K","1.35%"
"01/17/2012","30.135","29.670","30.570","29.455","38.77K","0.00%"
"01/16/2012","30.135","29.670","30.570","29.455","39.66K","2.08%"
"01/13/2012","29.522","30.195","30.245","29.420","35.18K","-2.00%"
"01/12/2012","30.124","29.950","30.675","29.870","35.51K","0.78%"
"01/11/2012","29.890","29.885","30.235","29.545","36.83K","0.25%"
"01/10/2012","29.815","28.980","30.310","28.905","40.68K","3.59%"
"01/09/2012","28.782","28.770","29.205","28.550","30.25K","0.35%"
"01/06/2012","28.683","29.285","29.460","28.570","38.61K","-2.09%"
"01/05/2012","29.296","29.105","29.615","28.685","39.30K","0.68%"
"01/04/2012","29.097","29.690","29.740","28.900","36.12K","-1.61%"
"01/03/2012","29.572","27.980","29.730","27.905","35.83K","5.94%"
"12/30/2011","27.915","27.475","28.460","27.260","24.89K","2.20%"
"12/29/2011","27.315","27.080","27.840","26.145","37.10K","0.30%"
"12/28/2011","27.234","28.690","28.790","26.845","32.36K","-5.24%"
"12/27/2011","28.740","29.100","29.220","28.615","11.57K","-1.18%"
"12/23/2011","29.084","29.095","29.450","29.030","10.07K","0.13%"
"12/22/2011","29.047","29.250","29.685","29.000","20.24K","-0.69%"
"12/21/2011","29.249","29.535","30.210","29.130","26.24K","-0.97%"
"12/20/2011","29.536","28.780","29.625","28.695","23.98K","2.29%"
"12/19/2011","28.874","29.770","29.795","28.680","50.53K","-2.69%"
"12/16/2011","29.671","29.280","29.930","29.120","29.66K","1.36%"
"12/15/2011","29.274","28.965","29.350","28.120","44.30K","1.17%"
"12/14/2011","28.935","30.825","31.070","28.530","80.39K","-7.44%"
"12/13/2011","31.260","31.340","32.040","30.455","40.30K","0.83%"
"12/12/2011","31.002","32.250","32.300","30.920","37.74K","-3.88%"
"12/09/2011","32.253","31.610","32.395","31.505","30.86K","2.27%"
"12/08/2011","31.538","32.605","33.300","31.425","51.19K","-3.34%"
"12/07/2011","32.627","32.745","32.860","32.265","30.97K","-0.36%"
"12/06/2011","32.744","32.120","32.945","31.650","37.19K","1.15%"
"12/05/2011","32.372","32.670","33.085","31.915","30.96K","-0.96%"
"12/02/2011","32.686","32.860","33.740","32.365","33.55K","-0.22%"
"12/01/2011","32.759","32.865","33.495","32.530","32.52K","-0.14%"
"11/30/2011","32.804","31.990","32.995","31.120","49.80K","2.67%"
"11/29/2011","31.950","32.120","32.240","31.530","34.56K","-0.66%"
"11/28/2011","32.161","31.260","32.285","31.245","41.03K","3.63%"
"11/25/2011","31.035","31.710","32.200","30.985","1.34K","0.07%"
"11/24/2011","31.014","31.815","32.220","30.935","45.58K","-2.73%"
"11/23/2011","31.884","32.785","32.870","31.220","64.91K","-3.24%"
"11/22/2011","32.951","31.575","33.040","31.160","60.92K","5.90%"
"11/21/2011","31.116","32.400","32.415","30.650","53.53K","-4.01%"
"11/18/2011","32.417","31.680","32.600","30.925","60.21K","2.92%"
"11/17/2011","31.497","33.700","33.980","31.040","71.57K","-6.87%"
"11/16/2011","33.822","34.580","34.630","33.570","47.86K","-1.84%"
"11/15/2011","34.456","34.240","34.835","33.750","43.67K","1.27%"
"11/14/2011","34.024","34.715","34.920","33.950","34.01K","-1.90%"
"11/11/2011","34.682","34.070","34.850","33.665","37.63K","1.69%"
"11/10/2011","34.106","34.085","34.340","33.130","46.34K","-0.74%"
"11/09/2011","34.361","34.975","35.255","33.745","52.72K","-2.25%"
"11/08/2011","35.153","34.980","35.350","34.505","45.05K","0.93%"
"11/07/2011","34.828","34.084","35.010","33.855","35.15K","2.18%"
"11/04/2011","34.084","34.565","34.750","33.810","29.73K","-1.20%"
"11/03/2011","34.498","34.295","34.905","33.270","40.28K","1.64%"
"11/02/2011","33.943","33.485","34.435","33.100","37.88K","3.70%"
"11/01/2011","32.731","34.190","34.725","32.105","51.69K","-4.72%"
"10/31/2011","34.354","35.205","35.450","34.085","32.00K","-2.65%"
"10/28/2011","35.288","35.130","35.700","34.715","35.76K","0.50%"
"10/27/2011","35.112","33.430","35.375","33.145","50.17K","5.41%"
"10/26/2011","33.310","33.170","33.950","32.905","39.07K","0.78%"
"10/25/2011","33.052","31.760","33.385","31.355","52.77K","4.45%"
"10/24/2011","31.644","31.390","32.040","31.230","29.12K","1.45%"
"10/21/2011","31.193","30.555","31.515","30.280","32.81K","3.01%"
"10/20/2011","30.281","31.235","31.375","29.935","53.26K","-3.18%"
"10/19/2011","31.277","32.050","32.150","30.900","49.51K","-1.74%"
"10/18/2011","31.831","31.850","32.355","30.370","55.97K","0.03%"
"10/17/2011","31.821","32.220","32.675","31.475","37.33K","-1.09%"
"10/14/2011","32.173","31.805","32.565","31.210","29.30K","1.60%"
"10/13/2011","31.667","32.550","32.800","31.455","30.57K","-3.42%"
"10/12/2011","32.789","32.155","33.100","31.860","37.49K","2.47%"
"10/11/2011","31.998","32.105","32.580","31.350","33.40K","0.06%"
"10/10/2011","31.980","31.340","32.360","31.215","23.65K","3.18%"
"10/07/2011","30.993","31.940","32.850","30.710","41.99K","-3.16%"
"10/06/2011","32.005","30.510","32.210","30.240","51.59K","5.45%"
"10/05/2011","30.352","30.255","30.640","28.435","48.59K","1.72%"
"10/04/2011","29.839","30.490","31.355","28.665","52.15K","-3.10%"
"10/03/2011","30.795","29.935","31.430","29.670","40.89K","2.37%"
"09/30/2011","30.083","30.605","31.335","29.660","41.07K","-1.44%"
"09/29/2011","30.522","29.895","31.535","29.095","51.47K","1.29%"
"09/28/2011","30.134","31.940","32.880","29.485","63.28K","-4.45%"
"09/27/2011","31.536","30.700","33.585","30.275","79.66K","5.20%"
"09/26/2011","29.976","30.850","30.970","26.150","112.62K","-0.42%"
"09/23/2011","30.101","35.885","36.680","29.845","120.50K","-17.71%"
"09/22/2011","36.578","39.670","39.850","35.525","84.69K","-9.61%"
"09/21/2011","40.469","39.825","40.780","39.440","42.60K","0.83%"
"09/20/2011","40.137","39.730","40.375","39.230","43.52K","2.49%"
"09/19/2011","39.163","40.675","40.900","39.030","46.85K","-4.09%"
"09/16/2011","40.831","39.945","40.985","39.455","35.31K","3.37%"
"09/15/2011","39.501","40.835","40.850","39.400","47.36K","-2.55%"
"09/14/2011","40.533","41.155","41.410","40.310","37.56K","-1.60%"
"09/13/2011","41.193","40.360","41.385","40.090","38.18K","2.43%"
"09/12/2011","40.217","41.490","41.600","39.750","44.64K","-3.38%"
"09/09/2011","41.624","42.370","42.785","41.200","41.04K","-2.13%"
"09/08/2011","42.530","41.655","42.725","41.285","34.44K","2.16%"
"09/07/2011","41.631","42.000","42.275","40.385","41.68K","-0.52%"
"09/06/2011","41.848","41.800","42.685","41.690","0.08K","-0.05%"
"09/05/2011","41.868","42.990","43.445","41.600","66.82K","-2.79%"
"09/02/2011","43.069","41.535","43.500","41.535","39.34K","3.70%"
"09/01/2011","41.532","41.575","41.885","41.205","27.89K","-0.57%"
"08/31/2011","41.768","41.385","42.095","41.135","37.87K","0.73%"
"08/30/2011","41.464","40.890","41.730","40.455","45.90K","2.26%"
"08/29/2011","40.546","41.740","41.800","40.290","43.24K","-0.99%"
"08/26/2011","40.952","41.160","41.725","40.120","73.84K","0.51%"
"08/25/2011","40.745","39.680","41.190","38.760","88.11K","4.04%"
"08/24/2011","39.162","41.950","42.485","39.090","104.44K","-7.40%"
"08/23/2011","42.291","43.765","44.275","41.500","95.28K","-2.39%"
"08/22/2011","43.325","43.575","44.090","42.475","77.10K","2.10%"
"08/19/2011","42.432","40.640","42.970","40.560","72.16K","4.29%"
"08/18/2011","40.688","40.285","40.950","40.080","47.03K","0.84%"
"08/17/2011","40.351","39.915","40.615","39.785","46.02K","1.34%"
"08/16/2011","39.819","39.945","40.175","39.290","41.04K","1.30%"
"08/15/2011","39.307","39.075","39.990","38.690","31.30K","0.49%"
"08/12/2011","39.114","38.780","39.235","38.215","31.93K","1.15%"
"08/11/2011","38.669","39.285","39.860","37.935","56.14K","-1.67%"
"08/10/2011","39.327","37.780","39.580","37.615","63.78K","3.81%"
"08/09/2011","37.883","39.060","39.655","37.025","90.83K","-3.80%"
"08/08/2011","39.380","38.825","40.400","38.320","72.95K","3.06%"
"08/05/2011","38.211","38.790","39.870","37.555","85.74K","-3.09%"
"08/04/2011","39.431","41.755","42.295","38.470","113.36K","-5.57%"
"08/03/2011","41.758","40.870","42.060","40.575","74.37K","4.16%"
"08/02/2011","40.092","39.265","40.885","39.210","45.26K","1.99%"
"08/01/2011","39.309","39.645","40.070","39.040","44.35K","-1.99%"
"07/29/2011","40.106","39.725","40.410","39.300","45.69K","0.78%"
"07/28/2011","39.794","40.250","40.595","39.340","55.08K","-1.91%"
"07/27/2011","40.568","40.930","41.465","40.115","77.25K","-0.32%"
"07/26/2011","40.698","40.400","40.985","40.015","51.31K","0.83%"
"07/25/2011","40.361","40.350","41.105","39.870","62.39K","0.60%"
"07/22/2011","40.122","39.335","40.300","38.865","54.74K","3.02%"
"07/21/2011","38.947","40.110","40.375","38.860","71.67K","-1.54%"
"07/20/2011","39.558","39.030","40.150","38.215","66.67K","-1.65%"
"07/19/2011","40.221","40.590","40.880","38.610","75.39K","-0.30%"
"07/18/2011","40.342","39.350","40.735","39.280","71.05K","3.25%"
"07/15/2011","39.071","38.195","39.330","37.890","54.16K","0.97%"
"07/14/2011","38.694","38.275","39.395","38.010","78.05K","1.42%"
"07/13/2011","38.151","36.165","38.340","36.015","89.97K","7.06%"
"07/12/2011","35.634","35.820","36.450","34.810","58.16K","-0.18%"
"07/11/2011","35.698","36.725","36.950","35.540","56.77K","-2.31%"
"07/08/2011","36.543","36.455","36.895","36.010","44.29K","0.02%"
"07/07/2011","36.536","35.930","36.650","35.700","48.42K","1.73%"
"07/06/2011","35.916","35.490","36.285","35.065","63.14K","1.43%"
"07/05/2011","35.410","33.920","35.690","33.795","57.24K","0.00%"
"07/04/2011","35.410","33.920","35.690","33.795","57.24K","5.06%"
"07/01/2011","33.705","34.745","34.845","33.470","46.21K","-3.24%"
"06/30/2011","34.832","34.890","35.160","34.470","43.76K","0.18%"
"06/29/2011","34.769","33.975","34.950","33.860","61.82K","3.36%"
"06/28/2011","33.638","33.580","34.135","33.510","60.15K","0.16%"
"06/27/2011","33.585","34.300","34.330","33.380","73.88K","-3.04%"
"06/24/2011","34.638","35.315","35.420","34.145","76.39K","-1.04%"
"06/23/2011","35.002","36.335","36.360","34.630","98.02K","-4.73%"
"06/22/2011","36.739","36.425","36.770","35.895","52.97K","0.99%"
"06/21/2011","36.379","36.025","36.575","35.665","56.78K","0.85%"
"06/20/2011","36.071","35.990","36.200","35.260","48.08K","0.90%"
"06/17/2011","35.748","35.550","35.920","34.925","56.86K","0.53%"
"06/16/2011","35.559","35.800","35.815","35.155","50.53K","0.42%"
"06/15/2011","35.410","35.440","35.975","34.810","63.21K","0.00%"
"06/14/2011","35.411","34.770","35.600","34.400","65.68K","1.94%"
"06/13/2011","34.737","36.190","36.350","34.550","73.66K","-4.38%"
"06/10/2011","36.327","37.560","37.860","36.080","62.37K","-2.93%"
"06/09/2011","37.424","36.840","37.640","36.565","45.82K","2.20%"
"06/08/2011","36.620","37.150","37.250","36.065","53.55K","-1.15%"
"06/07/2011","37.046","36.760","37.520","36.440","62.33K","0.72%"
"06/06/2011","36.782","36.240","37.285","36.220","53.00K","1.63%"
"06/03/2011","36.191","36.210","36.435","35.065","77.86K","-0.03%"
"06/02/2011","36.202","36.860","37.415","35.545","84.56K","-3.96%"
"06/01/2011","37.694","38.490","38.500","36.355","81.09K","-1.63%"
"05/31/2011","38.317","38.215","38.540","38.195","0.00K","0.03%"
"05/30/2011","38.305","37.995","38.765","37.760","57.37K","1.17%"
"05/27/2011","37.863","37.250","38.195","37.200","48.53K","1.43%"
"05/26/2011","37.330","37.920","38.845","36.265","78.87K","-0.83%"
"05/25/2011","37.642","36.640","37.965","36.230","79.19K","4.19%"
"05/24/2011","36.128","35.075","36.765","34.880","78.12K","3.51%"
"05/23/2011","34.904","35.015","35.400","34.340","41.53K","-0.52%"
"05/20/2011","35.087","34.960","35.570","34.190","69.71K","0.44%"
"05/19/2011","34.932","35.095","35.750","34.525","61.35K","-0.47%"
"05/18/2011","35.097","33.975","35.550","33.850","73.99K","4.80%"
"05/17/2011","33.491","33.580","34.380","32.960","81.92K","-1.88%"
"05/16/2011","34.132","35.245","35.400","33.480","81.50K","-2.52%"
"05/13/2011","35.013","34.595","36.450","33.915","114.37K","0.62%"
"05/12/2011","34.797","35.110","35.890","32.300","149.06K","-2.02%"
"05/11/2011","35.515","38.520","39.470","35.015","137.58K","-7.72%"
"05/10/2011","38.486","37.735","38.820","37.300","89.89K","3.69%"
"05/09/2011","37.116","35.690","37.975","35.190","96.76K","5.18%"
"05/06/2011","35.287","34.790","36.430","33.035","178.98K","-2.63%"
"05/05/2011","36.240","39.200","39.565","34.250","195.07K","-7.99%"
"05/04/2011","39.388","41.665","42.325","38.940","161.41K","-7.51%"
"05/03/2011","42.585","44.030","45.600","40.600","162.61K","-7.59%"
"05/02/2011","46.084","48.090","48.190","42.200","177.80K","-5.18%"
"04/29/2011","48.599","48.490","49.210","47.550","95.22K","2.23%"
"04/28/2011","47.541","47.810","49.560","47.255","170.65K","3.44%"
"04/27/2011","45.958","45.455","48.305","44.830","170.30K","2.02%"
"04/26/2011","45.050","46.970","47.155","44.610","181.77K","-4.45%"
"04/25/2011","47.149","47.250","49.820","45.645","225.87K","2.37%"
"04/21/2011","46.059","45.200","46.690","45.060","141.21K","3.59%"
"04/20/2011","44.461","43.965","45.400","43.835","141.35K","1.25%"
"04/19/2011","43.913","43.425","44.175","42.755","105.71K","2.23%"
"04/18/2011","42.956","43.035","43.560","42.200","149.52K","0.90%"
"04/15/2011","42.571","42.155","43.050","41.815","109.64K","2.18%"
"04/14/2011","41.664","40.680","42.210","40.450","99.89K","3.55%"
"04/13/2011","40.237","40.115","40.780","40.035","87.47K","0.43%"
"04/12/2011","40.066","40.250","40.910","39.705","122.89K","-1.34%"
"04/11/2011","40.612","41.000","41.975","39.770","114.56K","0.01%"
"04/08/2011","40.608","39.670","40.960","39.515","69.43K","2.67%"
"04/07/2011","39.552","39.505","39.720","39.200","62.61K","0.42%"
"04/06/2011","39.387","39.315","39.785","39.120","72.00K","0.52%"
"04/05/2011","39.183","38.595","39.335","38.070","79.39K","1.79%"
"04/04/2011","38.494","37.845","38.620","37.810","47.21K","2.02%"
"04/01/2011","37.732","37.700","37.875","37.080","75.65K","-0.41%"
"03/31/2011","37.888","37.445","37.980","37.375","52.15K","1.01%"
"03/30/2011","37.511","37.125","37.770","36.900","69.24K","1.42%"
"03/29/2011","36.987","37.170","37.250","36.530","56.63K","-0.27%"
"03/28/2011","37.088","37.340","37.430","36.435","60.41K","0.11%"
"03/25/2011","37.049","37.160","37.795","36.880","70.94K","-0.87%"
"03/24/2011","37.375","37.415","38.180","36.850","93.26K","0.48%"
"03/23/2011","37.198","36.395","37.440","36.150","61.45K","2.56%"
"03/22/2011","36.269","36.115","36.475","35.760","58.18K","0.74%"
"03/21/2011","36.001","35.355","36.290","35.355","50.73K","2.69%"
"03/18/2011","35.058","34.280","35.425","34.240","58.07K","2.34%"
"03/17/2011","34.258","34.205","34.695","33.640","56.78K","-0.62%"
"03/16/2011","34.472","34.255","35.080","33.845","80.95K","1.04%"
"03/15/2011","34.117","35.955","35.955","33.565","105.11K","-4.81%"
"03/14/2011","35.840","35.935","36.505","35.500","55.85K","-0.26%"
"03/11/2011","35.935","35.210","36.180","34.050","97.90K","2.48%"
"03/10/2011","35.066","36.145","36.190","34.660","79.71K","-2.72%"
"03/09/2011","36.047","36.040","36.440","35.615","62.99K","1.09%"
"03/08/2011","35.658","35.895","36.550","35.510","68.25K","-0.58%"
"03/07/2011","35.865","35.640","36.745","35.605","83.24K","1.52%"
"03/04/2011","35.327","34.230","35.670","34.205","62.97K","2.91%"
"03/03/2011","34.327","34.705","34.960","34.030","63.92K","-1.46%"
"03/02/2011","34.835","34.700","34.975","34.210","51.11K","1.19%"
"03/01/2011","34.427","33.900","34.720","33.790","55.98K","1.79%"
"02/28/2011","33.820","33.345","33.980","33.255","56.45K","2.72%"
"02/25/2011","32.923","32.080","33.395","32.060","61.04K","-0.73%"
"02/24/2011","33.166","33.510","33.740","31.695","83.20K","-0.40%"
"02/23/2011","33.298","33.160","33.765","32.680","91.19K","1.35%"
"02/22/2011","32.856","32.630","34.235","32.430","0.81K","-0.02%"
"02/21/2011","32.862","32.650","34.330","32.390","133.69K","1.75%"
"02/18/2011","32.296","31.740","32.870","31.610","85.99K","2.30%"
"02/17/2011","31.570","30.655","31.790","30.535","74.86K","3.07%"
"02/16/2011","30.629","30.735","30.970","30.265","74.57K","-0.22%"
"02/15/2011","30.696","30.560","30.905","30.475","47.59K","0.53%"
"02/14/2011","30.534","29.885","30.720","29.790","52.91K","1.80%"
"02/11/2011","29.995","30.185","30.285","29.685","58.90K","-0.33%"
"02/10/2011","30.094","30.165","30.275","29.635","57.50K","-0.60%"
"02/09/2011","30.276","30.310","30.500","30.050","61.61K","0.02%"
"02/08/2011","30.271","29.350","30.345","29.260","70.22K","3.16%"
"02/07/2011","29.343","29.175","29.450","29.005","43.06K","0.98%"
"02/04/2011","29.059","28.930","29.285","28.720","55.83K","1.15%"
"02/03/2011","28.728","28.300","28.980","27.960","67.11K","1.55%"
"02/02/2011","28.289","28.565","28.725","28.105","42.64K","-0.79%"
"02/01/2011","28.514","28.060","28.635","27.850","62.57K","1.22%"
"01/31/2011","28.169","27.960","28.425","27.520","55.10K","0.90%"
"01/28/2011","27.919","26.895","28.030","26.300","77.48K","3.29%"
"01/27/2011","27.031","27.615","27.795","26.745","62.55K","-0.36%"
"01/26/2011","27.128","26.855","27.645","26.655","52.18K","1.20%"
"01/25/2011","26.805","26.915","27.035","26.540","64.49K","-1.89%"
"01/24/2011","27.321","27.500","27.950","26.820","58.44K","-0.39%"
"01/21/2011","27.427","27.475","27.630","27.080","61.64K","-0.17%"
"01/20/2011","27.473","28.670","28.780","27.375","92.81K","-4.61%"
"01/19/2011","28.801","28.895","29.490","28.625","77.59K","-0.38%"
"01/18/2011","28.912","28.425","29.080","28.050","58.71K","0.00%"
"01/17/2011","28.912","28.425","29.080","28.050","58.71K","2.09%"
"01/14/2011","28.320","28.750","28.965","28.100","78.25K","-3.22%"
"01/13/2011","29.263","29.695","29.810","28.525","68.07K","-0.95%"
"01/12/2011","29.545","29.545","29.845","29.395","47.05K","0.16%"
"01/11/2011","29.499","29.115","29.710","29.060","51.49K","2.21%"
"01/10/2011","28.861","28.750","29.140","28.650","46.77K","0.66%"
"01/07/2011","28.671","29.040","29.375","28.325","86.33K","-1.56%"
"01/06/2011","29.126","29.300","29.600","28.815","62.89K","-0.25%"
"01/05/2011","29.198","29.830","29.905","28.580","81.71K","-1.05%"
"01/04/2011","29.508","30.740","30.885","29.325","80.88K","-5.20%"
"01/03/2011","31.125","30.930","31.275","30.500","41.28K","0.61%"
"12/31/2010","30.937","30.475","30.975","30.475","15.99K","1.39%"
"12/30/2010","30.513","30.630","30.930","30.360","27.58K","-0.62%"
"12/29/2010","30.704","30.325","30.720","30.145","30.06K","1.26%"
"12/28/2010","30.323","29.280","30.370","29.280","36.91K","3.65%"
"12/27/2010","29.255","29.160","29.355","28.810","17.47K","-0.25%"
"12/23/2010","29.328","29.275","29.420","28.945","27.66K","-0.19%"
"12/22/2010","29.385","29.365","29.485","29.230","23.70K","-0.03%"
"12/21/2010","29.394","29.410","29.605","29.050","43.16K","0.13%"
"12/20/2010","29.355","29.385","29.560","28.810","44.86K","0.76%"
"12/17/2010","29.133","28.900","29.370","28.680","42.38K","1.22%"
"12/16/2010","28.782","28.815","29.255","28.350","65.07K","-1.61%"
"12/15/2010","29.253","29.550","29.645","28.735","62.22K","-1.80%"
"12/14/2010","29.788","29.575","29.985","29.220","60.48K","0.55%"
"12/13/2010","29.624","28.660","29.740","28.495","55.05K","3.56%"
"12/10/2010","28.605","28.820","29.030","28.060","58.43K","-0.74%"
"12/09/2010","28.817","28.425","29.045","28.200","63.14K","2.00%"
"12/08/2010","28.252","28.770","29.290","28.010","103.27K","-5.12%"
"12/07/2010","29.777","30.200","30.750","28.485","104.21K","0.14%"
"12/06/2010","29.735","29.550","30.355","29.480","79.17K","1.59%"
"12/03/2010","29.271","28.625","29.490","28.595","59.92K","2.45%"
"12/02/2010","28.572","28.470","29.080","28.330","64.73K","0.56%"
"12/01/2010","28.413","28.180","28.880","28.020","66.09K","0.71%"
"11/30/2010","28.212","27.190","28.390","26.920","81.32K","3.75%"
"11/29/2010","27.193","26.785","27.315","26.525","82.39K","1.75%"
"11/26/2010","26.724","27.595","27.595","26.450","1.35K","-0.18%"
"11/25/2010","26.772","27.635","27.650","26.475","43.22K","-2.75%"
"11/24/2010","27.528","27.515","27.685","27.100","62.32K","-0.16%"
"11/23/2010","27.572","27.850","27.885","27.020","105.75K","0.40%"
"11/22/2010","27.461","27.590","27.895","27.075","72.77K","1.04%"
"11/19/2010","27.179","26.945","27.400","26.345","83.94K","1.29%"
"11/18/2010","26.834","25.590","27.040","25.590","73.97K","5.19%"
"11/17/2010","25.511","25.410","25.905","25.015","75.48K","1.10%"
"11/16/2010","25.233","25.560","25.850","24.980","95.82K","-3.29%"
"11/15/2010","26.092","26.025","26.480","25.400","82.13K","0.58%"
"11/12/2010","25.942","27.685","27.690","25.760","110.64K","-5.34%"
"11/11/2010","27.405","27.240","27.840","26.890","84.60K","2.01%"
"11/10/2010","26.865","26.970","28.175","26.485","140.68K","-7.06%"
"11/09/2010","28.906","27.730","29.340","26.415","174.40K","5.37%"
"11/08/2010","27.432","26.860","27.740","26.515","89.08K","2.56%"
"11/05/2010","26.748","26.315","26.915","25.875","80.68K","2.71%"
"11/04/2010","26.043","24.910","26.370","24.750","80.68K","6.58%"
"11/03/2010","24.436","24.930","25.040","23.935","80.50K","-1.61%"
"11/02/2010","24.836","24.630","24.940","24.615","43.02K","1.16%"
"11/01/2010","24.552","24.750","25.055","24.515","52.49K","-0.05%"
"10/29/2010","24.564","24.030","24.750","23.755","63.34K","2.89%"
"10/28/2010","23.875","23.585","24.040","23.500","51.74K","2.01%"
"10/27/2010","23.404","23.865","24.295","23.350","59.35K","-1.79%"
"10/26/2010","23.830","23.650","23.950","23.165","64.29K","1.21%"
"10/25/2010","23.544","23.300","23.855","23.300","44.47K","1.84%"
"10/22/2010","23.118","23.185","23.395","22.840","49.83K","-0.09%"
"10/21/2010","23.139","23.925","24.075","23.030","76.23K","-3.04%"
"10/20/2010","23.864","23.385","23.975","23.290","53.36K","0.35%"
"10/19/2010","23.780","24.390","24.505","23.270","78.07K","-2.59%"
"10/18/2010","24.413","24.305","24.515","23.715","54.89K","0.51%"
"10/15/2010","24.288","24.650","24.855","24.075","68.86K","-0.60%"
"10/14/2010","24.435","24.060","24.950","23.995","75.40K","2.10%"
"10/13/2010","23.932","23.315","24.130","23.275","57.54K","3.39%"
"10/12/2010","23.147","23.290","23.495","22.945","49.06K","-0.87%"
"10/11/2010","23.349","23.410","23.675","23.055","39.72K","1.06%"
"10/08/2010","23.105","22.520","23.325","22.350","67.19K","2.31%"
"10/07/2010","22.584","23.185","23.530","22.475","85.43K","-1.99%"
"10/06/2010","23.043","22.865","23.200","22.760","47.92K","1.35%"
"10/05/2010","22.737","21.910","22.920","21.810","55.85K","3.18%"
"10/04/2010","22.036","22.125","22.235","21.880","27.33K","-0.11%"
"10/01/2010","22.060","21.770","22.170","21.725","38.17K","1.10%"
"09/30/2010","21.821","21.895","22.125","21.565","51.24K","-0.60%"
"09/29/2010","21.952","21.775","22.075","21.710","39.30K","1.13%"
"09/28/2010","21.707","21.460","21.800","21.060","52.37K","1.10%"
"09/27/2010","21.471","21.460","21.645","21.365","26.92K","0.34%"
"09/24/2010","21.399","21.150","21.490","21.120","31.42K","0.88%"
"09/23/2010","21.213","21.165","21.265","20.885","31.60K","0.75%"
"09/22/2010","21.055","21.025","21.200","20.930","37.24K","2.01%"
"09/21/2010","20.640","20.770","21.110","20.515","36.20K","-0.78%"
"09/20/2010","20.803","20.780","21.000","20.720","23.17K","-0.06%"
"09/17/2010","20.816","20.810","21.025","20.620","33.74K","0.22%"
"09/16/2010","20.771","20.610","20.845","20.475","29.06K","0.97%"
"09/15/2010","20.571","20.500","20.650","20.340","29.63K","0.68%"
"09/14/2010","20.432","20.070","20.550","20.030","38.53K","1.39%"
"09/13/2010","20.151","19.895","20.270","19.820","27.80K","1.54%"
"09/10/2010","19.845","19.750","20.065","19.700","28.59K","-0.05%"
"09/09/2010","19.855","19.945","20.095","19.680","33.34K","-0.77%"
"09/08/2010","20.009","19.835","20.180","19.820","30.91K","0.55%"
"09/07/2010","19.900","19.875","19.990","19.585","0.04K","-0.07%"
"09/06/2010","19.914","19.940","20.045","19.585","35.39K","-0.18%"
"09/03/2010","19.949","19.705","19.985","19.505","32.09K","1.41%"
"09/02/2010","19.672","19.365","19.740","19.345","26.87K","1.44%"
"09/01/2010","19.393","19.405","19.535","19.320","25.46K","-0.20%"
"08/31/2010","19.432","19.075","19.445","18.860","28.85K","1.88%"
"08/30/2010","19.074","19.100","19.275","19.020","17.58K","0.00%"
"08/27/2010","19.074","19.000","19.375","18.935","38.39K","0.48%"
"08/26/2010","18.982","18.955","19.165","18.900","40.53K","-0.23%"
"08/25/2010","19.026","18.365","19.040","18.345","51.46K","3.53%"
"08/24/2010","18.378","17.980","18.480","17.735","55.71K","2.15%"
"08/23/2010","17.992","18.010","18.070","17.890","26.87K","0.01%"
"08/20/2010","17.991","18.295","18.340","17.845","37.45K","-1.83%"
"08/19/2010","18.327","18.365","18.590","18.220","32.38K","-0.39%"
"08/18/2010","18.399","18.505","18.575","18.165","51.18K","-1.05%"
"08/17/2010","18.595","18.405","18.620","18.350","26.46K","0.91%"
"08/16/2010","18.427","18.120","18.490","18.100","23.04K","1.76%"
"08/13/2010","18.109","18.070","18.180","17.960","18.89K","0.24%"
"08/12/2010","18.065","17.885","18.105","17.850","27.84K","0.91%"
"08/11/2010","17.902","18.300","18.355","17.795","32.14K","-1.41%"
"08/10/2010","18.158","18.325","18.475","17.960","33.31K","-0.46%"
"08/09/2010","18.242","18.500","18.575","18.220","18.54K","-1.25%"
"08/06/2010","18.472","18.340","18.585","18.290","24.81K","0.82%"
"08/05/2010","18.321","18.321","18.480","18.185","21.24K","0.24%"
"08/04/2010","18.278","18.400","18.700","18.225","27.65K","-0.78%"
"08/03/2010","18.422","18.380","18.610","18.315","24.15K","0.02%"
"08/02/2010","18.419","18.000","18.575","17.975","38.01K","2.31%"
"07/30/2010","18.003","17.635","18.125","17.530","34.22K","2.19%"
"07/29/2010","17.617","17.500","17.695","17.480","23.99K","1.01%"
"07/28/2010","17.441","17.640","17.740","17.325","34.91K","-1.05%"
"07/27/2010","17.626","18.170","18.235","17.580","37.01K","-3.15%"
"07/26/2010","18.200","18.100","18.270","17.975","19.84K","0.55%"
"07/23/2010","18.101","18.135","18.280","18.060","26.28K","-0.10%"
"07/22/2010","18.120","17.660","18.200","17.635","31.29K","1.78%"
"07/21/2010","17.803","17.685","17.900","17.575","23.88K","0.62%"
"07/20/2010","17.693","17.615","17.780","17.450","24.62K","0.86%"
"07/19/2010","17.543","17.840","17.920","17.440","30.02K","-1.38%"
"07/16/2010","17.788","18.355","18.390","17.730","30.80K","-3.13%"
"07/15/2010","18.362","18.320","18.535","18.170","24.74K","0.39%"
"07/14/2010","18.290","18.280","18.490","18.115","24.72K","0.18%"
"07/13/2010","18.257","17.940","18.355","17.870","20.22K","1.90%"
"07/12/2010","17.917","18.110","18.155","17.775","18.04K","-0.86%"
"07/09/2010","18.073","17.955","18.235","17.830","17.33K","1.12%"
"07/08/2010","17.872","18.065","18.200","17.725","22.15K","-0.71%"
"07/07/2010","18.000","17.830","18.110","17.565","26.31K","0.80%"
"07/06/2010","17.857","17.870","18.035","17.615","27.53K","0.00%"
"07/05/2010","17.857","17.870","18.035","17.615","27.53K","0.78%"
"07/02/2010","17.719","17.815","18.115","17.635","33.38K","-0.40%"
"07/01/2010","17.790","18.650","18.690","17.735","45.72K","-4.91%"
"06/30/2010","18.708","18.530","18.820","18.475","24.48K","0.39%"
"06/29/2010","18.635","18.770","18.820","18.410","35.29K","-0.23%"
"06/28/2010","18.678","19.085","19.230","18.625","30.69K","-2.26%"
"06/25/2010","19.110","18.670","19.130","18.590","45.71K","2.00%"
"06/24/2010","18.736","18.500","18.810","18.170","45.43K","1.50%"
"06/23/2010","18.459","18.805","18.960","18.310","41.03K","-2.34%"
"06/22/2010","18.902","18.715","18.985","18.590","33.17K","0.50%"
"06/21/2010","18.808","19.200","19.460","18.650","42.48K","-1.96%"
"06/18/2010","19.184","18.740","19.275","18.685","38.72K","2.17%"
"06/17/2010","18.776","18.450","18.880","18.315","32.13K","1.82%"
"06/16/2010","18.441","18.585","18.660","18.380","25.18K","-0.74%"
"06/15/2010","18.578","18.230","18.685","18.220","23.71K","0.91%"
"06/14/2010","18.411","18.250","18.570","18.200","22.85K","0.99%"
"06/11/2010","18.231","18.250","18.535","18.070","34.04K","-0.65%"
"06/10/2010","18.351","18.130","18.445","17.905","32.65K","0.89%"
"06/09/2010","18.189","18.325","18.375","18.095","32.72K","-1.56%"
"06/08/2010","18.477","18.150","18.490","18.085","36.71K","1.73%"
"06/07/2010","18.162","17.460","18.295","17.195","47.70K","4.99%"
"06/04/2010","17.299","17.965","18.035","17.285","41.85K","-3.52%"
"06/03/2010","17.931","18.365","18.475","17.825","28.00K","-2.10%"
"06/02/2010","18.315","18.440","18.510","18.090","26.78K","-1.37%"
"06/01/2010","18.570","18.570","18.570","18.570","0.00K","0.10%"
"05/31/2010","18.551","18.410","18.735","18.265","30.10K","0.70%"
"05/28/2010","18.422","18.520","18.645","18.240","25.59K","-0.25%"
"05/27/2010","18.468","18.060","18.580","18.010","27.46K","0.88%"
"05/26/2010","18.306","17.980","18.410","17.930","36.08K","2.95%"
"05/25/2010","17.781","17.915","17.990","17.530","34.39K","-1.22%"
"05/24/2010","18.000","17.655","18.080","17.650","25.80K","1.98%"
"05/21/2010","17.651","17.630","17.895","17.410","38.17K","-0.36%"
"05/20/2010","17.715","18.205","18.330","17.485","50.57K","-2.21%"
"05/19/2010","18.115","19.010","19.010","17.920","55.95K","-4.05%"
"05/18/2010","18.879","18.895","19.145","18.650","36.32K","0.11%"
"05/17/2010","18.859","19.330","19.445","18.735","35.22K","-1.90%"
"05/14/2010","19.225","19.470","19.735","18.975","45.52K","-1.41%"
"05/13/2010","19.499","19.530","19.845","19.345","41.26K","-0.83%"
"05/12/2010","19.663","19.360","19.735","19.110","41.78K","1.91%"
"05/11/2010","19.294","18.510","19.425","18.405","55.60K","4.00%"
"05/10/2010","18.552","18.575","18.680","18.215","31.06K","0.55%"
"05/07/2010","18.451","17.585","18.690","17.475","55.54K","5.34%"
"05/06/2010","17.515","17.515","17.775","17.260","51.54K","-0.11%"
"05/05/2010","17.534","17.865","17.895","17.080","61.74K","-1.73%"
"05/04/2010","17.842","18.840","18.850","17.810","52.69K","-5.30%"
"05/03/2010","18.840","18.685","18.890","18.530","22.95K","1.08%"
"04/30/2010","18.639","18.505","18.790","18.480","31.09K","0.32%"
"04/29/2010","18.579","18.130","18.600","18.085","37.87K","2.61%"
"04/28/2010","18.107","18.185","18.250","17.820","44.46K","-0.07%"
"04/27/2010","18.119","18.310","18.415","18.060","40.92K","-1.19%"
"04/26/2010","18.337","18.350","18.420","18.235","37.33K","0.80%"
"04/23/2010","18.192","17.995","18.350","17.845","37.66K","1.02%"
"04/22/2010","18.009","18.090","18.170","17.765","37.59K","-0.38%"
"04/21/2010","18.078","17.860","18.140","17.710","34.18K","1.44%"
"04/20/2010","17.821","17.770","18.040","17.725","37.59K","0.51%"
"04/19/2010","17.731","17.695","17.775","17.490","31.87K","0.32%"
"04/16/2010","17.675","18.415","18.440","17.610","51.29K","-4.11%"
"04/15/2010","18.433","18.445","18.540","18.225","26.25K","0.10%"
"04/14/2010","18.415","18.240","18.505","18.210","33.78K","0.91%"
"04/13/2010","18.249","18.225","18.320","17.955","44.25K","-0.90%"
"04/12/2010","18.414","18.480","18.605","18.155","31.76K","0.34%"
"04/09/2010","18.351","18.100","18.445","18.050","33.26K","1.24%"
"04/08/2010","18.127","18.180","18.215","17.925","31.80K","-0.40%"
"04/07/2010","18.199","17.930","18.260","17.920","32.37K","1.49%"
"04/06/2010","17.931","18.095","18.105","17.845","28.99K","-1.03%"
"04/05/2010","18.118","17.845","18.145","17.810","22.22K","1.27%"
"04/01/2010","17.890","17.505","18.000","17.475","30.61K","2.08%"
"03/31/2010","17.526","17.305","17.645","17.255","31.01K","1.13%"
"03/30/2010","17.330","17.385","17.480","17.235","19.99K","-0.33%"
"03/29/2010","17.387","16.980","17.440","16.935","31.98K","2.85%"
"03/26/2010","16.906","16.630","16.990","16.565","29.73K","0.99%"
"03/25/2010","16.741","16.575","16.860","16.555","27.02K","0.60%"
"03/24/2010","16.641","17.015","17.045","16.550","27.08K","-2.27%"
"03/23/2010","17.027","17.000","17.150","16.735","28.49K","0.54%"
"03/22/2010","16.935","17.010","17.010","16.620","31.76K","-0.57%"
"03/19/2010","17.032","17.410","17.420","16.965","34.99K","-2.24%"
"03/18/2010","17.422","17.520","17.560","17.325","24.39K","-0.58%"
"03/17/2010","17.523","17.450","17.600","17.365","24.41K","0.97%"
"03/16/2010","17.354","17.130","17.495","17.130","26.92K","1.44%"
"03/15/2010","17.108","17.065","17.180","16.965","18.35K","0.35%"
"03/12/2010","17.048","17.210","17.350","16.960","27.99K","-0.65%"
"03/11/2010","17.160","17.020","17.195","16.835","29.55K","0.83%"
"03/10/2010","17.018","17.280","17.665","16.940","43.77K","-1.85%"
"03/09/2010","17.338","17.250","17.420","16.875","33.94K","0.38%"
"03/08/2010","17.272","17.390","17.530","17.125","27.34K","-0.63%"
"03/05/2010","17.382","17.135","17.515","17.135","25.92K","1.20%"
"03/04/2010","17.176","17.195","17.395","17.055","29.64K","-0.88%"
"03/03/2010","17.329","16.955","17.370","16.885","31.91K","1.55%"
"03/02/2010","17.064","16.475","17.105","16.330","34.39K","3.61%"
"03/01/2010","16.469","16.525","16.770","16.430","25.62K","-0.31%"
"02/26/2010","16.521","16.145","16.550","16.045","30.20K","2.41%"
"02/25/2010","16.132","15.955","16.175","15.630","46.68K","1.20%"
"02/24/2010","15.940","15.850","16.000","15.620","45.35K","0.33%"
"02/23/2010","15.888","16.220","16.425","15.785","45.11K","-2.06%"
"02/22/2010","16.222","16.370","16.565","16.135","36.76K","-1.16%"
"02/19/2010","16.413","15.850","16.510","15.760","37.01K","2.20%"
"02/18/2010","16.060","15.910","16.265","15.675","40.47K","-0.24%"
"02/17/2010","16.098","16.155","16.330","15.825","45.14K","-0.39%"
"02/16/2010","16.161","15.580","16.190","15.555","0.18K","0.08%"
"02/15/2010","16.148","15.570","16.215","15.450","45.06K","4.54%"
"02/12/2010","15.447","15.650","15.740","15.210","31.99K","-0.92%"
"02/11/2010","15.590","15.200","15.730","15.175","40.99K","1.90%"
"02/10/2010","15.300","15.475","15.645","15.075","42.72K","-0.87%"
"02/09/2010","15.435","15.025","15.595","15.015","45.76K","2.32%"
"02/08/2010","15.085","15.160","15.320","14.950","34.60K","1.72%"
"02/05/2010","14.830","15.305","15.380","14.650","58.18K","-3.39%"
"02/04/2010","15.350","16.400","16.415","15.190","66.06K","-5.93%"
"02/03/2010","16.317","16.740","16.950","16.280","39.50K","-2.54%"
"02/02/2010","16.743","16.695","16.810","16.555","30.48K","0.50%"
"02/01/2010","16.660","16.170","16.715","16.105","32.61K","2.90%"
"01/29/2010","16.190","16.260","16.375","16.020","34.64K","-0.14%"
"01/28/2010","16.212","16.590","16.755","16.015","45.23K","-1.39%"
"01/27/2010","16.440","16.800","16.965","16.425","33.16K","-2.49%"
"01/26/2010","16.860","17.155","17.270","16.340","46.81K","-1.66%"
"01/25/2010","17.145","17.050","17.275","16.990","27.77K","1.26%"
"01/22/2010","16.932","17.455","17.520","16.880","46.91K","-3.30%"
"01/21/2010","17.510","17.910","18.065","17.340","50.92K","-2.07%"
"01/20/2010","17.880","18.790","18.870","17.805","53.62K","-4.89%"
"01/19/2010","18.800","18.410","18.880","18.400","35.86K","0.00%"
"01/18/2010","18.800","18.410","18.880","18.400","35.86K","2.02%"
"01/15/2010","18.427","18.680","18.690","18.400","22.84K","-1.22%"
"01/14/2010","18.655","18.615","18.740","18.455","24.81K","0.57%"
"01/13/2010","18.550","18.270","18.675","18.200","31.95K","1.62%"
"01/12/2010","18.255","18.560","18.810","18.160","35.42K","-2.35%"
"01/11/2010","18.695","18.510","18.925","18.495","31.15K","1.22%"
"01/08/2010","18.470","18.275","18.525","18.055","35.48K","0.68%"
"01/07/2010","18.345","18.205","18.420","18.055","27.48K","0.94%"
"01/06/2010","18.175","17.765","18.245","17.755","35.56K","2.11%"
"01/05/2010","17.800","17.595","17.885","17.510","33.07K","1.93%"
"01/04/2010","17.463","16.940","17.600","16.850","31.03K","3.67%"
"12/31/2009","16.845","16.810","17.105","16.780","11.19K","0.26%"
"12/30/2009","16.802","17.105","17.175","16.765","21.44K","-1.80%"
"12/29/2009","17.110","17.540","17.545","17.080","18.31K","-2.56%"
"12/28/2009","17.560","17.550","17.690","17.455","13.09K","0.69%"
"12/24/2009","17.440","17.160","17.545","17.145","8.66K","1.45%"
"12/23/2009","17.190","16.995","17.245","16.870","16.19K","0.94%"
"12/22/2009","17.030","17.050","17.190","16.780","30.56K","-0.03%"
"12/21/2009","17.035","17.300","17.525","16.980","23.68K","-1.65%"
"12/18/2009","17.320","17.180","17.390","17.105","25.63K","0.73%"
"12/17/2009","17.195","17.770","17.805","17.100","32.37K","-2.81%"
"12/16/2009","17.693","17.450","17.810","17.350","24.29K","1.36%"
"12/15/2009","17.455","17.425","17.515","17.135","24.88K","0.66%"
"12/14/2009","17.340","17.140","17.455","17.095","21.86K","1.46%"
"12/11/2009","17.090","17.420","17.640","16.900","36.13K","-0.57%"
"12/10/2009","17.188","17.440","17.575","17.155","27.36K","0.05%"
"12/09/2009","17.180","17.660","17.910","17.135","43.95K","-3.52%"
"12/08/2009","17.807","18.225","18.385","17.560","34.82K","-3.01%"
"12/07/2009","18.360","18.480","18.585","17.895","44.11K","-0.86%"
"12/04/2009","18.520","18.910","18.990","18.300","48.73K","-3.18%"
"12/03/2009","19.128","19.235","19.500","18.835","41.23K","-1.02%"
"12/02/2009","19.325","19.140","19.470","19.100","38.97K","0.60%"
"12/01/2009","19.210","18.505","19.300","18.420","35.65K","3.70%"
"11/30/2009","18.525","18.355","18.545","18.135","26.39K","1.04%"
"11/26/2009","18.335","18.690","18.950","17.720","49.53K","-2.31%"
"11/25/2009","18.768","18.520","18.860","18.520","47.05K","1.70%"
"11/24/2009","18.455","18.585","18.680","18.330","57.10K","-0.83%"
"11/23/2009","18.610","18.525","18.935","18.525","51.50K","0.92%"
"11/20/2009","18.440","18.545","18.595","18.035","44.23K","-0.08%"
"11/19/2009","18.455","18.575","18.640","18.150","37.12K","0.22%"
"11/18/2009","18.415","18.425","18.855","18.325","51.97K","0.15%"
"11/17/2009","18.387","18.400","18.435","18.085","50.51K","-0.07%"
"11/16/2009","18.400","17.490","18.450","17.475","54.54K","5.87%"
"11/13/2009","17.380","17.215","17.460","17.025","35.47K","0.67%"
"11/12/2009","17.265","17.585","17.780","17.190","36.60K","-1.55%"
"11/11/2009","17.537","17.345","17.725","17.330","38.85K","1.83%"
"11/10/2009","17.222","17.585","17.650","17.160","41.35K","-1.48%"
"11/09/2009","17.480","17.445","17.780","17.425","30.10K","0.60%"
"11/06/2009","17.375","17.410","17.630","17.270","37.18K","-0.20%"
"11/05/2009","17.410","17.460","17.530","17.220","28.33K","0.03%"
"11/04/2009","17.405","17.230","17.635","17.105","42.63K","1.31%"
"11/03/2009","17.180","16.475","17.350","16.245","53.21K","4.50%"
"11/02/2009","16.440","16.285","16.735","16.275","35.09K","1.14%"
"10/30/2009","16.255","16.690","16.745","16.150","35.59K","-2.40%"
"10/29/2009","16.655","16.135","16.710","16.120","38.03K","2.56%"
"10/28/2009","16.240","16.710","16.770","16.120","45.65K","-1.81%"
"10/27/2009","16.540","17.070","17.250","16.500","51.97K","-3.25%"
"10/26/2009","17.095","17.710","17.800","17.010","43.38K","-3.54%"
"10/23/2009","17.723","17.700","17.970","17.450","38.59K","1.01%"
"10/22/2009","17.545","17.720","17.830","17.365","30.19K","-1.57%"
"10/21/2009","17.825","17.520","17.835","17.300","28.96K","1.52%"
"10/20/2009","17.558","17.860","17.955","17.420","25.85K","-0.38%"
"10/19/2009","17.625","17.485","17.875","17.270","20.77K","1.18%"
"10/16/2009","17.420","17.380","17.580","17.210","27.82K","0.03%"
"10/15/2009","17.415","17.915","18.000","17.320","37.58K","-2.75%"
"10/14/2009","17.908","17.820","18.175","17.720","27.55K","0.38%"
"10/13/2009","17.840","17.760","18.075","17.565","36.03K","0.11%"
"10/12/2009","17.820","17.735","17.990","17.710","16.73K","0.73%"
"10/09/2009","17.690","17.815","17.835","17.555","25.83K","-0.70%"
"10/08/2009","17.815","17.650","17.955","17.530","37.25K","1.80%"
"10/07/2009","17.500","17.375","17.630","17.310","29.81K","1.19%"
"10/06/2009","17.295","16.670","17.440","16.625","40.91K","4.60%"
"10/05/2009","16.535","16.200","16.685","16.035","22.29K","1.88%"
"10/02/2009","16.230","16.360","16.495","15.920","31.80K","-1.28%"
"10/01/2009","16.440","16.665","16.785","16.340","28.65K","-1.31%"
"09/30/2009","16.658","16.170","16.715","16.170","32.09K","2.97%"
"09/29/2009","16.178","16.220","16.320","16.010","22.16K","-0.10%"
"09/28/2009","16.195","16.115","16.325","15.760","20.12K","0.84%"
"09/25/2009","16.060","16.270","16.410","15.955","33.59K","-1.44%"
"09/24/2009","16.295","16.800","17.045","16.185","39.62K","-3.64%"
"09/23/2009","16.910","17.155","17.290","16.720","28.77K","-1.20%"
"09/22/2009","17.115","16.865","17.345","16.830","23.02K","1.39%"
"09/21/2009","16.880","16.950","16.985","16.525","27.34K","-1.08%"
"09/18/2009","17.065","17.290","17.400","16.920","27.34K","-1.16%"
"09/17/2009","17.265","17.425","17.690","17.210","29.45K","-0.95%"
"09/16/2009","17.430","17.045","17.580","17.035","28.90K","2.53%"
"09/15/2009","17.000","16.570","17.080","16.440","25.51K","2.27%"
"09/14/2009","16.623","16.785","16.845","16.320","21.03K","-0.46%"
"09/11/2009","16.700","16.710","17.015","16.645","26.02K","0.18%"
"09/10/2009","16.670","16.355","16.730","16.060","30.05K","1.21%"
"09/09/2009","16.470","16.485","16.750","16.255","30.91K","-0.18%"
"09/08/2009","16.499","16.710","16.720","16.710","0.01K","-0.07%"
"09/07/2009","16.510","16.375","16.860","16.165","34.14K","1.38%"
"09/04/2009","16.285","16.180","16.405","15.850","30.64K","-0.03%"
"09/03/2009","16.290","15.410","16.310","15.360","37.43K","6.02%"
"09/02/2009","15.365","15.035","15.490","14.865","31.79K","2.03%"
"09/01/2009","15.060","14.905","15.145","14.655","28.28K","0.92%"
"08/31/2009","14.923","14.775","14.950","14.550","18.43K","0.73%"
"08/28/2009","14.815","14.225","14.900","14.225","32.96K","4.18%"
"08/27/2009","14.220","14.340","14.350","14.045","25.98K","-0.25%"
"08/26/2009","14.255","14.295","14.470","14.165","32.20K","-0.38%"
"08/25/2009","14.310","14.320","14.425","14.060","29.64K","0.81%"
"08/24/2009","14.195","14.200","14.470","14.050","25.60K","0.22%"
"08/21/2009","14.164","13.915","14.290","13.710","22.57K","2.05%"
"08/20/2009","13.880","13.815","14.070","13.790","21.19K","0.04%"
"08/19/2009","13.875","14.005","14.150","13.495","39.62K","-0.61%"
"08/18/2009","13.960","13.990","14.200","13.830","21.46K","-0.11%"
"08/17/2009","13.975","14.730","14.730","13.820","38.98K","-5.07%"
"08/14/2009","14.722","15.040","15.185","14.585","25.87K","-1.77%"
"08/13/2009","14.987","14.550","15.145","14.505","30.94K","2.76%"
"08/12/2009","14.585","14.315","14.605","14.125","31.20K","1.67%"
"08/11/2009","14.345","14.350","14.480","14.235","19.87K","-0.07%"
"08/10/2009","14.355","14.560","14.695","14.275","26.20K","-2.13%"
"08/07/2009","14.668","14.560","14.890","14.490","31.76K","0.16%"
"08/06/2009","14.645","14.680","15.035","14.410","42.40K","-0.78%"
"08/05/2009","14.760","14.645","14.850","14.545","21.44K","0.44%"
"08/04/2009","14.695","14.252","14.765","14.025","29.45K","3.11%"
"08/03/2009","14.252","13.900","14.465","13.885","27.24K","2.24%"
"07/31/2009","13.940","13.475","13.970","13.370","25.63K","3.37%"
"07/30/2009","13.485","13.285","13.580","13.260","17.17K","1.71%"
"07/29/2009","13.258","13.695","13.740","13.165","23.90K","-3.51%"
"07/28/2009","13.740","14.020","14.095","13.580","22.29K","-1.79%"
"07/27/2009","13.990","13.890","14.090","13.745","16.17K","0.83%"
"07/24/2009","13.875","13.710","13.900","13.655","13.07K","0.76%"
"07/23/2009","13.770","13.735","13.860","13.610","16.86K","0.51%"
"07/22/2009","13.700","13.650","13.745","13.340","18.15K","1.65%"
"07/21/2009","13.478","13.635","13.695","13.450","14.71K","-1.08%"
"07/20/2009","13.625","13.405","13.750","13.370","18.30K","1.66%"
"07/17/2009","13.403","13.300","13.470","13.070","15.35K","1.27%"
"07/16/2009","13.235","13.290","13.325","13.135","14.23K","0.20%"
"07/15/2009","13.208","12.905","13.380","12.880","24.92K","2.75%"
"07/14/2009","12.855","12.830","12.995","12.785","16.62K","0.55%"
"07/13/2009","12.785","12.660","12.845","12.435","19.83K","1.11%"
"07/10/2009","12.645","12.830","12.900","12.510","21.73K","-2.24%"
"07/09/2009","12.935","12.855","12.975","12.760","18.59K","0.65%"
"07/08/2009","12.852","13.100","13.150","12.740","23.56K","-2.78%"
"07/07/2009","13.220","13.250","13.370","13.075","15.37K","-0.14%"
"07/06/2009","13.238","13.380","13.480","12.995","20.42K","0.00%"
"07/03/2009","13.238","13.425","13.450","12.995","20.42K","-1.27%"
"07/02/2009","13.408","13.765","13.800","13.290","18.49K","-2.56%"
"07/01/2009","13.760","13.610","13.870","13.590","20.30K","1.18%"
"06/30/2009","13.600","13.600","14.150","13.455","24.02K","-2.68%"
"06/29/2009","13.975","14.100","14.130","13.840","17.70K","-1.28%"
"06/26/2009","14.156","14.045","14.335","14.045","22.23K","1.08%"
"06/25/2009","14.005","13.830","14.050","13.795","25.34K","0.68%"
"06/24/2009","13.910","13.830","14.105","13.775","40.30K","0.47%"
"06/23/2009","13.845","13.720","13.880","13.595","29.29K","1.02%"
"06/22/2009","13.705","13.800","14.190","13.680","33.84K","-3.49%"
"06/19/2009","14.200","14.205","14.370","14.120","21.66K","-0.28%"
"06/18/2009","14.240","14.340","14.400","14.130","18.75K","-0.28%"
"06/17/2009","14.280","14.180","14.355","13.930","31.19K","1.06%"
"06/16/2009","14.130","14.050","14.405","14.050","20.39K","0.71%"
"06/15/2009","14.030","14.850","14.875","14.030","31.04K","-5.68%"
"06/12/2009","14.875","15.405","15.435","14.780","29.16K","-3.99%"
"06/11/2009","15.493","15.170","15.540","14.925","35.83K","1.76%"
"06/10/2009","15.225","15.235","15.500","15.025","30.77K","0.56%"
"06/09/2009","15.140","14.915","15.345","14.750","26.10K","1.24%"
"06/08/2009","14.955","15.250","15.460","14.735","30.03K","-2.81%"
"06/05/2009","15.388","15.925","15.980","15.160","38.22K","-3.19%"
"06/04/2009","15.895","15.345","15.945","15.065","33.89K","3.82%"
"06/03/2009","15.310","15.960","16.250","15.255","37.60K","-4.04%"
"06/02/2009","15.955","15.625","16.020","15.450","31.36K","1.40%"
"06/01/2009","15.735","15.765","15.970","15.540","24.20K","0.80%"
"05/29/2009","15.610","15.180","15.795","15.145","28.77K","2.97%"
"05/28/2009","15.160","15.040","15.275","14.650","23.76K","1.98%"
"05/27/2009","14.865","14.625","15.020","14.390","24.00K","1.82%"
"05/26/2009","14.600","14.720","14.780","14.310","19.79K","0.00%"
"05/25/2009","14.600","14.720","14.780","14.310","19.79K","-0.65%"
"05/22/2009","14.695","14.550","14.860","14.430","20.46K","1.73%"
"05/21/2009","14.445","14.260","14.570","14.090","17.79K","1.16%"
"05/20/2009","14.280","14.200","14.390","14.100","18.12K","1.10%"
"05/19/2009","14.125","13.740","14.295","13.730","15.35K","2.13%"
"05/18/2009","13.830","13.980","14.080","13.630","15.27K","-1.28%"
"05/15/2009","14.010","14.045","14.190","13.860","14.61K","-0.21%"
"05/14/2009","14.040","13.990","14.090","13.710","13.50K","0.14%"
"05/13/2009","14.020","14.215","14.370","13.880","16.95K","-1.37%"
"05/12/2009","14.215","13.935","14.340","13.840","17.81K","2.19%"
"05/11/2009","13.910","14.010","14.035","13.680","11.78K","-0.32%"
"05/08/2009","13.955","13.840","14.065","13.780","16.08K","-0.53%"
"05/07/2009","14.030","13.740","14.150","13.670","23.38K","2.33%"
"05/06/2009","13.710","13.305","13.835","13.270","21.15K","2.16%"
"05/05/2009","13.420","13.050","13.615","12.995","23.41K","2.34%"
"05/04/2009","13.113","12.500","13.155","12.440","17.33K","4.90%"
"05/01/2009","12.500","12.370","12.620","12.025","13.50K","1.42%"
"04/30/2009","12.325","12.800","12.820","12.185","18.51K","-3.52%"
"04/29/2009","12.775","12.470","12.830","12.405","24.34K","3.02%"
"04/28/2009","12.400","12.870","12.950","12.330","26.67K","-4.28%"
"04/27/2009","12.955","12.895","13.240","12.775","23.56K","0.27%"
"04/24/2009","12.920","12.755","12.940","12.650","27.84K","1.29%"
"04/23/2009","12.755","12.280","12.860","12.280","25.46K","3.66%"
"04/22/2009","12.305","12.165","12.330","11.990","19.99K","2.03%"
"04/21/2009","12.060","12.055","12.235","11.865","17.05K","-0.37%"
"04/20/2009","12.105","11.855","12.165","11.725","16.80K","2.67%"
"04/17/2009","11.790","12.235","12.250","11.775","20.49K","-3.79%"
"04/16/2009","12.255","12.750","12.800","12.125","21.26K","-4.26%"
"04/15/2009","12.800","12.730","12.920","12.645","10.89K","0.27%"
"04/14/2009","12.765","12.715","12.795","12.550","14.11K","-0.02%"
"04/13/2009","12.768","12.365","12.870","12.350","15.55K","3.55%"
"04/09/2009","12.330","12.250","12.395","12.110","15.89K","-0.08%"
"04/08/2009","12.340","12.255","12.470","12.150","19.11K","1.06%"
"04/07/2009","12.210","12.100","12.335","12.020","17.06K","0.83%"
"04/06/2009","12.110","12.800","12.800","12.075","19.71K","-4.91%"
"04/03/2009","12.735","12.940","12.995","12.650","14.18K","-2.23%"
"04/02/2009","13.025","13.020","13.155","12.560","21.64K","0.39%"
"04/01/2009","12.975","12.960","13.170","12.825","14.02K","-0.08%"
"03/31/2009","12.985","13.030","13.260","12.570","23.95K","-0.37%"
"03/30/2009","13.033","13.270","13.350","12.915","15.89K","-1.73%"
"03/27/2009","13.263","13.480","13.575","13.075","14.44K","-2.62%"
"03/26/2009","13.620","13.475","13.745","13.400","12.54K","1.36%"
"03/25/2009","13.437","13.440","13.615","12.955","19.50K","0.60%"
"03/24/2009","13.357","13.655","13.740","13.260","17.74K","-3.73%"
"03/23/2009","13.875","13.740","13.885","13.615","13.17K","0.25%"
"03/20/2009","13.840","13.575","13.860","13.410","17.18K","2.37%"
"03/19/2009","13.520","12.870","13.685","12.640","28.75K","13.28%"
"03/18/2009","11.935","12.705","13.000","11.890","32.49K","-5.80%"
"03/17/2009","12.670","12.925","12.990","12.630","12.50K","-1.71%"
"03/16/2009","12.890","13.200","13.200","12.770","12.11K","-2.46%"
"03/13/2009","13.215","12.960","13.285","12.885","12.95K","2.10%"
"03/12/2009","12.943","12.785","13.080","12.640","14.88K","1.12%"
"03/11/2009","12.800","12.580","12.875","12.510","12.07K","2.07%"
"03/10/2009","12.540","12.950","12.990","12.465","17.85K","-3.09%"
"03/09/2009","12.940","13.335","13.385","12.760","17.70K","-2.95%"
"03/06/2009","13.333","13.260","13.520","13.215","16.13K","1.62%"
"03/05/2009","13.120","12.945","13.310","12.890","13.95K","1.59%"
"03/04/2009","12.915","12.800","13.150","12.680","17.82K","1.57%"
"03/03/2009","12.715","12.910","12.950","12.430","18.58K","-2.72%"
"03/02/2009","13.070","13.100","13.375","12.700","21.99K","-0.31%"
"02/27/2009","13.110","13.125","13.370","12.825","21.33K","1.04%"
"02/26/2009","12.975","13.725","13.745","12.935","42.09K","-6.49%"
"02/25/2009","13.875","13.735","14.120","13.540","42.10K","-0.86%"
"02/24/2009","13.995","14.385","14.575","13.680","51.13K","-3.15%"
"02/23/2009","14.450","14.380","14.600","14.060","28.65K","-0.28%"
"02/20/2009","14.490","13.980","14.580","13.965","20.62K","3.98%"
"02/19/2009","13.935","14.315","14.370","13.850","27.62K","-2.48%"
"02/18/2009","14.290","14.080","14.370","13.980","23.49K","1.85%"
"02/17/2009","14.030","13.585","14.205","13.585","0.05K","0.14%"
"02/16/2009","14.010","13.550","14.200","13.480","26.48K","2.83%"
"02/13/2009","13.625","13.450","13.685","13.220","17.78K","0.85%"
"02/12/2009","13.510","13.500","13.720","13.290","19.88K","-0.07%"
"02/11/2009","13.520","13.120","13.670","13.070","25.76K","2.97%"
"02/10/2009","13.130","12.805","13.215","12.725","21.21K","2.34%"
"02/09/2009","12.830","13.115","13.115","12.785","16.90K","-2.51%"
"02/06/2009","13.160","12.865","13.180","12.740","18.27K","3.22%"
"02/05/2009","12.750","12.495","12.920","12.270","20.06K","2.25%"
"02/04/2009","12.470","12.425","12.590","12.305","13.01K","1.38%"
"02/03/2009","12.300","12.400","12.470","12.135","17.92K","-0.93%"
"02/02/2009","12.415","12.610","12.655","12.175","15.61K","-1.19%"
"01/30/2009","12.565","12.340","12.660","12.215","24.04K","3.46%"
"01/29/2009","12.145","11.955","12.450","11.635","19.93K","1.52%"
"01/28/2009","11.963","12.060","12.165","11.815","14.88K","-1.74%"
"01/27/2009","12.175","12.025","12.220","11.855","18.38K","0.54%"
"01/26/2009","12.110","11.945","12.285","11.825","17.64K","1.42%"
"01/23/2009","11.940","11.390","12.075","11.260","28.27K","5.06%"
"01/22/2009","11.365","11.310","11.485","11.205","13.77K","0.35%"
"01/21/2009","11.325","11.185","11.505","11.040","16.99K","1.34%"
"01/20/2009","11.175","11.300","11.405","10.920","18.68K","0.00%"
"01/19/2009","11.175","11.300","11.405","10.920","18.68K","-0.36%"
"01/16/2009","11.215","10.575","11.305","10.575","21.76K","7.42%"
"01/15/2009","10.440","10.530","10.675","10.320","15.78K","-0.33%"
"01/14/2009","10.475","10.735","10.890","10.335","18.48K","-1.92%"
"01/13/2009","10.680","10.660","10.845","10.415","17.69K","-0.65%"
"01/12/2009","10.750","11.270","11.300","10.540","18.22K","-5.04%"
"01/09/2009","11.320","11.145","11.630","10.965","19.07K","2.01%"
"01/08/2009","11.097","11.060","11.350","10.795","19.09K","-0.07%"
"01/07/2009","11.105","11.480","11.605","10.880","21.58K","-2.97%"
"01/06/2009","11.445","11.240","11.550","10.790","18.87K","1.55%"
"01/05/2009","11.270","11.585","11.770","10.570","20.38K","-1.91%"
"01/02/2009","11.490","11.405","11.600","11.015","11.82K","1.73%"
"12/31/2008","11.295","10.995","11.425","10.765","7.54K","2.87%"
"12/30/2008","10.980","10.870","11.145","10.650","9.93K","1.57%"
"12/29/2008","10.810","10.730","11.275","10.710","12.18K","2.66%"
"12/26/2008","10.530","10.300","10.745","10.300","3.14K","1.74%"
"12/24/2008","10.350","10.270","10.450","10.225","4.04K","0.88%"
"12/23/2008","10.260","10.870","10.870","10.105","11.37K","-5.52%"
"12/22/2008","10.860","10.885","11.090","10.750","6.87K","0.09%"
"12/19/2008","10.850","10.975","11.025","10.545","11.11K","-2.43%"
"12/18/2008","11.120","11.350","11.480","10.930","15.68K","-2.63%"
"12/17/2008","11.420","11.260","11.615","10.835","23.15K","6.68%"
"12/16/2008","10.705","10.670","11.340","10.460","17.26K","0.80%"
"12/15/2008","10.620","10.295","10.730","10.255","16.39K","3.81%"
"12/12/2008","10.230","10.330","10.410","10.000","13.86K","-1.87%"
"12/11/2008","10.425","10.220","10.540","10.130","11.96K","2.21%"
"12/10/2008","10.200","9.845","10.280","9.815","15.21K","3.55%"
"12/09/2008","9.850","10.000","10.090","9.665","12.82K","-1.25%"
"12/08/2008","9.975","9.500","10.400","9.480","23.66K","5.78%"
"12/05/2008","9.430","9.500","9.560","9.125","15.84K","-0.95%"
"12/04/2008","9.520","9.655","9.720","9.340","16.47K","-0.73%"
"12/03/2008","9.590","9.650","9.750","9.295","13.15K","-0.26%"
"12/02/2008","9.615","9.220","9.750","9.130","15.33K","2.51%"
"12/01/2008","9.380","10.315","10.320","9.175","21.14K","-8.31%"
"11/28/2008","10.230","10.370","10.390","10.120","7.77K","0.10%"
"11/26/2008","10.220","10.260","10.455","10.150","32.00K","-0.49%"
"11/25/2008","10.270","10.575","10.575","10.030","32.00K","-0.82%"
"11/24/2008","10.355","9.635","10.680","9.460","32.87K","9.23%"
"11/21/2008","9.480","8.960","9.660","8.900","26.11K","5.04%"
"11/20/2008","9.025","9.260","9.455","8.805","26.97K","-3.06%"
"11/19/2008","9.310","9.620","9.850","9.205","26.95K","-2.51%"
"11/18/2008","9.550","9.620","9.740","9.115","26.33K","2.36%"
"11/17/2008","9.330","9.420","9.665","9.210","18.64K","-1.69%"
"11/14/2008","9.490","9.420","9.700","9.185","20.10K","7.84%"
"11/13/2008","8.800","9.295","9.510","8.770","27.01K","-7.17%"
"11/12/2008","9.480","9.755","9.870","9.250","20.64K","-3.31%"
"11/11/2008","9.805","10.185","10.225","9.530","19.42K","-4.06%"
"11/10/2008","10.220","10.065","10.535","10.055","22.87K","2.58%"
"11/07/2008","9.963","9.995","10.295","9.905","17.53K","-0.91%"
"11/06/2008","10.055","10.270","10.800","9.850","24.18K","-3.83%"
"11/05/2008","10.455","10.260","10.600","10.035","24.93K","3.21%"
"11/04/2008","10.130","9.770","10.540","9.700","23.68K","3.90%"
"11/03/2008","9.750","9.840","10.260","9.600","13.76K","0.21%"
"10/31/2008","9.730","9.710","9.965","9.200","17.77K","-0.56%"
"10/30/2008","9.785","9.910","10.645","9.565","20.12K","-0.20%"
"10/29/2008","9.805","9.190","10.175","9.010","27.24K","11.55%"
"10/28/2008","8.790","9.025","9.295","8.400","22.93K","-4.40%"
"10/27/2008","9.195","9.355","9.545","8.720","15.73K","-1.08%"
"10/24/2008","9.295","9.690","9.800","8.650","23.63K","-2.16%"
"10/23/2008","9.500","9.540","9.890","9.165","23.34K","0.42%"
"10/22/2008","9.460","10.080","10.170","9.355","22.65K","-6.10%"
"10/21/2008","10.075","9.775","10.180","9.525","25.35K","3.97%"
"10/20/2008","9.690","9.350","9.915","9.350","22.21K","3.80%"
"10/17/2008","9.335","9.720","9.930","9.090","24.67K","-3.11%"
"10/16/2008","9.635","10.330","10.365","9.250","27.99K","-5.35%"
"10/15/2008","10.180","11.045","11.130","10.035","24.07K","-7.96%"
"10/14/2008","11.060","10.765","11.195","10.710","17.58K","2.50%"
"10/13/2008","10.790","10.270","10.910","10.070","21.63K","1.79%"
"10/10/2008","10.600","12.135","12.355","9.400","40.89K","-10.74%"
"10/09/2008","11.875","11.800","12.195","11.520","14.14K","0.87%"
"10/08/2008","11.772","11.585","12.130","11.445","22.84K","3.44%"
"10/07/2008","11.380","11.110","11.900","11.005","23.27K","0.84%"
"10/06/2008","11.285","11.155","11.555","10.925","24.67K","-0.35%"
"10/03/2008","11.325","10.910","11.790","10.840","30.18K","1.84%"
"10/02/2008","11.120","12.660","12.660","10.855","34.40K","-12.92%"
"10/01/2008","12.770","12.135","13.080","12.045","24.84K","4.03%"
"09/30/2008","12.275","13.215","13.285","11.800","29.11K","-5.76%"
"09/29/2008","13.025","13.300","13.460","12.720","27.50K","-3.54%"
"09/26/2008","13.503","13.310","13.740","13.115","20.49K","1.72%"
"09/25/2008","13.275","13.315","13.880","13.100","32.52K","-1.23%"
"09/24/2008","13.440","13.350","13.730","13.135","25.03K","2.05%"
"09/23/2008","13.170","13.540","13.750","13.050","33.82K","-2.08%"
"09/22/2008","13.450","12.645","13.675","12.540","32.37K","7.82%"
"09/19/2008","12.475","12.025","12.735","11.810","30.82K","-1.77%"
"09/18/2008","12.700","12.130","13.065","11.725","54.58K","8.78%"
"09/17/2008","11.675","10.520","12.170","10.435","60.03K","11.01%"
"09/16/2008","10.517","11.190","11.235","10.440","35.74K","-5.55%"
"09/15/2008","11.135","11.030","11.250","10.420","31.33K","3.15%"
"09/12/2008","10.795","10.660","10.990","10.585","27.97K","2.27%"
"09/11/2008","10.555","10.735","11.035","10.310","39.56K","-3.08%"
"09/10/2008","10.890","11.370","11.670","10.700","44.86K","-7.04%"
"09/09/2008","11.715","12.175","12.255","11.310","37.97K","-2.90%"
"09/08/2008","12.065","12.525","12.795","11.940","29.71K","-2.11%"
"09/05/2008","12.325","12.900","13.190","12.120","39.90K","-4.75%"
"09/04/2008","12.940","12.970","13.265","12.700","23.44K","-0.05%"
"09/03/2008","12.947","13.140","13.225","12.630","23.31K","-1.51%"
"09/02/2008","13.145","13.875","13.900","12.550","38.94K","-4.10%"
"08/29/2008","13.707","13.775","13.990","13.630","14.56K","0.01%"
"08/28/2008","13.705","13.600","14.130","13.560","34.66K","1.74%"
"08/27/2008","13.470","13.570","13.850","13.400","33.68K","-0.77%"
"08/26/2008","13.575","13.470","13.725","12.960","41.48K","1.53%"
"08/25/2008","13.370","13.360","13.560","13.100","23.75K","-0.79%"
"08/22/2008","13.477","13.860","13.935","13.290","26.19K","-1.82%"
"08/21/2008","13.727","13.260","13.875","13.185","30.40K","5.27%"
"08/20/2008","13.040","13.245","13.400","12.790","30.68K","-0.50%"
"08/19/2008","13.105","13.050","13.335","12.400","31.82K","0.04%"
"08/18/2008","13.100","12.915","13.335","12.880","27.88K","2.22%"
"08/15/2008","12.815","14.170","14.190","12.200","60.56K","-9.94%"
"08/14/2008","14.230","14.890","15.100","14.100","41.94K","-4.14%"
"08/13/2008","14.845","14.510","14.930","14.350","39.27K","2.49%"
"08/12/2008","14.485","14.635","14.825","14.010","43.96K","-0.92%"
"08/11/2008","14.620","15.315","15.435","14.535","39.59K","-4.63%"
"08/08/2008","15.330","16.205","16.240","15.240","40.70K","-5.70%"
"08/07/2008","16.257","16.555","16.695","16.020","32.06K","-1.50%"
"08/06/2008","16.505","16.450","16.770","16.425","27.24K","-0.40%"
"08/05/2008","16.572","16.955","17.030","16.425","37.99K","-3.31%"
"08/04/2008","17.140","17.540","17.650","16.905","24.12K","-2.17%"
"08/01/2008","17.520","17.770","17.805","17.280","25.40K","-1.52%"
"07/31/2008","17.790","17.555","17.950","17.425","32.38K","1.86%"
"07/30/2008","17.465","17.405","17.635","16.845","35.33K","0.52%"
"07/29/2008","17.375","17.575","17.660","17.080","24.16K","-0.52%"
"07/28/2008","17.465","17.445","17.580","17.270","15.58K","0.52%"
"07/25/2008","17.375","17.470","17.680","17.045","24.44K","0.45%"
"07/24/2008","17.298","17.425","17.670","17.130","27.22K","-0.92%"
"07/23/2008","17.458","17.985","18.055","17.320","36.81K","-3.04%"
"07/22/2008","18.005","18.500","18.760","17.895","35.05K","-2.28%"
"07/21/2008","18.425","18.215","18.535","18.200","16.89K","1.24%"
"07/18/2008","18.200","18.575","18.690","18.105","27.48K","-2.86%"
"07/17/2008","18.735","18.815","19.215","18.390","36.85K","-0.37%"
"07/16/2008","18.805","18.995","19.000","18.675","33.76K","-1.09%"
"07/15/2008","19.013","19.170","19.550","18.610","44.69K","-1.23%"
"07/14/2008","19.250","18.945","19.310","18.585","31.90K","2.28%"
"07/11/2008","18.820","18.370","18.980","18.325","28.76K","2.73%"
"07/10/2008","18.320","18.200","18.425","18.130","26.72K","0.80%"
"07/09/2008","18.175","17.890","18.235","17.815","21.97K","1.23%"
"07/08/2008","17.955","17.860","18.045","17.550","26.36K","0.20%"
"07/07/2008","17.920","18.220","18.230","17.625","31.27K","-1.54%"
"07/04/2008","18.200","18.360","18.360","18.070","28.22K","-0.93%"
"07/03/2008","18.370","18.445","18.585","18.070","27.61K","-0.30%"
"07/02/2008","18.425","18.185","18.490","17.980","27.61K","0.74%"
"07/01/2008","18.290","17.505","18.310","17.460","36.09K","4.45%"
"06/30/2008","17.510","17.670","17.980","17.290","23.77K","-1.13%"
"06/27/2008","17.710","17.270","17.760","17.215","36.12K","3.42%"
"06/26/2008","17.125","16.750","17.440","16.690","47.39K","3.77%"
"06/25/2008","16.503","16.685","16.820","16.460","36.60K","-0.78%"
"06/24/2008","16.633","16.775","16.950","16.600","36.60K","-0.94%"
"06/23/2008","16.790","17.390","17.520","16.525","45.26K","-3.49%"
"06/20/2008","17.397","17.370","17.645","17.305","22.51K","-0.42%"
"06/19/2008","17.470","17.365","17.750","17.145","33.48K","0.75%"
"06/18/2008","17.340","17.060","17.490","16.985","29.64K","1.55%"
"06/17/2008","17.075","17.165","17.410","16.850","26.47K","-0.91%"
"06/16/2008","17.232","16.575","17.470","16.400","33.06K","4.06%"
"06/13/2008","16.560","16.485","16.620","16.270","19.04K","0.45%"
"06/12/2008","16.485","16.900","16.925","16.250","32.29K","-2.20%"
"06/11/2008","16.855","16.645","16.940","16.540","22.86K","1.32%"
"06/10/2008","16.635","17.160","17.210","16.510","35.27K","-3.34%"
"06/09/2008","17.210","17.570","17.670","17.105","25.35K","-1.26%"
"06/06/2008","17.430","17.200","17.585","17.120","30.37K","1.51%"
"06/05/2008","17.170","16.845","17.225","16.505","34.19K","1.36%"
"06/04/2008","16.940","16.835","16.950","16.610","21.40K","0.62%"
"06/03/2008","16.835","16.850","16.960","16.465","27.95K","-0.44%"
"06/02/2008","16.910","16.880","17.045","16.610","21.33K","0.27%"
"05/30/2008","16.865","16.645","16.960","16.450","20.57K","2.12%"
"05/29/2008","16.515","17.485","17.600","16.510","45.17K","-5.17%"
"05/28/2008","17.415","17.500","17.680","17.065","29.90K","-0.29%"
"05/27/2008","17.465","18.275","18.375","17.430","35.37K","-4.90%"
"05/26/2008","18.365","18.275","18.370","18.185","20.44K","0.41%"
"05/23/2008","18.290","18.000","18.340","17.885","27.42K","1.47%"
"05/22/2008","18.025","18.090","18.240","17.775","27.42K","-0.14%"
"05/21/2008","18.050","17.745","18.160","17.610","27.72K","1.83%"
"05/20/2008","17.725","17.000","17.755","16.960","30.23K","4.09%"
"05/19/2008","17.028","17.070","17.295","16.870","19.98K","0.40%"
"05/16/2008","16.960","16.770","17.110","16.755","21.68K","1.65%"
"05/15/2008","16.685","16.600","17.040","16.555","24.14K","0.43%"
"05/14/2008","16.613","16.750","16.950","16.550","21.24K","-1.28%"
"05/13/2008","16.828","17.215","17.325","16.570","28.91K","-2.30%"
"05/12/2008","17.225","16.900","17.370","16.715","23.41K","1.86%"
"05/09/2008","16.910","16.945","17.135","16.530","24.94K","0.24%"
"05/08/2008","16.870","16.710","17.020","16.510","18.89K","1.05%"
"05/07/2008","16.695","16.920","16.980","16.530","23.13K","-0.98%"
"05/06/2008","16.860","16.810","17.070","16.710","19.89K","0.18%"
"05/05/2008","16.830","16.470","16.890","16.465","14.15K","2.22%"
"05/02/2008","16.465","16.260","16.585","16.125","19.84K","1.60%"
"05/01/2008","16.205","16.920","17.120","16.055","32.99K","-2.34%"
"04/30/2008","16.593","16.625","16.960","16.455","28.53K","-0.28%"
"04/29/2008","16.640","17.140","17.140","16.530","27.97K","-2.19%"
"04/28/2008","17.013","16.845","17.130","16.770","34.51K","0.97%"
"04/25/2008","16.850","16.735","16.900","16.390","38.69K","1.14%"
"04/24/2008","16.660","17.115","17.220","16.630","39.54K","-2.94%"
"04/23/2008","17.165","17.635","17.850","16.970","42.76K","-3.08%"
"04/22/2008","17.710","17.450","17.955","17.285","30.43K","2.02%"
"04/21/2008","17.360","17.895","17.975","17.265","27.75K","-2.58%"
"04/18/2008","17.820","18.260","18.480","17.375","36.24K","-2.65%"
"04/17/2008","18.305","18.355","18.770","18.170","24.38K","-0.11%"
"04/16/2008","18.325","17.880","18.550","17.745","32.74K","2.66%"
"04/15/2008","17.850","17.775","18.070","17.650","20.96K","0.34%"
"04/14/2008","17.790","17.700","17.910","17.260","24.75K","0.57%"
"04/11/2008","17.690","17.980","18.165","17.470","28.64K","-1.96%"
"04/10/2008","18.043","18.235","18.440","17.815","31.86K","-0.86%"
"04/09/2008","18.200","17.710","18.425","17.400","33.81K","2.78%"
"04/08/2008","17.708","18.075","18.240","17.440","26.58K","-2.27%"
"04/07/2008","18.120","17.785","18.285","17.730","22.56K","2.06%"
"04/04/2008","17.755","17.405","17.870","17.265","21.74K","1.57%"
"04/03/2008","17.480","17.360","17.595","16.950","29.42K","1.75%"
"04/02/2008","17.180","16.925","17.525","16.715","29.07K","1.72%"
"04/01/2008","16.890","17.260","17.420","16.330","45.96K","-2.43%"
"03/31/2008","17.310","17.910","18.220","17.060","35.81K","-3.51%"
"03/28/2008","17.940","18.470","18.590","17.670","28.13K","-3.29%"
"03/27/2008","18.550","18.480","18.685","17.975","28.95K","0.91%"
"03/26/2008","18.383","17.995","18.495","17.690","34.19K","3.28%"
"03/25/2008","17.800","17.080","18.020","16.975","33.45K","4.03%"
"03/24/2008","17.110","17.000","17.275","16.815","24.03K","1.54%"
"03/20/2008","16.850","18.405","18.430","16.725","58.91K","-8.65%"
"03/19/2008","18.445","19.755","20.170","18.220","65.62K","-7.59%"
"03/18/2008","19.960","20.250","20.510","19.550","33.66K","-1.67%"
"03/17/2008","20.300","20.780","21.440","19.800","44.71K","-1.72%"
"03/14/2008","20.655","20.655","20.975","20.320","29.50K","1.15%"
"03/13/2008","20.420","20.225","20.980","20.180","33.69K","2.13%"
"03/12/2008","19.995","19.740","20.280","19.450","31.78K","1.17%"
"03/11/2008","19.763","19.770","20.405","19.400","39.39K","-0.11%"
"03/10/2008","19.785","20.260","20.495","19.280","35.76K","-2.30%"
"03/07/2008","20.250","20.280","20.835","19.915","37.29K","0.12%"
"03/06/2008","20.225","20.930","21.325","19.905","56.50K","-2.69%"
"03/05/2008","20.785","19.910","20.970","19.480","52.96K","4.76%"
"03/04/2008","19.840","20.435","20.680","19.635","53.02K","-1.68%"
"03/03/2008","20.180","19.920","20.740","19.860","44.96K","1.33%"
"02/29/2008","19.915","19.855","20.055","19.455","36.30K","1.04%"
"02/28/2008","19.710","19.390","19.965","19.165","47.21K","2.60%"
"02/27/2008","19.210","18.795","19.490","18.790","63.40K","2.62%"
"02/26/2008","18.720","18.110","18.865","17.930","63.15K","3.51%"
"02/25/2008","18.085","18.055","18.185","17.880","46.29K","0.28%"
"02/22/2008","18.035","17.880","18.195","17.740","32.70K","0.47%"
"02/21/2008","17.950","17.830","18.075","17.785","36.72K","1.07%"
"02/20/2008","17.760","17.565","17.870","17.205","40.49K","1.44%"
"02/19/2008","17.508","17.095","17.600","16.965","32.17K","2.28%"
"02/15/2008","17.118","17.245","17.520","16.975","36.21K","-0.79%"
"02/14/2008","17.255","17.310","17.520","17.150","26.56K","-0.56%"
"02/13/2008","17.353","17.190","17.420","16.950","31.65K","0.60%"
"02/12/2008","17.250","17.500","17.650","17.160","32.82K","-1.26%"
"02/11/2008","17.470","17.230","17.595","17.135","34.93K","2.10%"
"02/08/2008","17.110","16.840","17.260","16.785","27.34K","2.00%"
"02/07/2008","16.775","16.530","16.900","16.500","28.04K","1.36%"
"02/06/2008","16.550","16.380","16.695","16.230","25.83K","1.25%"
"02/05/2008","16.345","16.730","16.785","16.300","28.05K","-2.59%"
"02/04/2008","16.780","16.870","16.975","16.445","27.79K","-0.53%"
"02/01/2008","16.870","16.945","17.345","16.765","39.56K","-0.74%"
"01/31/2008","16.995","16.860","17.090","16.735","29.42K","1.40%"
"01/30/2008","16.760","16.760","16.960","16.645","19.64K","-0.24%"
"01/29/2008","16.800","16.765","16.905","16.570","18.87K","0.30%"
"01/28/2008","16.750","16.530","16.805","16.415","22.96K","1.58%"
"01/25/2008","16.490","16.490","16.680","16.360","26.64K","0.96%"
"01/24/2008","16.333","16.120","16.525","16.005","32.46K","2.27%"
"01/23/2008","15.970","16.135","16.250","15.765","36.25K","-0.84%"
"01/22/2008","16.105","16.220","16.295","15.255","52.64K","-0.68%"
"01/18/2008","16.215","15.920","16.420","15.715","32.48K","1.28%"
"01/17/2008","16.010","15.870","16.175","15.820","25.63K","0.72%"
"01/16/2008","15.895","15.985","16.250","15.770","43.86K","-2.48%"
"01/15/2008","16.300","16.440","16.640","15.945","36.44K","-0.76%"
"01/14/2008","16.425","16.385","16.715","16.250","33.53K","0.34%"
"01/11/2008","16.370","16.270","16.415","16.050","25.71K","0.58%"
"01/10/2008","16.275","15.780","16.355","15.415","41.02K","2.75%"
"01/09/2008","15.840","15.795","16.270","15.645","36.84K","0.16%"
"01/08/2008","15.815","15.270","15.850","15.255","28.58K","3.43%"
"01/07/2008","15.290","15.400","15.480","15.200","19.49K","-1.11%"
"01/04/2008","15.462","15.455","15.570","15.240","22.54K","-0.25%"
"01/03/2008","15.500","15.350","15.535","15.165","26.04K","1.37%"
"01/02/2008","15.290","14.910","15.415","14.910","26.49K","2.48%"
"12/31/2007","14.920","14.895","15.080","14.810","10.95K","0.17%"
"12/28/2007","14.895","14.820","14.990","14.730","12.93K","0.52%"
"12/27/2007","14.818","14.800","14.905","14.645","13.85K","-0.11%"
"12/26/2007","14.835","14.700","14.900","14.560","9.31K","1.19%"
"12/24/2007","14.660","14.510","14.720","14.455","4.79K","1.19%"
"12/21/2007","14.488","14.370","14.580","14.320","12.05K","1.03%"
"12/20/2007","14.340","14.270","14.450","14.080","18.69K","0.83%"
"12/19/2007","14.222","14.175","14.290","14.090","11.89K","0.40%"
"12/18/2007","14.165","13.985","14.280","13.930","17.06K","1.32%"
"12/17/2007","13.980","13.975","14.120","13.740","14.58K","-0.02%"
"12/14/2007","13.983","14.235","14.350","13.870","28.94K","-1.78%"
"12/13/2007","14.237","14.750","14.850","14.100","33.01K","-3.97%"
"12/12/2007","14.825","14.655","14.970","14.610","19.88K","-0.27%"
"12/11/2007","14.865","14.760","14.975","14.580","15.60K","0.10%"
"12/10/2007","14.850","14.545","14.900","14.500","21.32K","2.38%"
"12/07/2007","14.505","14.650","14.705","14.395","17.01K","-0.82%"
"12/06/2007","14.625","14.435","14.720","14.125","26.79K","1.14%"
"12/05/2007","14.460","14.510","14.580","14.280","16.83K","-0.03%"
"12/04/2007","14.465","14.315","14.570","14.185","20.64K","1.79%"
"12/03/2007","14.210","14.155","14.395","13.960","19.16K","0.32%"
"11/30/2007","14.165","14.360","14.455","13.965","29.81K","-1.94%"
"11/29/2007","14.445","14.605","14.705","14.320","30.11K","0.77%"
"11/28/2007","14.335","14.450","14.540","14.120","43.81K","-1.04%"
"11/27/2007","14.485","14.715","14.800","14.300","43.46K","-2.33%"
"11/26/2007","14.830","14.795","15.020","14.585","43.68K","0.64%"
"11/23/2007","14.735","14.540","14.905","14.395","21.69K","1.41%"
"11/22/2007","14.530","14.445","14.580","14.395","27.89K","0.76%"
"11/21/2007","14.420","14.740","14.825","14.325","40.96K","-0.55%"
"11/20/2007","14.500","14.240","14.835","14.105","40.96K","2.40%"
"11/19/2007","14.160","14.520","14.670","14.100","31.88K","-2.41%"
"11/16/2007","14.510","14.430","14.745","14.365","27.57K","0.19%"
"11/15/2007","14.482","15.035","15.155","14.340","36.17K","-3.87%"
"11/14/2007","15.065","14.620","15.155","14.615","30.35K","3.11%"
"11/13/2007","14.610","14.465","14.940","14.400","30.55K","-1.03%"
"11/12/2007","14.762","15.470","15.500","14.310","47.72K","-5.04%"
"11/09/2007","15.545","15.170","15.695","15.070","35.28K","0.19%"
"11/08/2007","15.515","15.320","15.865","14.860","50.88K","1.24%"
"11/07/2007","15.325","15.645","16.275","15.250","67.00K","-0.36%"
"11/06/2007","15.380","14.780","15.660","14.695","47.12K","4.02%"
"11/05/2007","14.785","14.705","14.880","14.460","26.03K","1.27%"
"11/02/2007","14.599","14.135","14.735","14.130","31.52K","1.91%"
"11/01/2007","14.325","14.550","14.605","13.980","39.82K","-0.78%"
"10/31/2007","14.438","14.220","14.615","14.180","24.08K","0.77%"
"10/30/2007","14.328","14.570","14.645","14.195","24.43K","-0.71%"
"10/29/2007","14.430","14.480","14.590","14.290","29.96K","1.05%"
"10/26/2007","14.280","13.955","14.320","13.950","27.67K","2.70%"
"10/25/2007","13.905","13.645","14.095","13.615","31.58K","2.32%"
"10/24/2007","13.590","13.660","13.685","13.450","18.30K","-0.44%"
"10/23/2007","13.650","13.505","13.720","13.505","14.22K","0.70%"
"10/22/2007","13.555","13.640","13.670","13.325","23.28K","-0.59%"
"10/19/2007","13.635","13.885","13.995","13.365","35.30K","-1.22%"
"10/18/2007","13.803","13.735","13.900","13.695","18.31K","0.39%"
"10/17/2007","13.750","13.695","13.915","13.610","25.01K","0.67%"
"10/16/2007","13.658","13.880","14.090","13.600","31.03K","-1.42%"
"10/15/2007","13.855","13.915","14.120","13.830","22.04K","-0.35%"
"10/12/2007","13.903","13.865","13.995","13.795","15.37K","-0.59%"
"10/11/2007","13.985","13.675","14.030","13.650","23.47K","2.32%"
"10/10/2007","13.668","13.610","13.790","13.585","14.21K","0.63%"
"10/09/2007","13.583","13.345","13.685","13.250","22.09K","1.67%"
"10/08/2007","13.360","13.520","13.545","13.325","9.98K","-0.96%"
"10/05/2007","13.490","13.490","13.630","13.310","22.95K","-0.07%"
"10/04/2007","13.500","13.430","13.530","13.150","23.61K","0.22%"
"10/03/2007","13.470","13.455","13.595","13.350","18.88K","0.15%"
"10/02/2007","13.450","13.850","13.860","13.180","34.17K","-2.92%"
"10/01/2007","13.855","13.935","13.990","13.760","16.36K","-0.47%"
"09/28/2007","13.920","13.670","14.000","13.625","27.23K","2.02%"
"09/27/2007","13.645","13.520","13.730","13.480","15.75K","0.74%"
"09/26/2007","13.545","13.610","13.745","13.465","22.72K","-0.55%"
"09/25/2007","13.620","13.590","13.640","13.325","23.28K","-0.15%"
"09/24/2007","13.640","13.650","13.870","13.535","23.98K","0.15%"
"09/21/2007","13.620","13.500","13.800","13.435","29.04K","1.11%"
"09/20/2007","13.470","13.085","13.640","13.035","39.73K","2.79%"
"09/19/2007","13.105","13.120","13.240","13.030","21.59K","1.39%"
"09/18/2007","12.925","12.945","13.230","12.825","26.01K","0.19%"
"09/17/2007","12.900","12.680","12.980","12.675","15.97K","1.53%"
"09/14/2007","12.705","12.670","12.935","12.585","19.94K","0.20%"
"09/13/2007","12.680","12.765","12.800","12.490","19.81K","-0.88%"
"09/12/2007","12.793","12.840","12.925","12.645","22.66K","-0.33%"
"09/11/2007","12.835","12.690","12.950","12.635","21.04K","1.06%"
"09/10/2007","12.700","12.690","12.860","12.560","18.34K","-0.47%"
"09/07/2007","12.760","12.585","12.845","12.530","26.81K","1.81%"
"09/06/2007","12.533","12.375","12.670","12.350","25.53K","1.44%"
"09/05/2007","12.355","12.430","12.460","12.265","13.14K","-0.75%"
"09/04/2007","12.448","12.260","12.515","12.160","22.13K","1.37%"
"09/03/2007","12.280","12.260","12.360","12.200","15.10K","0.41%"
"08/31/2007","12.230","11.945","12.275","11.930","20.62K","2.26%"
"08/30/2007","11.960","12.075","12.075","11.890","20.62K","0.97%"
"08/29/2007","11.845","11.745","11.925","11.705","24.85K","0.68%"
"08/28/2007","11.765","11.740","11.905","11.675","26.73K","0.00%"
"08/27/2007","11.765","11.950","11.990","11.730","18.15K","-1.47%"
"08/24/2007","11.940","11.725","12.005","11.580","24.38K","2.58%"
"08/23/2007","11.640","11.645","11.895","11.620","25.52K","0.65%"
"08/22/2007","11.565","11.565","11.790","11.520","22.94K","0.48%"
"08/21/2007","11.510","11.760","11.840","11.455","27.42K","-1.92%"
"08/20/2007","11.735","11.795","11.975","11.620","22.65K","-0.55%"
"08/17/2007","11.800","11.765","12.015","11.490","36.22K","2.65%"
"08/16/2007","11.495","12.500","12.560","11.060","23.37K","-8.44%"
"08/15/2007","12.555","12.725","12.765","12.335","32.18K","-1.51%"
"08/14/2007","12.748","12.820","12.910","12.700","19.09K","-0.83%"
"08/13/2007","12.855","12.870","12.920","12.750","12.29K","-0.12%"
"08/10/2007","12.870","12.685","13.060","12.605","31.52K","1.30%"
"08/09/2007","12.705","13.145","13.165","12.625","37.04K","-3.53%"
"08/08/2007","13.170","13.125","13.250","13.050","18.66K","0.57%"
"08/07/2007","13.095","13.010","13.170","12.925","19.16K","0.48%"
"08/06/2007","13.033","13.140","13.205","12.920","15.58K","-0.95%"
"08/03/2007","13.158","13.010","13.200","12.985","18.58K","1.25%"
"08/02/2007","12.995","13.055","13.085","12.955","10.81K","0.31%"
"08/01/2007","12.955","12.910","13.075","12.740","23.22K","-0.48%"
"07/31/2007","13.017","12.955","13.090","12.860","16.21K","0.88%"
"07/30/2007","12.903","12.700","12.960","12.685","12.18K","1.48%"
"07/27/2007","12.715","12.880","13.005","12.650","21.31K","-1.81%"
"07/26/2007","12.950","13.180","13.235","12.755","38.26K","-1.52%"
"07/25/2007","13.150","13.325","13.355","13.105","18.08K","-2.18%"
"07/24/2007","13.443","13.330","13.590","13.265","18.10K","0.85%"
"07/23/2007","13.330","13.400","13.480","13.310","11.75K","-0.54%"
"07/20/2007","13.403","13.335","13.500","13.300","16.86K","0.21%"
"07/19/2007","13.375","13.285","13.400","13.245","14.51K","0.64%"
"07/18/2007","13.290","12.990","13.350","12.965","22.96K","2.09%"
"07/17/2007","13.018","13.030","13.140","12.925","11.92K","-0.36%"
"07/16/2007","13.065","13.110","13.175","13.015","9.56K","-0.34%"
"07/13/2007","13.110","13.180","13.235","13.075","13.23K","-0.53%"
"07/12/2007","13.180","12.990","13.225","12.955","19.89K","1.58%"
"07/11/2007","12.975","12.985","13.090","12.915","15.16K","0.00%"
"07/10/2007","12.975","12.800","13.085","12.790","17.06K","1.21%"
"07/09/2007","12.820","12.790","12.965","12.765","14.69K","0.49%"
"07/06/2007","12.757","12.570","12.865","12.420","21.20K","1.41%"
"07/05/2007","12.580","12.715","12.780","12.495","13.88K","-1.37%"
"07/04/2007","12.755","12.715","12.780","12.680","12.59K","0.55%"
"07/03/2007","12.685","12.735","12.785","12.560","15.79K","-0.43%"
"07/02/2007","12.740","12.510","12.765","12.510","15.79K","2.14%"
"06/29/2007","12.473","12.580","12.675","12.355","16.75K","-0.26%"
"06/28/2007","12.505","12.415","12.590","12.385","28.76K","2.42%"
"06/27/2007","12.210","12.245","12.360","12.125","35.84K","-0.57%"
"06/26/2007","12.280","12.860","12.900","12.135","59.92K","-4.64%"
"06/25/2007","12.877","13.030","13.070","12.810","31.22K","-1.10%"
"06/22/2007","13.020","13.115","13.190","12.990","21.78K","-0.53%"
"06/21/2007","13.090","13.185","13.265","12.965","29.02K","-1.21%"
"06/20/2007","13.250","13.350","13.415","13.160","19.34K","-0.56%"
"06/19/2007","13.325","13.215","13.360","13.115","14.70K","0.68%"
"06/18/2007","13.235","13.250","13.395","13.200","17.22K","-0.19%"
"06/15/2007","13.260","13.150","13.275","13.065","13.72K","0.72%"
"06/14/2007","13.165","13.135","13.230","12.970","17.30K","0.80%"
"06/13/2007","13.060","13.035","13.200","12.845","26.37K","-0.23%"
"06/12/2007","13.090","13.250","13.270","13.020","18.87K","-1.39%"
"06/11/2007","13.275","13.125","13.295","13.060","13.84K","1.80%"
"06/08/2007","13.040","13.475","13.550","12.970","34.96K","-3.26%"
"06/07/2007","13.480","13.735","13.820","13.430","28.72K","-1.73%"
"06/06/2007","13.717","13.815","13.860","13.645","22.04K","-0.69%"
"06/05/2007","13.812","13.755","13.870","13.720","15.95K","0.49%"
"06/04/2007","13.745","13.730","13.850","13.685","16.58K","0.04%"
"06/01/2007","13.740","13.495","13.765","13.480","21.30K","2.00%"
"05/31/2007","13.470","13.230","13.580","13.215","22.93K","1.89%"
"05/30/2007","13.220","13.200","13.250","13.085","12.70K","-0.02%"
"05/29/2007","13.223","12.990","13.340","12.955","21.87K","1.72%"
"05/25/2007","13.000","12.895","13.035","12.895","7.39K","0.62%"
"05/24/2007","12.920","13.100","13.150","12.835","16.68K","-1.41%"
"05/23/2007","13.105","13.010","13.200","12.955","13.19K","0.89%"
"05/22/2007","12.990","13.130","13.200","12.980","11.55K","-1.07%"
"05/21/2007","13.130","13.015","13.175","12.900","13.99K","0.98%"
"05/18/2007","13.003","12.910","13.080","12.840","17.91K","0.93%"
"05/17/2007","12.883","12.990","13.015","12.760","21.81K","-0.36%"
"05/16/2007","12.930","13.300","13.300","12.880","20.97K","-2.89%"
"05/15/2007","13.315","13.230","13.360","13.080","15.10K","0.60%"
"05/14/2007","13.235","13.310","13.345","13.125","13.05K","-0.53%"
"05/11/2007","13.305","13.105","13.400","13.025","20.21K","1.26%"
"05/10/2007","13.140","13.495","13.500","13.090","25.96K","-2.45%"
"05/09/2007","13.470","13.590","13.620","13.285","18.18K","-0.96%"
"05/08/2007","13.600","13.620","13.665","13.405","17.87K","-0.29%"
"05/07/2007","13.640","13.550","13.695","13.540","7.28K","0.81%"
"05/04/2007","13.530","13.520","13.705","13.455","16.39K","0.15%"
"05/03/2007","13.510","13.330","13.560","13.300","18.19K","1.31%"
"05/02/2007","13.335","13.385","13.480","13.130","21.85K","-0.26%"
"05/01/2007","13.370","13.515","13.585","13.205","25.42K","-1.51%"
"04/30/2007","13.575","13.665","13.685","13.485","13.30K","0.00%"
"04/27/2007","13.575","13.455","13.690","13.365","26.68K","1.88%"
"04/26/2007","13.325","13.800","13.840","13.175","47.38K","-3.20%"
"04/25/2007","13.765","13.770","13.890","13.730","26.63K","-0.12%"
"04/24/2007","13.782","14.050","14.090","13.710","34.90K","-1.91%"
"04/23/2007","14.050","13.955","14.110","13.860","24.70K","0.68%"
"04/20/2007","13.955","13.700","14.010","13.690","21.23K","1.60%"
"04/19/2007","13.735","14.000","14.060","13.550","26.97K","-1.72%"
"04/18/2007","13.975","13.930","14.090","13.880","17.52K","-0.32%"
"04/17/2007","14.020","14.065","14.110","13.900","14.99K","-0.43%"
"04/16/2007","14.080","14.090","14.160","13.820","19.80K","-0.07%"
"04/13/2007","14.090","13.885","14.170","13.870","21.02K","1.70%"
"04/12/2007","13.855","13.885","13.975","13.695","23.29K","-0.25%"
"04/11/2007","13.890","13.920","14.065","13.750","20.23K","-0.29%"
"04/10/2007","13.930","13.770","14.050","13.755","20.43K","0.87%"
"04/09/2007","13.810","13.715","13.920","13.675","19.43K","0.51%"
"04/05/2007","13.740","13.680","13.770","13.600","15.57K","0.88%"
"04/04/2007","13.620","13.420","13.700","13.420","23.20K","1.41%"
"04/03/2007","13.430","13.315","13.540","13.275","18.93K","0.60%"
"04/02/2007","13.350","13.460","13.495","13.020","25.69K","-0.74%"
"03/30/2007","13.450","13.330","13.475","13.325","13.56K","0.82%"
"03/29/2007","13.340","13.430","13.430","13.180","17.74K","-0.85%"
"03/28/2007","13.455","13.365","13.545","13.330","17.53K","1.32%"
"03/27/2007","13.280","13.425","13.480","13.230","12.55K","-0.97%"
"03/26/2007","13.410","13.230","13.460","13.230","11.95K","1.38%"
"03/23/2007","13.227","13.500","13.500","13.150","18.87K","-1.88%"
"03/22/2007","13.480","13.445","13.575","13.410","15.65K","1.20%"
"03/21/2007","13.320","13.370","13.445","13.210","14.88K","-0.37%"
"03/20/2007","13.370","13.250","13.485","13.220","13.78K","1.04%"
"03/19/2007","13.233","13.175","13.295","13.115","11.15K","0.14%"
"03/16/2007","13.215","13.075","13.270","13.055","14.54K","1.07%"
"03/15/2007","13.075","12.930","13.190","12.915","17.64K","1.91%"
"03/14/2007","12.830","12.850","12.945","12.675","21.04K","-1.00%"
"03/13/2007","12.960","13.130","13.130","12.820","18.36K","-0.96%"
"03/12/2007","13.085","13.005","13.160","12.920","13.90K","0.89%"
"03/09/2007","12.970","13.070","13.200","12.795","18.73K","-1.14%"
"03/08/2007","13.120","13.060","13.235","13.015","17.01K","0.11%"
"03/07/2007","13.105","13.020","13.145","12.890","19.71K","0.92%"
"03/06/2007","12.985","12.765","13.065","12.670","21.88K","1.84%"
"03/05/2007","12.750","13.035","13.055","12.490","37.45K","-1.62%"
"03/02/2007","12.960","13.735","13.850","12.800","42.69K","-5.05%"
"03/01/2007","13.650","14.240","14.465","13.510","33.81K","-4.11%"
"02/28/2007","14.235","14.350","14.560","14.120","25.15K","-3.10%"
"02/27/2007","14.690","14.860","14.860","14.175","43.32K","0.00%"
"02/26/2007","14.690","14.585","14.745","14.495","29.82K","0.65%"
"02/23/2007","14.595","14.220","14.660","14.190","38.45K","2.42%"
"02/22/2007","14.250","14.225","14.365","14.160","29.96K","-0.16%"
"02/21/2007","14.273","13.850","14.370","13.720","34.45K","3.20%"
"02/20/2007","13.830","14.000","14.075","13.680","23.55K","-1.32%"
"02/19/2007","14.015","14.000","14.075","13.970","13.07K","0.18%"
"02/16/2007","13.990","14.010","14.050","13.840","20.65K","0.20%"
"02/15/2007","13.962","14.060","14.085","13.830","20.65K","-0.02%"
"02/14/2007","13.965","13.915","14.130","13.865","17.07K","0.36%"
"02/13/2007","13.915","13.670","14.000","13.660","20.62K","1.46%"
"02/12/2007","13.715","13.980","13.985","13.515","19.36K","-1.44%"
"02/09/2007","13.915","13.845","13.970","13.775","15.89K","1.05%"
"02/08/2007","13.770","13.665","13.890","13.510","17.79K","0.44%"
"02/07/2007","13.710","13.675","13.810","13.615","20.91K","0.26%"
"02/06/2007","13.675","13.525","13.890","13.460","14.85K","0.85%"
"02/05/2007","13.560","13.440","13.590","13.330","12.13K","1.38%"
"02/02/2007","13.375","13.720","13.755","13.255","23.01K","-2.55%"
"02/01/2007","13.725","13.595","13.835","13.570","16.40K","1.14%"
"01/31/2007","13.570","13.385","13.700","13.270","22.98K","1.46%"
"01/30/2007","13.375","13.230","13.440","13.110","12.12K","0.94%"
"01/29/2007","13.250","13.435","13.500","13.200","14.51K","-0.93%"
"01/26/2007","13.375","13.350","13.510","13.210","14.65K","-0.85%"
"01/25/2007","13.490","13.300","13.600","13.245","19.59K","1.63%"
"01/24/2007","13.273","13.320","13.345","13.095","15.90K","0.10%"
"01/23/2007","13.260","12.980","13.345","12.950","16.24K","2.00%"
"01/22/2007","13.000","12.925","13.215","12.830","20.19K","0.62%"
"01/19/2007","12.920","12.730","12.940","12.700","10.42K","1.85%"
"01/18/2007","12.685","12.900","13.045","12.655","14.05K","-1.59%"
"01/17/2007","12.890","12.620","12.995","12.430","18.85K","2.10%"
"01/16/2007","12.625","12.905","13.035","12.610","17.02K","-1.98%"
"01/12/2007","12.880","12.400","12.960","12.380","17.91K","3.37%"
"01/11/2007","12.460","12.430","12.625","12.380","11.57K","0.12%"
"01/10/2007","12.445","12.590","12.590","12.270","14.64K","-1.19%"
"01/09/2007","12.595","12.380","12.620","12.265","13.25K","1.90%"
"01/08/2007","12.360","12.220","12.425","12.095","11.94K","1.06%"
"01/05/2007","12.230","12.710","12.835","12.100","25.69K","-4.71%"
"01/04/2007","12.835","12.665","12.930","12.485","16.76K","1.30%"
"01/03/2007","12.670","13.280","13.280","12.600","25.56K","-2.05%"
"01/02/2007","12.935","12.965","13.285","12.935","5.40K","0.00%"
"12/29/2006","12.935","12.945","13.015","12.860","7.05K","-0.04%"
"12/28/2006","12.940","12.875","12.990","12.860","7.05K","0.12%"
"12/27/2006","12.925","12.790","12.985","12.740","7.50K","1.57%"
"12/26/2006","12.725","12.705","12.900","12.705","7.45K","0.71%"
"12/22/2006","12.635","12.500","12.705","12.480","5.69K","1.16%"
"12/21/2006","12.490","12.615","12.705","12.455","9.65K","-1.23%"
"12/20/2006","12.645","12.790","12.905","12.480","13.46K","-0.51%"
"12/19/2006","12.710","12.625","12.850","12.450","22.52K","1.48%"
"12/18/2006","12.525","13.000","13.145","12.400","27.70K","-3.51%"
"12/15/2006","12.980","13.930","13.980","12.905","26.67K","-6.95%"
"12/14/2006","13.950","13.950","14.030","13.880","8.13K","0.25%"
"12/13/2006","13.915","14.025","14.035","13.725","11.66K","-0.46%"
"12/12/2006","13.980","14.005","14.060","13.940","8.32K","-0.32%"
"12/11/2006","14.025","13.850","14.045","13.725","9.57K","0.94%"
"12/08/2006","13.895","14.055","14.160","13.800","15.51K","-1.00%"
"12/07/2006","14.035","13.750","14.095","13.610","15.52K","1.74%"
"12/06/2006","13.795","13.960","14.010","13.710","15.61K","-1.64%"
"12/05/2006","14.025","14.275","14.370","13.900","15.14K","-1.54%"
"12/04/2006","14.245","14.200","14.290","14.130","10.10K","0.39%"
"12/01/2006","14.190","14.100","14.250","14.030","8.36K","0.53%"
"11/30/2006","14.115","13.760","14.190","13.725","12.35K","2.58%"
"11/29/2006","13.760","13.790","14.000","13.730","19.35K","1.03%"
"11/28/2006","13.620","13.505","13.660","13.420","19.89K","0.96%"
"11/27/2006","13.490","13.065","13.585","13.045","26.31K","2.98%"
"11/24/2006","13.100","13.100","13.100","13.100","","0.46%"
"11/22/2006","13.040","13.090","13.250","13.000","15.47K","-0.34%"
"11/21/2006","13.085","12.760","13.100","12.730","18.97K","2.71%"
"11/20/2006","12.740","12.820","13.000","12.725","10.64K","-0.47%"
"11/17/2006","12.800","12.900","12.925","12.600","13.40K","-1.12%"
"11/16/2006","12.945","12.940","13.170","12.885","13.42K","0.00%"
"11/15/2006","12.945","12.880","12.970","12.500","14.11K","0.43%"
"11/14/2006","12.890","12.900","13.050","12.750","12.73K","0.04%"
"11/13/2006","12.885","13.070","13.155","12.710","12.71K","-1.75%"
"11/10/2006","13.115","13.010","13.220","12.880","14.34K","0.50%"
"11/09/2006","13.050","12.680","13.090","12.440","13.69K","3.98%"
"11/08/2006","12.550","12.540","12.740","12.500","12.04K","-0.99%"
"11/07/2006","12.675","12.695","12.770","12.580","12.25K","-0.67%"
"11/06/2006","12.760","12.650","12.800","12.520","10.17K","0.99%"
"11/03/2006","12.635","12.570","12.730","12.360","9.48K","-0.12%"
"11/02/2006","12.650","12.515","12.670","12.385","10.64K","1.40%"
"11/01/2006","12.475","12.285","12.590","12.260","14.36K","1.67%"
"10/31/2006","12.270","12.220","12.310","11.980","14.64K","0.16%"
"10/30/2006","12.250","12.095","12.300","12.070","8.33K","1.41%"
"10/27/2006","12.080","12.230","12.240","12.040","6.78K","-1.31%"
"10/26/2006","12.240","11.895","12.280","11.885","17.18K","2.94%"
"10/25/2006","11.890","11.835","11.995","11.735","7.51K","0.34%"
"10/24/2006","11.850","11.675","11.900","11.350","14.29K","1.54%"
"10/23/2006","11.670","11.925","11.980","11.650","8.19K","-2.47%"
"10/20/2006","11.965","12.155","12.170","11.880","7.14K","-1.60%"
"10/19/2006","12.160","11.830","12.170","11.660","13.42K","2.88%"
"10/18/2006","11.820","11.780","11.980","11.740","8.86K","0.34%"
"10/17/2006","11.780","11.905","11.980","11.630","12.16K","-1.09%"
"10/16/2006","11.910","11.690","11.950","11.650","10.71K","1.97%"
"10/13/2006","11.680","11.390","11.725","11.330","8.56K","2.64%"
"10/12/2006","11.380","11.320","11.455","11.200","6.27K","0.44%"
"10/11/2006","11.330","11.240","11.540","11.130","9.55K","0.98%"
"10/10/2006","11.220","11.405","11.495","11.150","7.91K","-1.75%"
"10/09/2006","11.420","11.210","11.550","11.160","6.26K","2.19%"
"10/06/2006","11.175","11.070","11.210","10.870","7.22K","0.95%"
"10/05/2006","11.070","10.825","11.220","10.730","8.05K","2.55%"
"10/04/2006","10.795","10.980","11.060","10.650","14.15K","-2.26%"
"10/03/2006","11.045","11.640","11.650","11.010","10.75K","-5.11%"
"10/02/2006","11.640","11.540","11.835","11.520","8.37K","0.87%"
"09/29/2006","11.540","11.670","11.750","11.320","9.14K","-1.66%"
"09/28/2006","11.735","11.730","11.860","11.615","8.52K","0.30%"
"09/27/2006","11.700","11.480","11.820","11.440","9.57K","1.78%"
"09/26/2006","11.495","11.320","11.580","11.180","12.68K","1.50%"
"09/25/2006","11.325","11.305","11.370","11.130","7.79K","0.13%"
"09/22/2006","11.310","11.260","11.550","11.165","9.14K","0.58%"
"09/21/2006","11.245","11.135","11.290","10.920","8.66K","0.94%"
"09/20/2006","11.140","10.945","11.255","10.815","9.84K","1.78%"
"09/19/2006","10.945","11.300","11.320","10.910","11.74K","-3.06%"
"09/18/2006","11.290","10.880","11.320","10.850","11.57K","3.82%"
"09/15/2006","10.875","10.940","11.050","10.550","14.69K","-0.68%"
"09/14/2006","10.950","11.230","11.515","10.880","16.84K","-2.23%"
"09/13/2006","11.200","11.155","11.420","10.990","14.21K","0.54%"
"09/12/2006","11.140","11.280","11.520","11.080","13.66K","-0.89%"
"09/11/2006","11.240","12.270","12.320","11.200","24.31K","-8.58%"
"09/08/2006","12.295","12.720","12.800","12.090","14.08K","-3.15%"
"09/07/2006","12.695","13.200","13.250","12.510","16.84K","-3.83%"
"09/06/2006","13.200","13.145","13.350","13.050","13.07K","0.46%"
"09/05/2006","13.140","13.170","13.370","13.035","13.92K","-0.23%"
"09/04/2006","13.170","13.090","13.170","13.035","9.39K","0.77%"
"09/01/2006","13.070","13.020","13.100","12.820","16.09K","0.31%"
"08/31/2006","13.030","12.670","13.080","12.620","16.09K","2.84%"
"08/30/2006","12.670","12.320","12.680","12.320","22.44K","4.28%"
"08/29/2006","12.150","12.030","12.200","11.850","18.43K","1.04%"
"08/28/2006","12.025","12.415","12.465","11.960","16.55K","-2.79%"
"08/25/2006","12.370","12.330","12.445","12.200","13.65K","0.49%"
"08/24/2006","12.310","12.495","12.605","12.280","15.99K","-1.64%"
"08/23/2006","12.515","12.265","12.680","12.200","17.14K","2.04%"
"08/22/2006","12.265","12.350","12.435","12.030","10.61K","-0.65%"
"08/21/2006","12.345","12.100","12.450","12.040","11.55K","2.62%"
"08/18/2006","12.030","11.980","12.140","11.860","10.31K","0.29%"
"08/17/2006","11.995","12.290","12.420","11.980","12.58K","-2.36%"
"08/16/2006","12.285","12.080","12.440","12.070","10.87K","1.65%"
"08/15/2006","12.085","12.160","12.160","11.850","8.24K","-0.62%"
"08/14/2006","12.160","11.900","12.240","11.750","9.23K","2.31%"
"08/11/2006","11.885","12.110","12.390","11.770","14.63K","-1.82%"
"08/10/2006","12.105","12.560","12.700","12.070","15.21K","-3.70%"
"08/09/2006","12.570","12.260","12.665","11.985","15.70K","2.53%"
"08/08/2006","12.260","12.260","12.390","12.110","12.48K","-0.04%"
"08/07/2006","12.265","12.450","12.540","12.180","10.57K","-1.76%"
"08/04/2006","12.485","12.085","12.650","12.060","13.56K","3.27%"
"08/03/2006","12.090","12.240","12.270","12.010","12.73K","-1.27%"
"08/02/2006","12.245","11.750","12.290","11.750","21.21K","4.30%"
"08/01/2006","11.740","11.400","11.810","11.330","13.32K","3.25%"
"07/31/2006","11.370","11.430","11.580","11.250","12.66K","0.04%"
"07/28/2006","11.365","11.390","11.455","11.320","5.97K","-0.22%"
"07/27/2006","11.390","11.080","11.520","11.080","14.10K","2.80%"
"07/26/2006","11.080","10.955","11.110","10.870","8.68K","1.23%"
"07/25/2006","10.945","10.890","11.080","10.800","8.85K","0.23%"
"07/24/2006","10.920","10.845","10.960","10.680","10.93K","0.69%"
"07/21/2006","10.845","11.050","11.310","10.760","14.09K","-1.99%"
"07/20/2006","11.065","11.130","11.350","11.000","11.74K","-0.54%"
"07/19/2006","11.125","10.530","11.190","10.465","16.32K","5.70%"
"07/18/2006","10.525","11.070","11.220","10.480","15.98K","-5.09%"
"07/17/2006","11.090","11.535","11.775","11.050","14.26K","-3.82%"
"07/14/2006","11.530","11.530","11.760","11.500","10.74K","0.39%"
"07/13/2006","11.485","11.545","11.745","11.370","10.91K","-0.61%"
"07/12/2006","11.555","11.535","11.820","11.350","16.68K","0.04%"
"07/11/2006","11.550","11.080","11.600","11.030","11.11K","3.96%"
"07/10/2006","11.110","11.340","11.410","10.930","10.57K","-2.59%"
"07/07/2006","11.405","11.580","11.620","11.330","9.60K","-1.55%"
"07/06/2006","11.585","11.400","11.640","11.260","8.06K","1.49%"
"07/05/2006","11.415","11.290","11.460","11.200","11.65K","4.53%"
"07/03/2006","10.920","10.920","10.920","10.920","15.15K","-0.73%"
"06/30/2006","11.000","10.400","11.130","10.400","","5.57%"
"06/29/2006","10.420","10.240","10.600","10.215","18.10K","2.61%"
"06/28/2006","10.155","10.210","10.320","10.050","22.30K","-0.39%"
"06/27/2006","10.195","10.180","10.620","10.180","24.44K","-0.44%"
"06/26/2006","10.240","10.300","10.370","10.020","15.66K","-0.44%"
"06/23/2006","10.285","10.205","10.320","9.960","13.34K","0.73%"
"06/22/2006","10.210","10.470","10.655","10.160","13.19K","-2.02%"
"06/21/2006","10.420","10.250","10.480","10.120","14.84K","1.46%"
"06/20/2006","10.270","9.875","10.280","9.785","12.30K","3.01%"
"06/19/2006","9.970","10.200","10.210","9.820","7.13K","-1.58%"
"06/16/2006","10.130","9.960","10.370","9.770","13.56K","1.60%"
"06/15/2006","9.970","9.650","10.240","9.500","19.04K","2.41%"
"06/14/2006","9.735","9.630","10.060","9.450","19.33K","1.14%"
"06/13/2006","9.625","11.045","11.085","9.600","35.53K","-13.01%"
"06/12/2006","11.065","11.150","11.285","10.960","15.81K","-1.29%"
"06/09/2006","11.210","11.105","11.510","11.060","15.27K","1.22%"
"06/08/2006","11.075","11.900","11.970","11.050","22.42K","-6.85%"
"06/07/2006","11.890","11.845","11.930","11.350","19.81K","0.38%"
"06/06/2006","11.845","12.295","12.295","11.580","16.21K","-3.66%"
"06/05/2006","12.295","12.110","12.390","12.050","8.42K","1.74%"
"06/02/2006","12.085","11.930","12.260","11.750","12.10K","1.51%"
"06/01/2006","11.905","12.480","12.580","11.550","22.29K","-4.42%"
"05/31/2006","12.455","13.030","13.125","12.280","20.85K","-4.71%"
"05/30/2006","13.070","12.710","13.360","12.660","17.20K","2.67%"
"05/26/2006","12.730","12.615","12.740","12.420","11.18K","1.03%"
"05/25/2006","12.600","12.480","12.770","12.340","14.62K","0.68%"
"05/24/2006","12.515","13.170","13.180","12.420","17.33K","-4.97%"
"05/23/2006","13.170","12.430","13.195","12.205","20.60K","5.95%"
"05/22/2006","12.430","12.500","12.520","11.880","14.67K","0.57%"
"05/19/2006","12.360","12.525","12.790","12.080","23.13K","-1.28%"
"05/18/2006","12.520","13.170","13.280","12.500","19.90K","-5.44%"
"05/17/2006","13.240","13.565","13.980","12.820","22.88K","-2.22%"
"05/16/2006","13.540","13.280","13.570","12.820","22.88K","1.54%"
"05/15/2006","13.335","14.360","14.460","13.050","20.37K","-6.32%"
"05/12/2006","14.235","14.910","15.025","14.100","24.64K","-4.69%"
"05/11/2006","14.935","14.285","15.200","14.150","31.41K","4.59%"
"05/10/2006","14.280","14.460","14.580","14.000","18.99K","-1.28%"
"05/09/2006","14.465","13.790","14.530","13.655","26.03K","5.05%"
"05/08/2006","13.770","13.970","14.110","13.440","19.97K","-0.86%"
"05/05/2006","13.890","13.820","14.140","13.670","13.24K","0.47%"
"05/04/2006","13.825","13.790","14.230","13.485","22.24K","0.22%"
"05/03/2006","13.795","14.195","14.520","13.200","28.98K","-2.92%"
"05/02/2006","14.210","13.970","14.260","13.745","25.36K","1.75%"
"05/01/2006","13.965","13.780","14.130","13.550","18.70K","2.46%"
"04/28/2006","13.630","12.600","14.000","12.540","34.37K","8.26%"
"04/27/2006","12.590","12.980","13.250","12.315","30.98K","-1.76%"
"04/26/2006","12.815","12.550","12.900","12.350","29.50K","2.03%"
"04/25/2006","12.560","11.795","12.650","11.690","28.16K","6.67%"
"04/24/2006","11.775","13.200","13.320","11.700","30.60K","-9.18%"
"04/21/2006","12.965","12.395","13.030","11.600","42.18K","3.51%"
"04/20/2006","12.525","14.555","14.690","12.200","58.46K","-13.75%"
"04/19/2006","14.522","13.815","14.575","13.810","43.39K","5.35%"
"04/18/2006","13.785","13.365","13.820","13.330","33.91K","3.14%"
"04/17/2006","13.365","12.950","13.380","12.940","27.14K","3.97%"
"04/13/2006","12.855","12.670","12.900","12.510","19.36K","1.52%"
"04/12/2006","12.663","12.600","12.790","12.430","25.34K","0.50%"
"04/11/2006","12.600","12.580","13.010","12.480","38.21K","0.32%"
"04/10/2006","12.560","12.070","12.610","12.065","26.08K","4.06%"
"04/07/2006","12.070","12.045","12.195","11.940","26.90K","0.21%"
"04/06/2006","12.045","11.700","12.080","11.690","23.79K","2.90%"
"04/05/2006","11.705","11.710","11.790","11.555","20.48K","-0.21%"
"04/04/2006","11.730","11.760","11.810","11.645","15.78K","-0.30%"
"04/03/2006","11.765","11.505","11.815","11.470","22.67K","2.13%"
"03/31/2006","11.520","11.670","11.940","11.375","34.94K","-1.20%"
"03/30/2006","11.660","11.100","11.715","11.100","41.96K","4.90%"
"03/29/2006","11.115","10.860","11.130","10.745","21.97K","2.25%"
"03/28/2006","10.870","10.880","10.940","10.790","17.81K","-0.23%"
"03/27/2006","10.895","10.770","10.940","10.755","20.32K","1.49%"
"03/24/2006","10.735","10.685","10.770","10.645","16.98K","0.42%"
"03/23/2006","10.690","10.510","10.700","10.410","22.93K","1.86%"
"03/22/2006","10.495","10.540","10.600","10.475","15.63K","-0.66%"
"03/21/2006","10.565","10.350","10.580","10.155","32.31K","1.96%"
"03/20/2006","10.362","10.365","10.435","10.260","11.64K","-0.03%"
"03/17/2006","10.365","10.350","10.460","10.300","14.45K","0.22%"
"03/16/2006","10.342","10.350","10.385","10.130","21.39K","-0.08%"
"03/15/2006","10.350","10.245","10.395","10.215","19.11K","1.02%"
"03/14/2006","10.245","10.160","10.260","10.075","12.49K","0.87%"
"03/13/2006","10.157","9.975","10.170","9.925","11.40K","1.98%"
"03/10/2006","9.960","9.970","10.000","9.750","17.35K","-0.10%"
"03/09/2006","9.970","9.825","10.090","9.765","22.06K","1.27%"
"03/08/2006","9.845","10.090","10.120","9.670","28.18K","-2.59%"
"03/07/2006","10.107","10.035","10.120","9.970","19.85K","0.82%"
"03/06/2006","10.025","10.220","10.295","9.920","23.17K","-2.05%"
"03/03/2006","10.235","10.195","10.330","10.120","19.76K","0.26%"
"03/02/2006","10.208","9.780","10.225","9.760","29.88K","4.27%"
"03/01/2006","9.790","9.800","9.880","9.745","17.66K","-0.15%"
"02/28/2006","9.805","9.695","9.845","9.650","16.14K","1.13%"
"02/27/2006","9.695","9.800","9.815","9.610","25.39K","-1.32%"
"02/24/2006","9.825","9.580","9.860","9.550","24.26K","3.78%"
"02/23/2006","9.467","9.575","9.610","9.450","0.22K","-1.13%"
"02/22/2006","9.575","9.555","9.635","9.425","30.01K","0.31%"
"02/21/2006","9.545","9.490","9.575","9.470","19.52K","1.33%"
"02/17/2006","9.420","9.365","9.505","9.345","25.30K","0.53%"
"02/16/2006","9.370","9.195","9.380","9.100","22.75K","1.68%"
"02/15/2006","9.215","9.325","9.405","9.070","25.14K","-1.07%"
"02/14/2006","9.315","9.100","9.340","9.055","20.45K","2.16%"
"02/13/2006","9.118","9.395","9.470","9.085","26.38K","-2.79%"
"02/10/2006","9.380","9.650","9.715","9.280","28.66K","-2.90%"
"02/09/2006","9.660","9.440","9.670","9.425","18.37K","2.33%"
"02/08/2006","9.440","9.400","9.500","9.275","23.81K","0.32%"
"02/07/2006","9.410","9.755","9.800","9.365","31.78K","-3.57%"
"02/06/2006","9.758","9.770","9.890","9.720","13.48K","-0.02%"
"02/03/2006","9.760","9.860","9.920","9.695","19.60K","-1.18%"
"02/02/2006","9.877","9.795","9.945","9.730","20.66K","0.84%"
"02/01/2006","9.795","9.875","9.880","9.680","25.51K","-0.91%"
"01/31/2006","9.885","9.795","9.950","9.780","22.27K","1.13%"
"01/30/2006","9.775","9.600","9.810","9.575","16.79K","1.77%"
"01/27/2006","9.605","9.605","9.800","9.550","27.20K","0.00%"
"01/26/2006","9.605","9.510","9.665","9.430","27.84K","1.00%"
"01/25/2006","9.510","9.240","9.540","9.210","28.55K","3.06%"
"01/24/2006","9.228","9.070","9.260","8.945","29.55K","1.71%"
"01/23/2006","9.073","8.920","9.080","8.855","19.13K","1.60%"
"01/20/2006","8.930","9.110","9.275","8.850","31.96K","-1.95%"
"01/19/2006","9.108","8.840","9.120","8.800","17.15K","2.65%"
"01/18/2006","8.873","9.065","9.125","8.790","23.72K","-2.20%"
"01/17/2006","9.073","9.240","9.355","9.035","17.76K","-0.95%"
"01/13/2006","9.160","9.065","9.270","8.970","15.66K","1.10%"
"01/12/2006","9.060","9.085","9.110","8.930","14.00K","-0.06%"
"01/11/2006","9.065","9.030","9.115","8.855","214.42K","0.55%"
"01/10/2006","9.015","9.290","9.305","8.915","23.03K","-2.89%"
"01/09/2006","9.283","9.180","9.295","9.015","21.22K","1.20%"
"01/06/2006","9.173","8.865","9.190","8.785","22.59K","3.39%"
"01/05/2006","8.872","9.190","9.215","8.760","27.62K","-3.25%"
"01/04/2006","9.170","9.165","9.305","9.010","24.14K","0.11%"
"01/03/2006","9.160","8.910","9.180","8.910","19.91K","2.81%"