date,origin_index,target_index,horizon,actual,prediction,residual
2024-07-09,4191,4192,1,4.5775,4.5935426,0.01604271
2024-07-10,4191,4193,2,4.6085,4.6107965,0.0022964478
2024-07-11,4191,4194,3,4.5065002,4.629062,0.12256193
2024-07-15,4191,4195,4,4.5265,4.646797,0.120296955
2024-07-16,4191,4196,5,4.4495,4.6639156,0.21441555
2024-07-10,4192,4193,1,4.6085,4.601512,-0.0069880486
2024-07-11,4192,4194,2,4.5065002,4.620136,0.11363554
2024-07-15,4192,4195,3,4.5265,4.638012,0.11151171
2024-07-16,4192,4196,4,4.4495,4.6552753,0.20577526
2024-07-17,4192,4197,5,4.4085,4.6720653,0.26356506
2024-07-11,4193,4194,1,4.5065002,4.6241817,0.1176815
2024-07-15,4193,4195,2,4.5265,4.641901,0.11540079
2024-07-16,4193,4196,3,4.4495,4.659101,0.20960093
2024-07-17,4193,4197,4,4.4085,4.6758265,0.26732635
2024-07-18,4193,4198,5,4.2795,4.692118,0.41261816
2024-07-15,4194,4195,1,4.5265,4.5736904,0.04719019
2024-07-16,4194,4196,2,4.4495,4.5935,0.14400005
2024-07-17,4194,4197,3,4.4085,4.6112604,0.20276022
2024-07-18,4194,4198,4,4.2795,4.6286135,0.34911346
2024-07-22,4194,4199,5,4.1974998,4.6457543,0.4482546
2024-07-16,4195,4196,1,4.4495,4.56618,0.116680145
2024-07-17,4195,4197,2,4.4085,4.5849543,0.17645407
2024-07-18,4195,4198,3,4.2795,4.6026974,0.32319736
2024-07-22,4195,4199,4,4.1974998,4.620241,0.4227414
2024-07-23,4195,4200,5,4.1605,4.6375694,0.47706938
2024-07-17,4196,4197,1,4.4085,4.517419,0.10891867
2024-07-18,4196,4198,2,4.2795,4.537593,0.25809288
2024-07-22,4196,4199,3,4.1974998,4.556044,0.35854435
2024-07-23,4196,4200,4,4.1605,4.574319,0.41381884
2024-07-24,4196,4201,5,4.109,4.592495,0.48349476
2024-07-18,4197,4198,1,4.2795,4.4746327,0.19513273
2024-07-22,4197,4199,2,4.1974998,4.4952445,0.29774475
2024-07-23,4197,4200,3,4.1605,4.514283,0.35378313
2024-07-24,4197,4201,4,4.109,4.5332685,0.42426825
2024-07-25,4197,4202,5,4.1255,4.5522113,0.42671108
2024-07-22,4198,4199,1,4.1974998,4.3825984,0.18509865
2024-07-23,4198,4200,2,4.1605,4.405224,0.2447238
2024-07-24,4198,4201,3,4.109,4.4253674,0.31636715
2024-07-25,4198,4202,4,4.1255,4.445569,0.32006884
2024-07-29,4198,4203,5,4.0845,4.465932,0.38143206
2024-07-23,4199,4200,1,4.1605,4.2986984,0.13819838
2024-07-24,4199,4201,2,4.109,4.321904,0.21290398
2024-07-25,4199,4202,3,4.1255,4.34295,0.21744967
2024-07-29,4199,4203,4,4.0845,4.3642755,0.27977562
2024-07-30,4199,4204,5,4.098,4.3858767,0.2878766
2024-07-24,4200,4201,1,4.109,4.2426314,0.13363123
2024-07-25,4200,4202,2,4.1255,4.2657714,0.14027119
2024-07-29,4200,4203,3,4.0845,4.2875814,0.20308161
2024-07-30,4200,4204,4,4.098,4.3097696,0.21176958
2024-07-31,4200,4205,5,4.1875,4.3322163,0.14471626
2024-07-25,4201,4202,1,4.1255,4.189313,0.06381273
2024-07-29,4201,4203,2,4.0845,4.2130103,0.12851048
2024-07-30,4201,4204,3,4.098,4.2355638,0.1375637
2024-07-31,4201,4205,4,4.1875,4.258483,0.07098293
2024-08-01,4201,4206,5,4.0950003,4.281655,0.18665457
2024-07-29,4202,4203,1,4.0845,4.176584,0.09208393
2024-07-30,4202,4204,2,4.098,4.200003,0.1020031
2024-07-31,4202,4205,3,4.1875,4.2230687,0.035568714
2024-08-01,4202,4206,4,4.0950003,4.2464404,0.15144014
2024-08-05,4202,4207,5,4.0105,4.269924,0.2594242
2024-07-30,4203,4204,1,4.098,4.1474853,0.049485207
2024-07-31,4203,4205,2,4.1875,4.171772,-0.015727997
2024-08-01,4203,4206,3,4.0950003,4.195332,0.10033178
2024-08-05,4203,4207,4,4.0105,4.2190824,0.2085824
2024-08-06,4203,4208,5,4.036,4.242932,0.20693207
2024-07-31,4204,4205,1,4.1875,4.143584,-0.043916225
2024-08-01,4204,4206,2,4.0950003,4.167788,0.07278776
2024-08-05,4204,4207,3,4.0105,4.19163,0.18112993
2024-08-06,4204,4208,4,4.036,4.2156134,0.17961359
2024-08-07,4204,4209,5,3.9635003,4.2396073,0.27610707
2024-08-01,4205,4206,1,4.0950003,4.192801,0.09780073
2024-08-05,4205,4207,2,4.0105,4.2160463,0.20554638
2024-08-06,4205,4208,3,4.036,4.239932,0.20393229
2024-08-07,4205,4209,4,3.9635003,4.2637935,0.3002932
2024-08-08,4205,4210,5,3.97,4.2874136,0.31741357
2024-08-05,4206,4207,1,4.0105,4.1602526,0.14975262
2024-08-06,4206,4208,2,4.036,4.185486,0.14948606
2024-08-07,4206,4209,3,3.9635003,4.209582,0.24608159
2024-08-08,4206,4210,4,3.97,4.2335114,0.26351142
2024-08-12,4206,4211,5,4.075,4.2573586,0.18235874
2024-08-06,4207,4208,1,4.036,4.100158,0.06415844
2024-08-07,4207,4209,2,3.9635003,4.126175,0.16267467
2024-08-08,4207,4210,3,3.97,4.1503654,0.18036532
2024-08-12,4207,4211,4,4.075,4.174597,0.09959698
2024-08-13,4207,4212,5,4.0559998,4.1989617,0.14296198
2024-08-07,4208,4209,1,3.9635003,4.089707,0.12620664
2024-08-08,4208,4210,2,3.97,4.1146765,0.14467645
2024-08-12,4208,4211,3,4.075,4.138986,0.0639863
2024-08-13,4208,4212,4,4.0559998,4.1634865,0.107486725
2024-08-14,4208,4213,5,4.046,4.1880608,0.14206076
2024-08-08,4209,4210,1,3.97,4.0430074,0.073007345
2024-08-12,4209,4211,2,4.075,4.0687804,-0.006219387
2024-08-13,4209,4212,3,4.0559998,4.0933876,0.037387848
2024-08-14,4209,4213,4,4.046,4.1181836,0.07218361
2024-08-15,4209,4214,5,4.153,4.1431537,-0.0098462105
2024-08-12,4210,4211,1,4.075,4.0274057,-0.04759407
2024-08-13,4210,4212,2,4.0559998,4.0528183,-0.0031814575
2024-08-14,4210,4213,3,4.046,4.0776453,0.031645298
2024-08-15,4210,4214,4,4.153,4.102717,-0.050282955
2024-08-19,4210,4215,5,4.1885,4.127915,-0.060585022
2024-08-13,4211,4212,1,4.0559998,4.079775,0.0237751
2024-08-14,4211,4213,2,4.046,4.104056,0.058055878
2024-08-15,4211,4214,3,4.153,4.1290936,-0.02390623
2024-08-19,4211,4215,4,4.1885,4.1542144,-0.034285545
2024-08-20,4211,4216,5,4.168,4.179165,0.011164665
2024-08-14,4212,4213,1,4.046,4.0905633,0.044563293
2024-08-15,4212,4214,2,4.153,4.1158895,-0.03711033
2024-08-19,4212,4215,3,4.1885,4.1410394,-0.047460556
2024-08-20,4212,4216,4,4.168,4.166038,-0.001962185
2024-08-21,4212,4217,5,4.197,4.1908493,-0.0061507225
2024-08-15,4213,4214,1,4.153,4.0905833,-0.062416553
2024-08-19,4213,4215,2,4.1885,4.1162806,-0.07221937
2024-08-20,4213,4216,3,4.168,4.141336,-0.026664257
2024-08-21,4213,4217,4,4.197,4.166242,-0.030757904
2024-08-22,4213,4218,5,4.1545,4.1910057,0.0365057
2024-08-19,4214,4215,1,4.1885,4.151737,-0.036762714
2024-08-20,4214,4216,2,4.168,4.1759872,0.007987022
2024-08-21,4214,4217,3,4.197,4.200787,0.0037870407
2024-08-22,4214,4218,4,4.1545,4.2253933,0.07089329
2024-08-26,4214,4219,5,4.235,4.24965,0.014649868
2024-08-20,4215,4216,1,4.168,4.1969233,0.028923035
2024-08-21,4215,4217,2,4.197,4.2212086,0.024208546
2024-08-22,4215,4218,3,4.1545,4.2457237,0.09122372
2024-08-26,4215,4219,4,4.235,4.269862,0.03486204
2024-08-27,4215,4220,5,4.2575,4.293579,0.03607893
2024-08-21,4216,4217,1,4.197,4.204705,0.0077052116
2024-08-22,4216,4218,2,4.1545,4.2296395,0.07513952
2024-08-26,4216,4219,3,4.235,4.253861,0.018860817
2024-08-27,4216,4220,4,4.2575,4.277681,0.020180702
2024-08-28,4216,4221,5,4.1725,4.3011785,0.12867832
2024-08-22,4217,4218,1,4.1545,4.22524,0.07074022
2024-08-26,4217,4219,2,4.235,4.2495747,0.014574528
2024-08-27,4217,4220,3,4.2575,4.273419,0.015918732
2024-08-28,4217,4221,4,4.1725,4.2969456,0.12444544
2024-08-29,4217,4222,5,4.1984997,4.32016,0.12166023
2024-08-26,4218,4219,1,4.235,4.2091556,-0.025844574
2024-08-27,4218,4220,2,4.2575,4.234039,-0.023461342
2024-08-28,4218,4221,3,4.1725,4.2577825,0.085282326
2024-08-29,4218,4222,4,4.1984997,4.281262,0.08276224
2024-09-03,4218,4223,5,4.0715,4.3045588,0.23305893
2024-08-27,4219,4220,1,4.2575,4.248801,-0.00869894
2024-08-28,4219,4221,2,4.1725,4.2721586,0.09965849
2024-08-29,4219,4222,3,4.1984997,4.2955556,0.09705591
2024-09-03,4219,4223,4,4.0715,4.3187523,0.24725246
2024-09-04,4219,4224,5,4.058,4.341641,0.28364086
2024-08-28,4220,4221,1,4.1725,4.277134,0.10463381
2024-08-29,4220,4222,2,4.1984997,4.300396,0.101896286
2024-09-03,4220,4223,3,4.0715,4.32356,0.2520604
2024-09-04,4220,4224,4,4.058,4.3464108,0.28841066
2024-09-05,4220,4225,5,4.1155,4.3689113,0.2534113
2024-08-29,4221,4222,1,4.1984997,4.240483,0.041983128
2024-09-03,4221,4223,2,4.0715,4.2652645,0.19376469
2024-09-04,4221,4224,3,4.058,4.288497,0.23049688
2024-09-05,4221,4225,4,4.1155,4.3114457,0.19594574
2024-09-09,4221,4226,5,4.123,4.3342533,0.21125317
2024-09-03,4222,4223,1,4.0715,4.2412524,0.1697526
2024-09-04,4222,4224,2,4.058,4.2651157,0.20711565
2024-09-05,4222,4225,3,4.1155,4.2882047,0.1727047
2024-09-09,4222,4226,4,4.123,4.311181,0.18818092
2024-09-10,4222,4227,5,4.0765,4.3340096,0.2575097
2024-09-04,4223,4224,1,4.058,4.1680517,0.11005163
2024-09-05,4223,4225,2,4.1155,4.193561,0.078061104
2024-09-09,4223,4226,3,4.123,4.2170124,0.09401226
2024-09-10,4223,4227,4,4.0765,4.24044,0.16393995
2024-09-11,4223,4228,5,4.1200004,4.2639785,0.14397812
2024-09-05,4224,4225,1,4.1155,4.1308084,0.01530838
2024-09-09,4224,4226,2,4.123,4.155704,0.032703876
2024-09-10,4224,4227,3,4.0765,4.179348,0.10284805
2024-09-11,4224,4228,4,4.1200004,4.2031937,0.0831933
2024-09-12,4224,4229,5,4.172,4.227187,0.055187225
2024-09-09,4225,4226,1,4.123,4.14699,0.023989677
2024-09-10,4225,4227,2,4.0765,4.170832,0.09433222
2024-09-11,4225,4228,3,4.1200004,4.194705,0.07470465
2024-09-12,4225,4229,4,4.172,4.2187395,0.04673958
2024-09-16,4225,4230,5,4.2505,4.242736,-0.0077643394
2024-09-10,4226,4227,1,4.0765,4.1571703,0.08067036
2024-09-11,4226,4228,2,4.1200004,4.1813626,0.061362267
2024-09-12,4226,4229,3,4.172,4.205446,0.033445835
2024-09-16,4226,4230,4,4.2505,4.2295103,-0.020989895
2024-09-17,4226,4231,5,4.2495003,4.25345,0.003949642
2024-09-11,4227,4228,1,4.1200004,4.135407,0.015406609
2024-09-12,4227,4229,2,4.172,4.160555,-0.0114450455
2024-09-16,4227,4230,3,4.2505,4.1847796,-0.06572056
2024-09-17,4227,4231,4,4.2495003,4.2089434,-0.040556908
2024-09-18,4227,4232,5,4.2730002,4.2330623,-0.039937973
2024-09-12,4228,4229,1,4.172,4.1517844,-0.020215511
2024-09-16,4228,4230,2,4.2505,4.176212,-0.07428837
2024-09-17,4228,4231,3,4.2495003,4.200406,-0.0490942
2024-09-18,4228,4232,4,4.2730002,4.224567,-0.048433304
2024-09-19,4228,4233,5,4.321,4.248591,-0.07240915
2024-09-16,4229,4230,1,4.2505,4.1877275,-0.06277275
2024-09-17,4229,4231,2,4.2495003,4.2116437,-0.03785658
2024-09-18,4229,4232,3,4.2730002,4.2357574,-0.03724289
2024-09-19,4229,4233,4,4.321,4.259719,-0.061281204
2024-09-23,4229,4234,5,4.3195,4.283411,-0.036088943
2024-09-17,4230,4231,1,4.2495003,4.247456,-0.002044201
2024-09-18,4230,4232,2,4.2730002,4.2706437,-0.0023565292
2024-09-19,4230,4233,3,4.321,4.2944145,-0.026585579
2024-09-23,4230,4234,4,4.3195,4.317872,-0.001627922
2024-09-24,4230,4235,5,4.462,4.340898,-0.121101856
2024-09-18,4231,4232,1,4.2730002,4.271813,-0.0011873245
2024-09-19,4231,4233,2,4.321,4.295552,-0.025448322
2024-09-23,4231,4234,3,4.3195,4.3190017,-0.00049829483
2024-09-24,4231,4235,4,4.462,4.3420186,-0.11998129
2024-09-25,4231,4236,5,4.4605,4.3646364,-0.09586334
2024-09-19,4232,4233,1,4.321,4.296231,-0.024769306
2024-09-23,4232,4234,2,4.3195,4.3196616,0.0001616478
2024-09-24,4232,4235,3,4.462,4.3426743,-0.11932564
2024-09-25,4232,4236,4,4.4605,4.3652873,-0.09521246
2024-09-26,4232,4237,5,4.61,4.3875217,-0.22247839
2024-09-23,4233,4234,1,4.3195,4.333857,0.01435709
2024-09-24,4233,4235,2,4.462,4.3564568,-0.10554314
2024-09-25,4233,4236,3,4.4605,4.378958,-0.08154154
2024-09-26,4233,4237,4,4.61,4.4010677,-0.2089324
2024-09-30,4233,4238,5,4.553,4.42276,-0.13023996
2024-09-24,4234,4235,1,4.462,4.3482175,-0.113782406
2024-09-25,4234,4236,2,4.4605,4.370965,-0.08953476
2024-09-26,4234,4237,3,4.61,4.3931446,-0.21685553
2024-09-30,4234,4238,4,4.553,4.414914,-0.13808584
2024-10-01,4234,4239,5,4.5889997,4.436317,-0.15268278
2024-09-25,4235,4236,1,4.4605,4.4363065,-0.024193287
2024-09-26,4235,4237,2,4.61,4.4564137,-0.15358639
2024-09-30,4235,4238,3,4.553,4.477543,-0.075457096
2024-10-01,4235,4239,4,4.5889997,4.49825,-0.09074974
2024-10-02,4235,4240,5,4.649,4.5183773,-0.13062286
2024-09-26,4236,4237,1,4.61,4.470347,-0.1396532
2024-09-30,4236,4238,2,4.553,4.491004,-0.061995983
2024-10-01,4236,4239,3,4.5889997,4.511552,-0.07744789
2024-10-02,4236,4240,4,4.649,4.53151,-0.11749029
2024-10-03,4236,4241,5,4.553,4.550938,-0.0020618439
2024-09-30,4237,4238,1,4.553,4.5715194,0.018519402
2024-10-01,4237,4239,2,4.5889997,4.589152,0.00015211105
2024-10-02,4237,4240,3,4.649,4.60804,-0.040960312
2024-10-03,4237,4241,4,4.553,4.626356,0.07335615
2024-10-07,4237,4242,5,4.5665,4.643981,0.07748079
2024-10-01,4238,4239,1,4.5889997,4.578442,-0.0105576515
2024-10-02,4238,4240,2,4.649,4.597736,-0.051264286
2024-10-03,4238,4241,3,4.553,4.616211,0.063210964
2024-10-07,4238,4242,4,4.5665,4.633998,0.06749773
2024-10-08,4238,4243,5,4.4565,4.6512766,0.19477654
2024-10-02,4239,4240,1,4.649,4.603846,-0.045154095
2024-10-03,4239,4241,2,4.553,4.6220865,0.06908655
2024-10-07,4239,4242,3,4.5665,4.639781,0.07328081
2024-10-08,4239,4243,4,4.4565,4.656965,0.20046473
2024-10-09,4239,4244,5,4.3995,4.6736917,0.27419186
2024-10-03,4240,4241,1,4.553,4.64823,0.0952301
2024-10-07,4240,4242,2,4.5665,4.664891,0.09839058
2024-10-08,4240,4243,3,4.4565,4.6816554,0.22515535
2024-10-09,4240,4244,4,4.3995,4.697955,0.29845524
2024-10-10,4240,4245,5,4.4275,4.7137666,0.2862668
2024-10-07,4241,4242,1,4.5665,4.609669,0.04316902
2024-10-08,4241,4243,2,4.4565,4.628612,0.17211199
2024-10-09,4241,4244,3,4.3995,4.645799,0.24629927
2024-10-10,4241,4245,4,4.4275,4.6625137,0.23501396
2024-10-15,4241,4246,5,4.3375,4.678949,0.34144878
2024-10-08,4242,4243,1,4.4565,4.6035976,0.14709759
2024-10-09,4242,4244,2,4.3995,4.6217484,0.22224855
2024-10-10,4242,4245,3,4.4275,4.6388464,0.21134663
2024-10-15,4242,4246,4,4.3375,4.655675,0.31817484
2024-10-16,4242,4247,5,4.3675003,4.6722484,0.30474806
2024-10-09,4243,4244,1,4.3995,4.5365124,0.13701248
2024-10-10,4243,4245,2,4.4275,4.5567646,0.12926483
2024-10-15,4243,4246,3,4.3375,4.5748076,0.23730755
2024-10-16,4243,4247,4,4.3675003,4.592638,0.22513771
2024-10-17,4243,4248,5,4.325,4.6103992,0.28539944
2024-10-10,4244,4245,1,4.4275,4.4775085,0.050008774
2024-10-15,4244,4246,2,4.3375,4.498297,0.16079712
2024-10-16,4244,4247,3,4.3675003,4.5171123,0.14961195
2024-10-17,4244,4248,4,4.325,4.535914,0.21091413
2024-10-21,4244,4249,5,4.3595004,4.5547376,0.19523716
2024-10-15,4245,4246,1,4.3375,4.469427,0.13192701
2024-10-16,4245,4247,2,4.3675003,4.489209,0.12170887
2024-10-17,4245,4248,3,4.325,4.508342,0.18334198
2024-10-21,4245,4249,4,4.3595004,4.52752,0.16801977
2024-10-22,4245,4250,5,4.3805003,4.5466123,0.16611195
2024-10-16,4246,4247,1,4.3675003,4.413081,0.045580864
2024-10-17,4246,4248,2,4.325,4.434678,0.10967827
2024-10-21,4246,4249,3,4.3595004,4.454666,0.09516573
2024-10-22,4246,4250,4,4.3805003,4.474633,0.0941329
2024-10-23,4246,4251,5,4.3364997,4.4946136,0.15811396
2024-10-17,4247,4248,1,4.325,4.408424,0.08342409
2024-10-21,4247,4249,2,4.3595004,4.4292364,0.069736004
2024-10-22,4247,4250,3,4.3805003,4.449462,0.06896162
2024-10-23,4247,4251,4,4.3364997,4.4697247,0.13322496
2024-10-24,4247,4252,5,4.3515,4.4898996,0.1383996
2024-10-21,4248,4249,1,4.3595004,4.3812037,0.021703243
2024-10-22,4248,4250,2,4.3805003,4.402914,0.02241373
2024-10-23,4248,4251,3,4.3364997,4.423631,0.0871315
2024-10-24,4248,4252,4,4.3515,4.4443064,0.09280634
2024-10-28,4248,4253,5,4.3625,4.4649115,0.10241127
2024-10-22,4249,4250,1,4.3805003,4.3904295,0.00992918
2024-10-23,4249,4251,2,4.3364997,4.4115305,0.0750308
2024-10-24,4249,4252,3,4.3515,4.432321,0.08082104
2024-10-28,4249,4253,4,4.3625,4.453054,0.09055376
2024-10-29,4249,4254,5,4.3605003,4.473613,0.11311245
2024-10-23,4250,4251,1,4.3364997,4.405818,0.069318295
2024-10-24,4250,4252,2,4.3515,4.426787,0.075286865
2024-10-28,4250,4253,3,4.3625,4.447575,0.0850749
2024-10-29,4250,4254,4,4.3605003,4.4681935,0.107693195
2024-10-30,4250,4255,5,4.36,4.4885573,0.1285572
2024-10-24,4251,4252,1,4.3515,4.3868885,0.03538847
2024-10-28,4251,4253,2,4.3625,4.408922,0.046422005
2024-10-29,4251,4254,3,4.3605003,4.4299254,0.069425106
2024-10-30,4251,4255,4,4.36,4.4507103,0.09071016
2024-10-31,4251,4256,5,4.3515,4.4713125,0.11981249
2024-10-28,4252,4253,1,4.3625,4.388564,0.026063919
2024-10-29,4252,4254,2,4.3605003,4.410197,0.049696445
2024-10-30,4252,4255,3,4.36,4.431173,0.071172714
2024-10-31,4252,4256,4,4.3515,4.4519863,0.10048628
2024-11-04,4252,4257,5,4.4375,4.4725933,0.035093307
2024-10-29,4253,4254,1,4.3605003,4.395203,0.034702778
2024-10-30,4253,4255,2,4.36,4.416646,0.05664587
2024-10-31,4253,4256,3,4.3515,4.4376016,0.08610153
2024-11-04,4253,4257,4,4.4375,4.4583664,0.020866394
2024-11-05,4253,4258,5,4.4810004,4.4788923,-0.002108097
2024-10-30,4254,4255,1,4.36,4.396678,0.036677837
2024-10-31,4254,4256,2,4.3515,4.4182587,0.06675863
2024-11-04,4254,4257,3,4.4375,4.439216,0.0017161369
2024-11-05,4254,4258,4,4.4810004,4.459953,-0.021047592
2024-11-06,4254,4259,5,4.2595,4.4804497,0.22094965
2024-10-31,4255,4256,1,4.3515,4.3971534,0.045653343
2024-11-04,4255,4257,2,4.4375,4.4187717,-0.018728256
2024-11-05,4255,4258,3,4.4810004,4.439713,-0.041287422
2024-11-06,4255,4259,4,4.2595,4.4604335,0.20093346
2024-11-07,4255,4260,5,4.44,4.4809175,0.040917397
2024-11-04,4256,4257,1,4.4375,4.392501,-0.044999123
2024-11-05,4256,4258,2,4.4810004,4.414263,-0.06673765
2024-11-06,4256,4259,3,4.2595,4.4352365,0.17573643
2024-11-07,4256,4260,4,4.44,4.455997,0.015996933
2024-11-12,4256,4261,5,4.1540003,4.476542,0.3225417
2024-11-05,4257,4258,1,4.4810004,4.440152,-0.040848255
2024-11-06,4257,4259,2,4.2595,4.460295,0.20079517
2024-11-07,4257,4260,3,4.44,4.480792,0.04079199
2024-11-12,4257,4261,4,4.1540003,4.50105,0.3470497
2024-11-13,4257,4262,5,4.102,4.52093,0.41892958
2024-11-06,4258,4259,1,4.2595,4.483828,0.22432804
2024-11-07,4258,4260,2,4.44,4.5035305,0.063530445
2024-11-12,4258,4261,3,4.1540003,4.523518,0.3695178
2024-11-13,4258,4262,4,4.102,4.543111,0.4411106
2024-11-14,4258,4263,5,4.105,4.562248,0.4572482
2024-11-07,4259,4260,1,4.44,4.374072,-0.06592798
2024-11-12,4259,4261,2,4.1540003,4.3982477,0.24424744
2024-11-13,4259,4262,3,4.102,4.419213,0.31721258
2024-11-14,4259,4263,4,4.105,4.439824,0.3348241
2024-11-18,4259,4264,5,4.1335,4.4604335,0.32693338
2024-11-12,4260,4261,1,4.1540003,4.436173,0.28217268
2024-11-13,4260,4262,2,4.102,4.4559402,0.35394
2024-11-14,4260,4263,3,4.105,4.4761786,0.37117863
2024-11-18,4260,4264,4,4.1335,4.496379,0.3628788
2024-11-19,4260,4265,5,4.153,4.516281,0.36328125
2024-11-13,4261,4262,1,4.102,4.293363,0.19136286
2024-11-14,4261,4263,2,4.105,4.318468,0.21346807
2024-11-18,4261,4264,3,4.1335,4.3401003,0.20660019
2024-11-19,4261,4265,4,4.153,4.361593,0.20859289
2024-11-20,4261,4266,5,4.164,4.383286,0.21928596
2024-11-14,4262,4263,1,4.105,4.2087135,0.10371351
2024-11-18,4262,4264,2,4.1335,4.233191,0.099690914
2024-11-19,4262,4265,3,4.153,4.255315,0.10231495
2024-11-20,4262,4266,4,4.164,4.277781,0.113780975
2024-11-21,4262,4267,5,4.138,4.3005934,0.16259336
2024-11-18,4263,4264,1,4.1335,4.1739264,0.040426254
2024-11-19,4263,4265,2,4.153,4.1974707,0.044470787
2024-11-20,4263,4266,3,4.164,4.2201867,0.056186676
2024-11-21,4263,4267,4,4.138,4.243335,0.10533476
2024-11-25,4263,4268,5,4.1215,4.2667246,0.14522457
2024-11-19,4264,4265,1,4.153,4.174411,0.021410942
2024-11-20,4264,4266,2,4.164,4.197672,0.033671856
2024-11-21,4264,4267,3,4.138,4.2209077,0.08290768
2024-11-25,4264,4268,4,4.1215,4.244421,0.12292099
2024-11-26,4264,4269,5,4.075,4.267988,0.1929884
2024-11-20,4265,4266,1,4.164,4.1854606,0.021460533
2024-11-21,4265,4267,2,4.138,4.2089906,0.07099056
2024-11-25,4265,4268,3,4.1215,4.2325535,0.11105347
2024-11-26,4265,4269,4,4.075,4.256188,0.1811881
2024-11-27,4265,4270,5,4.117,4.279737,0.1627369
2024-11-21,4266,4267,1,4.138,4.1967473,0.05874729
2024-11-25,4266,4268,2,4.1215,4.2206106,0.0991106
2024-11-26,4266,4269,3,4.075,4.2443,0.16930008
2024-11-27,4266,4270,4,4.117,4.2679205,0.15092039
2024-12-02,4266,4271,5,4.1135,4.291383,0.17788267
2024-11-25,4267,4268,1,4.1215,4.1870823,0.065582275
2024-11-26,4267,4269,2,4.075,4.211597,0.13659716
2024-11-27,4267,4270,3,4.117,4.23537,0.118370056
2024-12-02,4267,4271,4,4.1135,4.25903,0.14552975
2024-12-03,4267,4272,5,4.1844997,4.282572,0.09807205
2024-11-26,4268,4269,1,4.075,4.1741796,0.099179745
2024-11-27,4268,4270,2,4.117,4.1988606,0.08186054
2024-12-02,4268,4271,3,4.1135,4.2226806,0.10918045
2024-12-03,4268,4272,4,4.1844997,4.2464333,0.061933517
2024-12-04,4268,4273,5,4.183,4.2701077,0.08710766
2024-11-27,4269,4270,1,4.117,4.142309,0.025309086
2024-12-02,4269,4271,2,4.1135,4.167456,0.05395603
2024-12-03,4269,4272,3,4.1844997,4.19142,0.0069203377
2024-12-04,4269,4273,4,4.183,4.215384,0.03238392
2024-12-05,4269,4274,5,4.1745,4.239365,0.06486511
2024-12-02,4270,4271,1,4.1135,4.1530423,0.0395422
2024-12-03,4270,4272,2,4.1844997,4.17734,-0.00715971
2024-12-04,4270,4273,3,4.183,4.201354,0.018353939
2024-12-05,4270,4274,4,4.1745,4.225405,0.050905228
2024-12-09,4270,4275,5,4.2580004,4.2493715,-0.008628845
2024-12-03,4271,4272,1,4.1844997,4.154815,-0.029684544
2024-12-04,4271,4273,2,4.183,4.179357,-0.003643036
2024-12-05,4271,4274,3,4.1745,4.2034903,0.028990269
2024-12-09,4271,4275,4,4.2580004,4.22757,-0.030430317
2024-12-10,4271,4276,5,4.2535,4.251534,-0.0019659996
2024-12-04,4272,4273,1,4.183,4.196271,0.013270855
2024-12-05,4272,4274,2,4.1745,4.2199936,0.045493603
2024-12-09,4272,4275,3,4.2580004,4.2440014,-0.013998985
2024-12-10,4272,4276,4,4.2535,4.2678714,0.014371395
2024-12-11,4272,4277,5,4.2450004,4.291464,0.04646349
2024-12-05,4273,4274,1,4.1745,4.2124205,0.037920475
2024-12-09,4273,4275,2,4.2580004,4.2366204,-0.021379948
2024-12-10,4273,4276,3,4.2535,4.2605276,0.007027626
2024-12-11,4273,4277,4,4.2450004,4.2841673,0.039166927
2024-12-12,4273,4278,5,4.2250004,4.307527,0.082526684
2024-12-09,4274,4275,1,4.2580004,4.214964,-0.04303646
2024-12-10,4274,4276,2,4.2535,4.2394247,-0.014075279
2024-12-11,4274,4277,3,4.2450004,4.2631783,0.018177986
2024-12-12,4274,4278,4,4.2250004,4.2866774,0.06167698
2024-12-16,4274,4279,5,4.1705,4.3099475,0.13944769
2024-12-10,4275,4276,1,4.2535,4.2640104,0.010510445
2024-12-11,4275,4277,2,4.2450004,4.287112,0.042111874
2024-12-12,4275,4278,3,4.2250004,4.3104672,0.08546686
2024-12-16,4275,4279,4,4.1705,4.3335643,0.16306448
2024-12-17,4275,4280,5,4.125,4.3562922,0.23129225
2024-12-11,4276,4277,1,4.2450004,4.281098,0.036097527
2024-12-12,4276,4278,2,4.2250004,4.3046184,0.07961798
2024-12-16,4276,4279,3,4.1705,4.327756,0.15725613
2024-12-17,4276,4280,4,4.125,4.350531,0.2255311
2024-12-18,4276,4281,5,4.1355,4.3729625,0.23746252
2024-12-12,4277,4278,1,4.2250004,4.283943,0.058942795
2024-12-16,4277,4279,2,4.1705,4.3076572,0.13715744
2024-12-17,4277,4280,3,4.125,4.330576,0.20557594
2024-12-18,4277,4281,4,4.1355,4.3531737,0.21767378
2024-12-19,4277,4282,5,4.0555,4.3754945,0.31999445
2024-12-16,4278,4279,1,4.1705,4.2738895,0.10338974
2024-12-17,4278,4280,2,4.125,4.2977424,0.17274237
2024-12-18,4278,4281,3,4.1355,4.32057,0.18507004
2024-12-19,4278,4282,4,4.0555,4.3431587,0.2876587
2024-12-23,4278,4283,5,4.0635,4.3655515,0.30205154
2024-12-17,4279,4280,1,4.125,4.238534,0.11353397
2024-12-18,4279,4281,2,4.1355,4.262945,0.12744522
2024-12-19,4279,4282,3,4.0555,4.2859006,0.23040056
2024-12-23,4279,4283,4,4.0635,4.3087296,0.24522972
2024-12-26,4279,4284,5,4.1080003,4.331499,0.22349882
2024-12-18,4280,4281,1,4.1355,4.1980157,0.062515736
2024-12-19,4280,4282,2,4.0555,4.2226176,0.1671176
2024-12-23,4280,4283,3,4.0635,4.245783,0.18228292
2024-12-26,4280,4284,4,4.1080003,4.2689714,0.16097116
2024-12-30,4280,4285,5,4.0930004,4.292203,0.19920254
2024-12-19,4281,4282,1,4.0555,4.1869235,0.13142347
2024-12-23,4281,4283,2,4.0635,4.2109637,0.1474638
2024-12-26,4281,4284,3,4.1080003,4.2343125,0.12631226
2024-12-30,4281,4285,4,4.0930004,4.257753,0.16475248
2025-01-02,4281,4286,5,4.026,4.2811904,0.25519037
2024-12-23,4282,4283,1,4.0635,4.1359854,0.07248545
2024-12-26,4282,4284,2,4.1080003,4.1610913,0.05309105
2024-12-30,4282,4285,3,4.0930004,4.1848125,0.091812134
2025-01-02,4282,4286,4,4.026,4.2086363,0.18263626
2025-01-06,4282,4287,5,4.1615,4.2325816,0.07108164
2024-12-26,4283,4284,1,4.1080003,4.119822,0.011821747
2024-12-30,4283,4285,2,4.0930004,4.1444664,0.05146599
2025-01-02,4283,4286,3,4.026,4.1684103,0.14241028
2025-01-06,4283,4287,4,4.1615,4.1925373,0.03103733
2025-01-07,4283,4288,5,4.1955,4.216741,0.021241188
2024-12-30,4284,4285,1,4.0930004,4.1377406,0.0447402
2025-01-02,4284,4286,2,4.026,4.1618366,0.1358366
2025-01-06,4284,4287,3,4.1615,4.185983,0.024483204
2025-01-07,4284,4288,4,4.1955,4.210217,0.014717102
2025-01-08,4284,4289,5,4.2585,4.234368,-0.024132252
2025-01-02,4285,4286,1,4.026,4.1363707,0.110370636
2025-01-06,4285,4287,2,4.1615,4.1611004,-0.00039958954
2025-01-07,4285,4288,3,4.1955,4.185416,-0.010083675
2025-01-08,4285,4289,4,4.2585,4.2096863,-0.04881382
2025-01-13,4285,4290,5,4.3255,4.2338567,-0.09164333
2025-01-06,4286,4287,1,4.1615,4.098288,-0.06321192
2025-01-07,4286,4288,2,4.1955,4.123999,-0.07150078
2025-01-08,4286,4289,3,4.2585,4.1484447,-0.11005545
2025-01-13,4286,4290,4,4.3255,4.1728816,-0.15261841
2025-01-14,4286,4291,5,4.3425,4.197357,-0.14514303
2025-01-07,4287,4288,1,4.1955,4.1599307,-0.03556919
2025-01-08,4287,4289,2,4.2585,4.1835585,-0.074941635
2025-01-13,4287,4290,3,4.3255,4.2078853,-0.117614746
2025-01-14,4287,4291,4,4.3425,4.232199,-0.11030102
2025-01-15,4287,4292,5,4.389,4.2562594,-0.1327405
2025-01-08,4288,4289,1,4.2585,4.2038236,-0.054676533
2025-01-13,4288,4290,2,4.3255,4.2276506,-0.09784937
2025-01-14,4288,4291,3,4.3425,4.251875,-0.090625286
2025-01-15,4288,4292,4,4.389,4.2758183,-0.11318159
2025-01-16,4288,4293,5,4.441,4.2993913,-0.14160872
2025-01-13,4289,4290,1,4.3255,4.258863,-0.06663704
2025-01-14,4289,4291,2,4.3425,4.2822633,-0.06023693
2025-01-15,4289,4292,3,4.389,4.306028,-0.08297205
2025-01-16,4289,4293,4,4.441,4.3293853,-0.111614704
2025-01-21,4289,4294,5,4.341,4.3522754,0.011275291
2025-01-14,4290,4291,1,4.3425,4.320389,-0.022111416
2025-01-15,4290,4292,2,4.389,4.34307,-0.04592991
2025-01-16,4290,4293,3,4.441,4.3661513,-0.07484865
2025-01-21,4290,4294,4,4.341,4.3887258,0.047725677
2025-01-22,4290,4295,5,4.301,4.410755,0.10975504
2025-01-15,4291,4292,1,4.389,4.355751,-0.0332489
2025-01-16,4291,4293,2,4.441,4.3784513,-0.06254864
2025-01-21,4291,4294,3,4.341,4.4009185,0.059918404
2025-01-22,4291,4295,4,4.301,4.4228287,0.121828556
2025-01-23,4291,4296,5,4.3055,4.4442368,0.13873672
2025-01-16,4292,4293,1,4.441,4.3975477,-0.043452263
2025-01-21,4292,4294,2,4.341,4.4194183,0.078418255
2025-01-22,4292,4295,3,4.301,4.4411473,0.14014721
2025-01-23,4292,4296,4,4.3055,4.462358,0.15685797
2025-01-27,4292,4297,5,4.2079997,4.483069,0.27506924
2025-01-21,4293,4294,1,4.341,4.444412,0.10341215
2025-01-22,4293,4295,2,4.301,4.4653234,0.16432333
2025-01-23,4293,4296,3,4.3055,4.486269,0.18076897
2025-01-27,4293,4297,4,4.2079997,4.506696,0.29869652
2025-01-28,4293,4298,5,4.2245,4.5266023,0.3021021
2025-01-22,4294,4295,1,4.301,4.405737,0.104736805
2025-01-23,4294,4296,2,4.3055,4.4286265,0.12312651
2025-01-27,4294,4297,3,4.2079997,4.44969,0.24169016
2025-01-28,4294,4298,4,4.2245,4.4702764,0.24577618
2025-01-29,4294,4299,5,4.2605,4.4905996,0.23009968
2025-01-23,4295,4296,1,4.3055,4.36833,0.06282997
2025-01-27,4295,4297,2,4.2079997,4.391268,0.18326807
2025-01-28,4295,4298,3,4.2245,4.412431,0.18793058
2025-01-29,4295,4299,4,4.2605,4.433382,0.17288208
2025-01-30,4295,4300,5,4.3075,4.4542184,0.1467185
2025-01-27,4296,4297,1,4.2079997,4.3551435,0.14714384
2025-01-28,4296,4298,2,4.2245,4.3773947,0.1528945
2025-01-29,4296,4299,3,4.2605,4.3986635,0.13816357
2025-01-30,4296,4300,4,4.3075,4.4198527,0.11235285
2025-02-03,4296,4301,5,4.3055,4.440923,0.13542318
2025-01-28,4297,4298,1,4.2245,4.2928457,0.06834555
2025-01-29,4297,4299,2,4.2605,4.316541,0.05604124
2025-01-30,4297,4300,3,4.3075,4.3383875,0.030887604
2025-02-03,4297,4301,4,4.3055,4.360205,0.054705143
2025-02-04,4297,4302,5,4.3535004,4.382074,0.028573513
2025-01-29,4298,4299,1,4.2605,4.2773557,0.016855717
2025-01-30,4298,4300,2,4.3075,4.300274,-0.0072259903
2025-02-03,4298,4301,3,4.3055,4.3223557,0.016855717
2025-02-04,4298,4302,4,4.3535004,4.344534,-0.008966446
2025-02-05,4298,4303,5,4.444,4.366709,-0.077290535
2025-01-30,4299,4300,1,4.3075,4.2906184,-0.016881466
2025-02-03,4299,4301,2,4.3055,4.312965,0.0074648857
2025-02-04,4299,4302,3,4.3535004,4.3352084,-0.01829195
2025-02-05,4299,4303,4,4.444,4.3574595,-0.08654022
2025-02-06,4299,4304,5,4.461,4.379572,-0.08142805
2025-02-03,4300,4301,1,4.3055,4.3226395,0.017139435
2025-02-04,4300,4302,2,4.3535004,4.344608,-0.008892536
2025-02-05,4300,4303,3,4.444,4.3667884,-0.07721138
2025-02-06,4300,4304,4,4.461,4.3888187,-0.072181225
2025-02-10,4300,4305,5,4.707,4.410568,-0.29643154
2025-02-04,4301,4302,1,4.3535004,4.334775,-0.018725395
2025-02-05,4301,4303,2,4.444,4.3572426,-0.08675718
2025-02-06,4301,4304,3,4.461,4.3793516,-0.08164835
2025-02-10,4301,4305,4,4.707,4.40119,-0.30580997
2025-02-11,4301,4306,5,4.601,4.4227405,-0.17825937
2025-02-05,4302,4303,1,4.444,4.367991,-0.0760088
2025-02-06,4302,4304,2,4.461,4.389777,-0.07122278
2025-02-10,4302,4305,3,4.707,4.4115233,-0.29547644
2025-02-11,4302,4306,4,4.601,4.4329705,-0.16802931
2025-02-12,4302,4307,5,4.7044997,4.454058,-0.25044155
2025-02-06,4303,4304,1,4.461,4.433456,-0.027544022
2025-02-10,4303,4305,2,4.707,4.453812,-0.25318766
2025-02-11,4303,4306,3,4.601,4.4748254,-0.12617445
2025-02-12,4303,4307,4,4.7044997,4.4954414,-0.20905828
2025-02-13,4303,4308,5,4.778,4.5155487,-0.26245117
2025-02-10,4304,4305,1,4.707,4.469674,-0.23732567
2025-02-11,4304,4306,2,4.601,4.490155,-0.11084461
2025-02-12,4304,4307,3,4.7044997,4.5105915,-0.19390821
2025-02-13,4304,4308,4,4.778,4.5305076,-0.24749231
2025-02-18,4304,4309,5,4.6425004,4.5499268,-0.09257364
2025-02-11,4305,4306,1,4.601,4.626957,0.025957108
2025-02-12,4305,4307,2,4.7044997,4.642304,-0.062195778
2025-02-13,4305,4308,3,4.778,4.660305,-0.117694855
2025-02-18,4305,4309,4,4.6425004,4.6777444,0.035243988
2025-02-19,4305,4310,5,4.6140003,4.694351,0.080350876
2025-02-12,4306,4307,1,4.7044997,4.627274,-0.077225685
2025-02-13,4306,4308,2,4.778,4.645874,-0.13212585
2025-02-18,4306,4309,3,4.6425004,4.663558,0.021057606
2025-02-19,4306,4310,4,4.6140003,4.6804123,0.06641197
2025-02-20,4306,4311,5,4.666,4.6967006,0.030700684
2025-02-13,4307,4308,1,4.778,4.69061,-0.087389946
2025-02-18,4307,4309,2,4.6425004,4.706463,0.06396246
2025-02-19,4307,4310,3,4.6140003,4.7225537,0.10855341
2025-02-20,4307,4311,4,4.666,4.738071,0.072071075
2025-02-24,4307,4312,5,4.5635,4.7530093,0.18950939
2025-02-18,4308,4309,1,4.6425004,4.757156,0.114655495
2025-02-19,4308,4310,2,4.6140003,4.771057,0.15705681
2025-02-20,4308,4311,3,4.666,4.7856183,0.119618416
2025-02-24,4308,4312,4,4.5635,4.7996,0.2361002
2025-02-25,4308,4313,5,4.5035,4.812989,0.30948925
2025-02-19,4309,4310,1,4.6140003,4.704398,0.090397835
2025-02-20,4309,4311,2,4.666,4.721834,0.055834293
2025-02-24,4309,4312,3,4.5635,4.737083,0.17358303
2025-02-25,4309,4313,4,4.5035,4.751737,0.24823713
2025-02-26,4309,4314,5,4.5615,4.76609,0.20458984
2025-02-20,4310,4311,1,4.666,4.6693144,0.003314495
2025-02-24,4310,4312,2,4.5635,4.686731,0.123230934
2025-02-25,4310,4313,3,4.5035,4.7023087,0.19880867
2025-02-26,4310,4314,4,4.5615,4.717594,0.15609407
2025-02-27,4310,4315,5,4.6185,4.732689,0.11418867
2025-02-24,4311,4312,1,4.5635,4.6848073,0.12130737
2025-02-25,4311,4313,2,4.5035,4.700464,0.19696379
2025-02-26,4311,4314,3,4.5615,4.715782,0.1542821
2025-02-27,4311,4315,4,4.6185,4.730911,0.112410545
2025-03-03,4311,4316,5,4.607,4.7457614,0.13876152
2025-02-25,4312,4313,1,4.5035,4.6300244,0.12652445
2025-02-26,4312,4314,2,4.5615,4.648162,0.086661816
2025-02-27,4312,4315,3,4.6185,4.6644597,0.045959473
2025-03-03,4312,4316,4,4.607,4.680502,0.073502064
2025-03-04,4312,4317,5,4.5565,4.69641,0.13991022
2025-02-26,4313,4314,1,4.5615,4.5747747,0.01327467
2025-02-27,4313,4315,2,4.6185,4.593857,-0.024643421
2025-03-03,4313,4316,3,4.607,4.611,0.004000187
2025-03-04,4313,4317,4,4.5565,4.628043,0.07154322
2025-03-05,4313,4318,5,4.794,4.6450443,-0.14895582
2025-02-27,4314,4315,1,4.6185,4.586171,-0.032329082
2025-03-03,4314,4316,2,4.607,4.6035995,-0.0034003258
2025-03-04,4314,4317,3,4.5565,4.6207533,0.06425333
2025-03-05,4314,4318,4,4.794,4.637869,-0.15613127
2025-03-06,4314,4319,5,4.8075,4.6547947,-0.1527052
2025-03-03,4315,4316,1,4.607,4.622316,0.0153160095
2025-03-04,4315,4317,2,4.5565,4.638755,0.08225489
2025-03-05,4315,4318,3,4.794,4.655588,-0.138412
2025-03-06,4315,4319,4,4.8075,4.672223,-0.1352768
2025-03-10,4315,4320,5,4.6665,4.6885157,0.022015572
2025-03-04,4316,4317,1,4.5565,4.62988,0.07337999
2025-03-05,4316,4318,2,4.794,4.6470604,-0.14693975
2025-03-06,4316,4319,3,4.8075,4.6638346,-0.14366531
2025-03-10,4316,4320,4,4.6665,4.68027,0.013770103
2025-03-11,4316,4321,5,4.7660003,4.696371,-0.06962919
2025-03-05,4317,4318,1,4.794,4.604521,-0.18947935
2025-03-06,4317,4319,2,4.8075,4.6229415,-0.18455839
2025-03-10,4317,4320,3,4.6665,4.6400375,-0.026462555
2025-03-11,4317,4321,4,4.7660003,4.656815,-0.10918522
2025-03-12,4317,4322,5,4.8494997,4.673359,-0.17614079
2025-03-06,4318,4319,1,4.8075,4.732649,-0.074851036
2025-03-10,4318,4320,2,4.6665,4.745269,0.07876873
2025-03-11,4318,4321,3,4.7660003,4.7601843,-0.005815983
2025-03-12,4318,4322,4,4.8494997,4.7748356,-0.074664116
2025-03-13,4318,4323,5,4.9255,4.7888904,-0.13660955
2025-03-10,4319,4320,1,4.6665,4.7887244,0.12222433
2025-03-11,4319,4321,2,4.7660003,4.8017173,0.03571701
2025-03-12,4319,4322,3,4.8494997,4.815511,-0.033988476
2025-03-13,4319,4323,4,4.9255,4.828711,-0.09678888
2025-03-17,4319,4324,5,4.9589996,4.841334,-0.11766577
2025-03-11,4320,4321,1,4.7660003,4.7306013,-0.03539896
2025-03-12,4320,4322,2,4.8494997,4.747524,-0.10197592
2025-03-13,4320,4323,3,4.9255,4.7621236,-0.16337633
2025-03-17,4320,4324,4,4.9589996,4.7761436,-0.18285608
2025-03-18,4320,4325,5,5.0165,4.789886,-0.226614
2025-03-12,4321,4322,1,4.8494997,4.768094,-0.08140564
2025-03-13,4321,4323,2,4.9255,4.781799,-0.14370108
2025-03-17,4321,4324,3,4.9589996,4.7954216,-0.16357803
2025-03-18,4321,4325,4,5.0165,4.808767,-0.20773315
2025-03-19,4321,4326,5,5.1,4.8217506,-0.27824926
2025-03-13,4322,4323,1,4.9255,4.8291183,-0.096381664
2025-03-17,4322,4324,2,4.9589996,4.8405933,-0.118406296
2025-03-18,4322,4325,3,5.0165,4.852959,-0.16354084
2025-03-19,4322,4326,4,5.1,4.864968,-0.23503208
2025-03-20,4322,4327,5,5.112,4.8765154,-0.2354846
2025-03-17,4323,4324,1,4.9589996,4.896671,-0.062328815
2025-03-18,4323,4325,2,5.0165,4.9063535,-0.11014652
2025-03-19,4323,4326,3,5.1,4.9170933,-0.18290663
2025-03-20,4323,4327,4,5.112,4.92739,-0.18460989
2025-03-24,4323,4328,5,5.0924997,4.937188,-0.15531158
2025-03-18,4324,4325,1,5.0165,4.942663,-0.0738368
2025-03-19,4324,4326,2,5.1,4.9515886,-0.14841127
2025-03-20,4324,4327,3,5.112,4.961002,-0.15099812
2025-03-24,4324,4328,4,5.0924997,4.969935,-0.12256479
2025-03-25,4324,4329,5,5.185,4.978422,-0.20657778
2025-03-19,4325,4326,1,5.1,4.994633,-0.10536671
2025-03-20,4325,4327,2,5.112,5.0018177,-0.110182285
2025-03-24,4325,4328,3,5.0924997,5.009641,-0.08285856
2025-03-25,4325,4329,4,5.185,5.017047,-0.16795301
2025-03-26,4325,4330,5,5.2184997,5.024044,-0.19445562
2025-03-20,4326,4327,1,5.112,5.0632734,-0.04872656
2025-03-24,4326,4328,2,5.0924997,5.0677743,-0.024725437
2025-03-25,4326,4329,3,5.185,5.073485,-0.111515045
2025-03-26,4326,4330,4,5.2184997,5.07884,-0.13965988
2025-03-27,4326,4331,5,5.0985,5.0838056,-0.014694214
2025-03-24,4327,4328,1,5.0924997,5.096226,0.0037264824
2025-03-25,4327,4329,2,5.185,5.1003456,-0.08465433
2025-03-26,4327,4330,3,5.2184997,5.1048717,-0.11362791
2025-03-27,4327,4331,4,5.0985,5.1090393,0.010539532
2025-03-31,4327,4332,5,5.034,5.1129165,0.07891655
2025-03-25,4328,4329,1,5.185,5.098168,-0.08683205
2025-03-26,4328,4330,2,5.2184997,5.102817,-0.1156826
2025-03-27,4328,4331,3,5.0985,5.107049,0.008549213
2025-03-31,4328,4332,4,5.034,5.110988,0.07698822
2025-04-01,4328,4333,5,5.035,5.1147394,0.07973957
2025-03-26,4329,4330,1,5.2184997,5.1535416,-0.064958096
2025-03-27,4329,4331,2,5.0985,5.1548567,0.056356907
2025-03-31,4329,4332,3,5.034,5.1572533,0.123253345
2025-04-01,4329,4333,4,5.035,5.159523,0.12452316
2025-04-02,4329,4334,5,5.0405,5.1615896,0.12108946
2025-03-27,4330,4331,1,5.0985,5.1928196,0.09431982
2025-03-31,4330,4332,2,5.034,5.1929655,0.15896559
2025-04-01,4330,4333,3,5.035,5.194026,0.15902615
2025-04-02,4330,4334,4,5.0405,5.194936,0.15443563
2025-04-03,4330,4335,5,4.8285,5.1956906,0.36719084
2025-03-31,4331,4332,1,5.034,5.137757,0.103756905
2025-04-01,4331,4333,2,5.035,5.1420617,0.10706186
2025-04-02,4331,4334,3,5.0405,5.1447124,0.104212284
2025-04-03,4331,4335,4,4.8285,5.1471343,0.3186345
2025-04-07,4331,4336,5,4.186,5.1495447,0.96354485
2025-04-01,4332,4333,1,5.035,5.081324,0.046324253
2025-04-02,4332,4334,2,5.0405,5.087399,0.04689884
2025-04-03,4332,4335,3,4.8285,5.0916247,0.26312494
2025-04-07,4332,4336,4,4.186,5.0957737,0.9097738
2025-04-08,4332,4337,5,4.144,5.0999537,0.9559536
2025-04-02,4333,4334,1,5.0405,5.060303,0.019803047
2025-04-03,4333,4335,2,4.8285,5.066014,0.23751402
2025-04-07,4333,4336,3,4.186,5.0709324,0.8849325
2025-04-08,4333,4337,4,4.144,5.075858,0.93185806
2025-04-09,4333,4338,5,4.1925,5.080757,0.888257
2025-04-03,4334,4335,1,4.8285,5.054436,0.22593641
2025-04-07,4334,4336,2,4.186,5.059983,0.8739829
2025-04-08,4334,4337,3,4.144,5.0652328,0.9212327
2025-04-09,4334,4338,4,4.1925,5.070447,0.87794685
2025-04-10,4334,4339,5,4.3364997,5.0755744,0.7390747
2025-04-07,4335,4336,1,4.186,4.9277453,0.7417455
2025-04-08,4335,4337,2,4.144,4.939811,0.7958112
2025-04-09,4335,4338,3,4.1925,4.9484553,0.7559552
2025-04-10,4335,4339,4,4.3364997,4.956932,0.6204324
2025-04-14,4335,4340,5,4.6255,4.965507,0.34000683
2025-04-08,4336,4337,1,4.144,4.505366,0.3613658
2025-04-09,4336,4338,2,4.1925,4.531664,0.33916378
2025-04-10,4336,4339,3,4.3364997,4.547849,0.21134949
2025-04-14,4336,4340,4,4.6255,4.564245,-0.06125498
2025-04-15,4336,4341,5,4.6260004,4.581705,-0.04429531
2025-04-09,4337,4338,1,4.1925,4.322323,0.12982273
2025-04-10,4337,4339,2,4.3364997,4.344732,0.008232117
2025-04-14,4337,4340,3,4.6255,4.3630266,-0.26247358
2025-04-15,4337,4341,4,4.6260004,4.382639,-0.24336147
2025-04-16,4337,4342,5,4.6855,4.4033303,-0.28216982
2025-04-10,4338,4339,1,4.3364997,4.2701073,-0.06639242
2025-04-14,4338,4340,2,4.6255,4.290347,-0.3351531
2025-04-15,4338,4341,3,4.6260004,4.3104086,-0.3155918
2025-04-16,4338,4342,4,4.6855,4.3316607,-0.3538394
2025-04-21,4338,4343,5,4.78,4.353543,-0.4264574
2025-04-14,4339,4340,1,4.6255,4.3284,-0.29710007
2025-04-15,4339,4341,2,4.6260004,4.3474374,-0.27856302
2025-04-16,4339,4342,3,4.6855,4.3684473,-0.31705284
2025-04-21,4339,4343,4,4.78,4.3900323,-0.38996792
2025-04-22,4339,4344,5,4.928,4.411608,-0.51639175
2025-04-15,4340,4341,1,4.6260004,4.5179396,-0.10806084
2025-04-16,4340,4342,2,4.6855,4.5334845,-0.15201569
2025-04-21,4340,4343,3,4.78,4.553361,-0.22663927
2025-04-22,4340,4344,4,4.928,4.573059,-0.3549409
2025-04-23,4340,4345,5,4.895,4.5919933,-0.30300665
2025-04-16,4341,4342,1,4.6855,4.595842,-0.08965826
2025-04-21,4341,4343,2,4.78,4.6134024,-0.16659784
2025-04-22,4341,4344,3,4.928,4.632227,-0.29577303
2025-04-23,4341,4345,4,4.895,4.6502557,-0.2447443
2025-04-24,4341,4346,5,4.9105,4.6675143,-0.24298573
2025-04-21,4342,4343,1,4.78,4.665277,-0.114723206
2025-04-22,4342,4344,2,4.928,4.682032,-0.24596786
2025-04-23,4342,4345,3,4.895,4.699221,-0.19577885
2025-04-24,4342,4346,4,4.9105,4.7156253,-0.19487476
2025-04-28,4342,4347,5,4.8645,4.7313175,-0.13318253
2025-04-22,4343,4344,1,4.928,4.7485275,-0.17947245
2025-04-23,4343,4345,2,4.895,4.7628818,-0.13211823
2025-04-24,4343,4346,3,4.9105,4.7780647,-0.13243532
2025-04-28,4343,4347,4,4.8645,4.792531,-0.07196903
2025-04-29,4343,4348,5,4.8725,4.806289,-0.06621075
2025-04-23,4344,4345,1,4.895,4.867068,-0.027932167
2025-04-24,4344,4346,2,4.9105,4.877421,-0.033079147
2025-04-28,4344,4347,3,4.8645,4.8896685,0.025168419
2025-04-29,4344,4348,4,4.8725,4.9012327,0.028732777
2025-04-30,4344,4349,5,4.609,4.912042,0.30304193
2025-04-24,4345,4346,1,4.9105,4.8936815,-0.016818523
2025-04-28,4345,4347,2,4.8645,4.9051337,0.04063368
2025-04-29,4345,4348,3,4.8725,4.916317,0.043817043
2025-04-30,4345,4349,4,4.609,4.926754,0.3177538
2025-05-01,4345,4350,5,4.6280003,4.9366436,0.30864334
2025-04-28,4346,4347,1,4.8645,4.914934,0.050434113
2025-04-29,4346,4348,2,4.8725,4.9256315,0.05313158
2025-04-30,4346,4349,3,4.609,4.935833,0.32683277
2025-05-01,4346,4350,4,4.6280003,4.9454923,0.317492
2025-05-05,4346,4351,5,4.699,4.954727,0.2557273
2025-04-29,4347,4348,1,4.8725,4.8962183,0.023718357
2025-04-30,4347,4349,2,4.609,4.9078717,0.29887152
2025-05-01,4347,4350,3,4.6280003,4.9182343,0.2902341
2025-05-05,4347,4351,4,4.699,4.9281588,0.22915888
2025-05-06,4347,4352,5,4.778,4.9377966,0.15979671
2025-04-30,4348,4349,1,4.609,4.8940406,0.28504038
2025-05-01,4348,4350,2,4.6280003,4.905078,0.27707767
2025-05-05,4348,4351,3,4.699,4.915328,0.21632814
2025-05-06,4348,4352,4,4.778,4.9252844,0.14728451
2025-05-07,4348,4353,5,4.6595,4.9349837,0.2754836
2025-05-01,4349,4350,1,4.6280003,4.7386656,0.11066532
2025-05-05,4349,4351,2,4.699,4.7564774,0.057477474
2025-05-06,4349,4352,3,4.778,4.7699404,-0.008059502
2025-05-07,4349,4353,4,4.6595,4.783121,0.12362099
2025-05-08,4349,4354,5,4.604,4.796406,0.1924057
2025-05-05,4350,4351,1,4.699,4.6920743,-0.006925583
2025-05-06,4350,4352,2,4.778,4.708217,-0.069782734
2025-05-07,4350,4353,3,4.6595,4.7225556,0.063055515
2025-05-08,4350,4354,4,4.604,4.737013,0.13301277
2025-05-12,4350,4355,5,4.6210003,4.7515063,0.13050604
2025-05-06,4351,4352,1,4.778,4.71224,-0.06575966
2025-05-07,4351,4353,2,4.6595,4.7264123,0.066912174
2025-05-08,4351,4354,3,4.604,4.740799,0.13679886
2025-05-12,4351,4355,4,4.6210003,4.755221,0.1342206
2025-05-13,4351,4356,5,4.723,4.769453,0.046453
2025-05-07,4352,4353,1,4.6595,4.7646036,0.10510349
2025-05-08,4352,4354,2,4.604,4.777355,0.1733551
2025-05-12,4352,4355,3,4.6210003,4.7910614,0.17006111
2025-05-13,4352,4356,4,4.723,4.8045735,0.08157349
2025-05-14,4352,4357,5,4.6505003,4.8177075,0.16720724
2025-05-08,4353,4354,1,4.604,4.7162204,0.11222029
2025-05-12,4353,4355,2,4.6210003,4.732549,0.1115489
2025-05-13,4353,4356,3,4.723,4.7472143,0.024214268
2025-05-14,4353,4357,4,4.6505003,4.761507,0.11100674
2025-05-15,4353,4358,5,4.6835,4.7755904,0.09209061
2025-05-12,4354,4355,1,4.6210003,4.6673183,0.046318054
2025-05-13,4354,4356,2,4.723,4.684661,-0.038339138
2025-05-14,4354,4357,3,4.6505003,4.700092,0.04959154
2025-05-15,4354,4358,4,4.6835,4.715329,0.031829357
2025-05-19,4354,4359,5,4.6705003,4.7304554,0.05995512
2025-05-13,4355,4356,1,4.723,4.657773,-0.06522703
2025-05-14,4355,4357,2,4.6505003,4.674279,0.023778915
2025-05-15,4355,4358,3,4.6835,4.6899624,0.006462574
2025-05-19,4355,4359,4,4.6705003,4.7055435,0.03504324
2025-05-20,4355,4360,5,4.6540003,4.7209516,0.066951275
2025-05-14,4356,4357,1,4.6505003,4.712115,0.061614513
2025-05-15,4356,4358,2,4.6835,4.7262473,0.042747498
2025-05-19,4356,4359,3,4.6705003,4.7411757,0.07067537
2025-05-20,4356,4360,4,4.6540003,4.7559204,0.10192013
2025-05-21,4356,4361,5,4.672,4.770286,0.09828615
2025-05-15,4357,4358,1,4.6835,4.6904583,0.0069584846
2025-05-19,4357,4359,2,4.6705003,4.706876,0.036375523
2025-05-20,4357,4360,3,4.6540003,4.722257,0.068256855
2025-05-21,4357,4361,4,4.672,4.7372665,0.06526661
2025-05-22,4357,4362,5,4.6795,4.7519965,0.072496414
2025-05-19,4358,4359,1,4.6705003,4.7028356,0.03233528
2025-05-20,4358,4360,2,4.6540003,4.7183843,0.06438398
2025-05-21,4358,4361,3,4.672,4.733465,0.061465263
2025-05-22,4358,4362,4,4.6795,4.748267,0.06876707
2025-05-27,4358,4363,5,4.7149997,4.7627573,0.047757626
2025-05-20,4359,4360,1,4.6540003,4.699605,0.045604706
2025-05-21,4359,4361,2,4.672,4.715467,0.043467045
2025-05-22,4359,4362,3,4.6795,4.730603,0.051103115
2025-05-27,4359,4363,4,4.7149997,4.7454314,0.030431747
2025-05-28,4359,4364,5,4.6505003,4.7599683,0.10946798
2025-05-21,4360,4361,1,4.672,4.6889806,0.016980648
2025-05-22,4360,4362,2,4.6795,4.7052116,0.025711536
2025-05-27,4360,4363,3,4.7149997,4.720506,0.0055065155
2025-05-28,4360,4364,4,4.6505003,4.7355146,0.08501434
2025-05-29,4360,4365,5,4.6755,4.7502637,0.074763775
2025-05-22,4361,4362,1,4.6795,4.695353,0.015852928
2025-05-27,4361,4363,2,4.7149997,4.7110543,-0.0039453506
2025-05-28,4361,4364,3,4.6505003,4.7262354,0.07573509
2025-05-29,4361,4365,4,4.6755,4.741159,0.065659046
2025-06-02,4361,4366,5,4.8585,4.7557964,-0.10270357
2025-05-27,4362,4363,1,4.7149997,4.7018495,-0.013150215
2025-05-28,4362,4364,2,4.6505003,4.717413,0.06691265
2025-05-29,4362,4365,3,4.6755,4.7325,0.05700016
2025-06-02,4362,4366,4,4.8585,4.7473025,-0.11119747
2025-06-03,4362,4367,5,4.8339996,4.7618036,-0.07219601
2025-05-28,4363,4364,1,4.6505003,4.7250495,0.0745492
2025-05-29,4363,4365,2,4.6755,4.7398148,0.06431484
2025-06-02,4363,4366,3,4.8585,4.754478,-0.104022026
2025-06-03,4363,4367,4,4.8339996,4.768839,-0.06516075
2025-06-04,4363,4368,5,4.8865,4.782849,-0.10365105
2025-05-29,4364,4365,1,4.6755,4.6964927,0.020992756
2025-06-02,4364,4366,2,4.8585,4.712974,-0.14552593
2025-06-03,4364,4367,3,4.8339996,4.728119,-0.10588074
2025-06-04,4364,4368,4,4.8865,4.742919,-0.14358091
2025-06-05,4364,4369,5,4.933,4.7574763,-0.17552376
2025-06-02,4365,4366,1,4.8585,4.7007823,-0.1577177
2025-06-03,4365,4367,2,4.8339996,4.7164335,-0.11756611
2025-06-04,4365,4368,3,4.8865,4.7314496,-0.15505028
2025-06-05,4365,4369,4,4.933,4.7462254,-0.18677473
2025-06-09,4365,4370,5,4.925,4.7607293,-0.16427088
2025-06-03,4366,4367,1,4.8339996,4.807967,-0.026032448
2025-06-04,4366,4368,2,4.8865,4.8189793,-0.06752062
2025-06-05,4366,4369,3,4.933,4.8319836,-0.10101652
2025-06-09,4366,4370,4,4.925,4.8447113,-0.08028889
2025-06-10,4366,4371,5,4.9,4.8568974,-0.04310274
2025-06-04,4367,4368,1,4.8865,4.8341217,-0.052378178
2025-06-05,4367,4369,2,4.933,4.846426,-0.08657408
2025-06-09,4367,4370,3,4.925,4.8588295,-0.06617069
2025-06-10,4367,4371,4,4.9,4.870695,-0.029304981
2025-06-11,4367,4372,5,4.8145,4.8820972,0.06759739
2025-06-05,4368,4369,1,4.933,4.876913,-0.056087017
2025-06-09,4368,4370,2,4.925,4.887868,-0.037132263
2025-06-10,4368,4371,3,4.9,4.8990507,-0.0009493828
2025-06-11,4368,4372,4,4.8145,4.909779,0.09527922
2025-06-12,4368,4373,5,4.8355,4.920063,0.084563255
2025-06-09,4369,4370,1,4.925,4.9205365,-0.0044636726
2025-06-10,4369,4371,2,4.9,4.9301143,0.030114174
2025-06-11,4369,4372,3,4.8145,4.9400697,0.12556982
2025-06-12,4369,4373,4,4.8355,4.949595,0.11409521
2025-06-16,4369,4374,5,4.836,4.9586945,0.12269449
2025-06-10,4370,4371,1,4.9,4.932717,0.03271675
2025-06-11,4370,4372,2,4.8145,4.9425416,0.12804174
2025-06-12,4370,4373,3,4.8355,4.9520035,0.116503716
2025-06-16,4370,4374,4,4.836,4.9610405,0.12504053
2025-06-17,4370,4375,5,4.809,4.9697328,0.16073275
2025-06-11,4371,4372,1,4.8145,4.923455,0.10895538
2025-06-12,4371,4373,2,4.8355,4.933871,0.09837103
2025-06-16,4371,4374,3,4.836,4.943374,0.10737419
2025-06-17,4371,4375,4,4.809,4.9525247,0.14352465
2025-06-18,4371,4376,5,4.8529997,4.961414,0.10841417
2025-06-12,4372,4373,1,4.8355,4.870281,0.034781456
2025-06-16,4372,4374,2,4.836,4.8828745,0.046874523
2025-06-17,4372,4375,3,4.809,4.8935146,0.08451462
2025-06-18,4372,4376,4,4.8529997,4.90387,0.05087042
2025-06-23,4372,4377,5,4.843,4.9140906,0.0710907
2025-06-16,4373,4374,1,4.836,4.862596,0.02659607
2025-06-17,4373,4375,2,4.809,4.874197,0.06519699
2025-06-18,4373,4376,3,4.8529997,4.8850074,0.032007694
2025-06-23,4373,4377,4,4.843,4.895678,0.05267811
2025-06-24,4373,4378,5,4.867,4.9061713,0.03917122
2025-06-17,4374,4375,1,4.809,4.8586955,0.04969549
2025-06-18,4374,4376,2,4.8529997,4.8702374,0.017237663
2025-06-23,4374,4377,3,4.843,4.8812532,0.038253307
2025-06-24,4374,4378,4,4.867,4.892088,0.025087833
2025-06-25,4374,4379,5,4.913,4.902711,-0.010289192
2025-06-18,4375,4376,1,4.8529997,4.8412724,-0.011727333
2025-06-23,4375,4377,2,4.843,4.8536425,0.0106425285
2025-06-24,4375,4378,3,4.867,4.865113,-0.0018873215
2025-06-25,4375,4379,4,4.913,4.8763657,-0.036634445
2025-06-26,4375,4380,5,5.0924997,4.8874216,-0.20507812
2025-06-23,4376,4377,1,4.843,4.8604736,0.017473698
2025-06-24,4376,4378,2,4.867,4.871624,0.00462389
2025-06-25,4376,4379,3,4.913,4.8827267,-0.030273438
2025-06-26,4376,4380,4,5.0924997,4.893634,-0.19886589
2025-06-30,4376,4381,5,5.0825,4.9042683,-0.17823172
2025-06-24,4377,4378,1,4.867,4.861442,-0.005558014
2025-06-25,4377,4379,2,4.913,4.873026,-0.039974213
2025-06-26,4377,4380,3,5.0924997,4.8841596,-0.20834017
2025-06-30,4377,4381,4,5.0825,4.895019,-0.18748093
2025-07-01,4377,4382,5,5.0994997,4.90561,-0.19388962
2025-06-25,4378,4379,1,4.913,4.8762646,-0.036735535
2025-06-26,4378,4380,2,5.0924997,4.8872447,-0.20525503
2025-06-30,4378,4381,3,5.0825,4.898031,-0.18446875
2025-07-01,4378,4382,4,5.0994997,4.90855,-0.19094992
2025-07-02,4378,4383,5,5.1974998,4.9187756,-0.2787242
2025-06-26,4379,4380,1,5.0924997,4.9086504,-0.18384933
2025-06-30,4379,4381,2,5.0825,4.9183974,-0.16410255
2025-07-01,4379,4382,3,5.0994997,4.928418,-0.17108154
2025-07-02,4379,4383,4,5.1974998,4.9381533,-0.2593465
2025-07-03,4379,4384,5,5.1415,4.947552,-0.19394779
2025-06-30,4380,4381,1,5.0825,5.0254793,-0.057020664
2025-07-01,4380,4382,2,5.0994997,5.0299783,-0.06952143
2025-07-02,4380,4383,3,5.1974998,5.036976,-0.16052389
2025-07-03,4380,4384,4,5.1415,5.0437016,-0.09779835
2025-07-07,4380,4385,5,5.026,5.0499387,0.023938656
2025-07-01,4381,4382,1,5.0994997,5.063252,-0.03624773
2025-07-02,4381,4383,2,5.1974998,5.0684357,-0.12906408
2025-07-03,4381,4384,3,5.1415,5.07423,-0.0672698
2025-07-07,4381,4385,4,5.026,5.0795665,0.053566456
2025-07-08,4381,4386,5,5.6855,5.084531,-0.6009693
2025-07-02,4382,4383,1,5.1974998,5.0896053,-0.10789442
2025-07-03,4382,4384,2,5.1415,5.094221,-0.04727888
2025-07-07,4382,4385,3,5.026,5.098944,0.072944164
2025-07-08,4382,4386,4,5.6855,5.1033173,-0.5821829
2025-07-09,4382,4387,5,5.4865,5.1074142,-0.37908554
2025-07-03,4383,4384,1,5.1415,5.157226,0.01572609
2025-07-07,4383,4385,2,5.026,5.1583266,0.1323266
2025-07-08,4383,4386,3,5.6855,5.1607876,-0.52471256
2025-07-09,4383,4387,4,5.4865,5.1630473,-0.32345247
2025-07-10,4383,4388,5,5.591,5.1650424,-0.42595768
2025-07-07,4384,4385,1,5.026,5.1491313,0.123131275
2025-07-08,4384,4386,2,5.6855,5.1521297,-0.5333705
2025-07-09,4384,4387,3,5.4865,5.1546764,-0.33182335
2025-07-10,4384,4388,4,5.591,5.1569476,-0.43405247
2025-07-14,4384,4389,5,5.5505,5.159084,-0.39141607
2025-07-08,4385,4386,1,5.6855,5.080053,-0.6054473
2025-07-09,4385,4387,2,5.4865,5.086688,-0.39981174
2025-07-10,4385,4388,3,5.591,5.091117,-0.49988317
2025-07-14,4385,4389,4,5.5505,5.09533,-0.45516968
2025-07-15,4385,4390,5,5.5775,5.0995407,-0.47795916
2025-07-09,4386,4387,1,5.4865,5.4390106,-0.047489166
2025-07-10,4386,4388,2,5.591,5.421201,-0.16979885
2025-07-14,4386,4389,3,5.5505,5.413251,-0.137249
2025-07-15,4386,4390,4,5.5775,5.405884,-0.17161608
2025-07-16,4386,4391,5,5.526,5.3982363,-0.12776375
2025-07-10,4387,4388,1,5.591,5.4489474,-0.14205265
2025-07-14,4387,4389,2,5.5505,5.4390435,-0.111456394
2025-07-15,4387,4390,3,5.5775,5.430551,-0.14694881
2025-07-16,4387,4391,4,5.526,5.421852,-0.10414791
2025-07-17,4387,4392,5,5.5125003,5.4132824,-0.09921789
2025-07-14,4388,4389,1,5.5505,5.522039,-0.02846098
2025-07-15,4388,4390,2,5.5775,5.507564,-0.0699358
2025-07-16,4388,4391,3,5.526,5.4953904,-0.030609608
2025-07-17,4388,4392,4,5.5125003,5.483579,-0.028921127
2025-07-21,4388,4393,5,5.6375,5.4721203,-0.16537952
2025-07-15,4389,4390,1,5.5775,5.524209,-0.053290844
2025-07-16,4389,4391,2,5.526,5.510814,-0.015185833
2025-07-17,4389,4392,3,5.5125003,5.498288,-0.0142121315
2025-07-21,4389,4393,4,5.6375,5.4861636,-0.1513362
2025-07-22,4389,4394,5,5.7215,5.4745426,-0.2469573
2025-07-16,4390,4391,1,5.526,5.541983,0.015983105
2025-07-17,4390,4392,2,5.5125003,5.5271654,0.014665127
2025-07-21,4390,4393,3,5.6375,5.5136952,-0.12380457
2025-07-22,4390,4394,4,5.7215,5.500822,-0.22067785
2025-07-23,4390,4395,5,5.8195,5.488523,-0.33097696
2025-07-17,4391,4392,1,5.5125003,5.51781,0.0053095818
2025-07-21,4391,4393,2,5.6375,5.5050244,-0.13247538
2025-07-22,4391,4394,3,5.7215,5.4925528,-0.22894716
2025-07-23,4391,4395,4,5.8195,5.4806285,-0.33887148
2025-07-24,4391,4396,5,5.8015,5.4693003,-0.33219957
2025-07-21,4392,4393,1,5.6375,5.5019164,-0.1355834
2025-07-22,4392,4394,2,5.7215,5.489669,-0.23183107
2025-07-23,4392,4395,3,5.8195,5.4778757,-0.34162426
2025-07-24,4392,4396,4,5.8015,5.4666705,-0.33482933
2025-07-28,4392,4397,5,5.5975,5.4560366,-0.14146328
2025-07-22,4393,4394,1,5.7215,5.5689373,-0.15256262
2025-07-23,4393,4395,2,5.8195,5.551331,-0.26816893
2025-07-24,4393,4396,3,5.8015,5.5367174,-0.26478243
2025-07-28,4393,4397,4,5.5975,5.522906,-0.07459402
2025-07-29,4393,4398,5,5.607,5.5096774,-0.097322464
2025-07-23,4394,4395,1,5.8195,5.6404476,-0.17905235
2025-07-24,4394,4396,2,5.8015,5.619035,-0.18246508
2025-07-28,4394,4397,3,5.5975,5.6011868,0.003686905
2025-07-29,4394,4398,4,5.607,5.584216,-0.022783756
2025-07-30,4394,4399,5,5.586,5.5679665,-0.018033504
2025-07-24,4395,4396,1,5.8015,5.723521,-0.07797861
2025-07-28,4395,4397,2,5.5975,5.697351,0.09985113
2025-07-29,4395,4398,3,5.607,5.6753798,0.06837988
2025-07-30,4395,4399,4,5.586,5.65452,0.06852007
2025-07-31,4395,4400,5,4.3545003,5.634609,1.2801089
2025-07-28,4396,4397,1,5.5975,5.74287,0.14537
2025-07-29,4396,4398,2,5.607,5.7171783,0.11017847
2025-07-30,4396,4399,3,5.586,5.694064,0.108064175
2025-07-31,4396,4400,4,4.3545003,5.6720834,1.3175831
2025-08-04,4396,4401,5,4.4375,5.6512165,1.2137165
2025-07-29,4397,4398,1,5.607,5.6320863,0.025086403
2025-07-30,4397,4399,2,5.586,5.615729,0.02972889
2025-07-31,4397,4400,3,4.3545003,5.597824,1.2433238
2025-08-04,4397,4401,4,4.4375,5.5807147,1.1432147
2025-08-05,4397,4402,5,4.386,5.564626,1.1786261
2025-07-30,4398,4399,1,5.586,5.601042,0.015041828
2025-07-31,4398,4400,2,4.3545003,5.584257,1.2297568
2025-08-04,4398,4401,3,4.4375,5.567816,1.1303158
2025-08-05,4398,4402,4,4.386,5.552346,1.1663461
2025-08-06,4398,4403,5,4.413,5.537754,1.124754
2025-07-31,4399,4400,1,4.3545003,5.575451,1.2209506
2025-08-04,4399,4401,2,4.4375,5.55967,1.12217
2025-08-05,4399,4402,3,4.386,5.544592,1.1585917
2025-08-06,4399,4403,4,4.413,5.530364,1.1173639
2025-08-07,4399,4404,5,4.3985,5.5169063,1.1184063
2025-08-04,4400,4401,1,4.4375,4.8367925,0.39929247
2025-08-05,4400,4402,2,4.386,4.863803,0.47780275
2025-08-06,4400,4403,3,4.413,4.872783,0.45978308
2025-08-07,4400,4404,4,4.3985,4.881497,0.48299694
2025-08-11,4400,4405,5,4.44,4.8916483,0.45164824
2025-08-05,4401,4402,1,4.386,4.629904,0.24390364
2025-08-06,4401,4403,2,4.413,4.6482725,0.23527241
2025-08-07,4401,4404,3,4.3985,4.661051,0.26255083
2025-08-11,4401,4405,4,4.44,4.675396,0.23539591
2025-08-12,4401,4406,5,4.5255003,4.690866,0.1653657
2025-08-06,4402,4403,1,4.413,4.506467,0.09346676
2025-08-07,4402,4404,2,4.3985,4.5241327,0.12563276
2025-08-11,4402,4405,3,4.44,4.540276,0.10027599
2025-08-12,4402,4406,4,4.5255003,4.557689,0.032188892
2025-08-13,4402,4407,5,4.4975004,4.5758424,0.07834196
2025-08-07,4403,4404,1,4.3985,4.470054,0.071554184
2025-08-11,4403,4405,2,4.44,4.487947,0.04794693
2025-08-12,4403,4406,3,4.5255003,4.5059443,-0.019556046
2025-08-13,4403,4407,4,4.4975004,4.524742,0.027241707
2025-08-14,4403,4408,5,4.4795003,4.5438495,0.064349174
2025-08-11,4404,4405,1,4.44,4.4466305,0.0066304207
2025-08-12,4404,4406,2,4.5255003,4.4659467,-0.059553623
2025-08-13,4404,4407,3,4.4975004,4.4851723,-0.012328148
2025-08-14,4404,4408,4,4.4795003,4.5047517,0.025251389
2025-08-18,4404,4409,5,4.5360003,4.5243998,-0.011600494
2025-08-12,4405,4406,1,4.5255003,4.4621224,-0.06337786
2025-08-13,4405,4407,2,4.4975004,4.481472,-0.016028404
2025-08-14,4405,4408,3,4.4795003,4.5010915,0.021591187
2025-08-18,4405,4409,4,4.5360003,4.5207834,-0.015216827
2025-08-19,4405,4410,5,4.4885,4.54031,0.051809788
2025-08-13,4406,4407,1,4.4975004,4.518027,0.02052641
2025-08-14,4406,4408,2,4.4795003,4.5364037,0.056903362
2025-08-18,4406,4409,3,4.5360003,4.555667,0.019666672
2025-08-19,4406,4410,4,4.4885,4.574734,0.08623409
2025-08-20,4406,4411,5,4.5105,4.59339,0.08289003
2025-08-14,4407,4408,1,4.4795003,4.5245457,0.045045376
2025-08-18,4407,4409,2,4.5360003,4.544228,0.008227825
2025-08-19,4407,4410,3,4.4885,4.5634465,0.0749464
2025-08-20,4407,4411,4,4.5105,4.582262,0.071762085
2025-08-21,4407,4412,5,4.5115004,4.600698,0.089197636
2025-08-18,4408,4409,1,4.5360003,4.518194,-0.017806053
2025-08-19,4408,4410,2,4.4885,4.538333,0.04983282
2025-08-20,4408,4411,3,4.5105,4.5574827,0.046982765
2025-08-21,4408,4412,4,4.5115004,4.5762706,0.06477022
2025-08-25,4408,4413,5,4.5265,4.594744,0.06824398
2025-08-19,4409,4410,1,4.4885,4.5486217,0.060121536
2025-08-20,4409,4411,2,4.5105,4.5674024,0.05690241
2025-08-21,4409,4412,3,4.5115004,4.586054,0.07455349
2025-08-25,4409,4413,4,4.5265,4.6043854,0.07788515
2025-08-26,4409,4414,5,4.51,4.622327,0.11232662
2025-08-20,4410,4411,1,4.5105,4.532633,0.022132874
2025-08-21,4410,4412,2,4.5115004,4.5525393,0.04103899
2025-08-25,4410,4413,3,4.5265,4.5713377,0.044837475
2025-08-26,4410,4414,4,4.51,4.5897665,0.07976627
2025-08-27,4410,4415,5,4.4715,4.6079016,0.13640165
2025-08-21,4411,4412,1,4.5115004,4.539744,0.028243542
2025-08-25,4411,4413,2,4.5265,4.5590024,0.032502174
2025-08-26,4411,4414,3,4.51,4.577601,0.06760073
2025-08-27,4411,4415,4,4.4715,4.5959144,0.124414444
2025-08-28,4411,4416,5,4.539,4.6139193,0.074919224
2025-08-25,4412,4413,1,4.5265,4.5426717,0.016171455
2025-08-26,4412,4414,2,4.51,4.56186,0.051859856
2025-08-27,4412,4415,3,4.4715,4.5803933,0.108893394
2025-08-28,4412,4416,4,4.539,4.5986276,0.059627533
2025-09-02,4412,4417,5,4.6410003,4.6165547,-0.024445534
2025-08-26,4413,4414,1,4.51,4.5525093,0.04250908
2025-08-27,4413,4415,2,4.4715,4.571382,0.099882126
2025-08-28,4413,4416,3,4.539,4.589744,0.050744057
2025-09-02,4413,4417,4,4.6410003,4.607804,-0.03319645
2025-09-03,4413,4418,5,4.63,4.6255417,-0.0044584274
2025-08-27,4414,4415,1,4.4715,4.5467944,0.075294495
2025-08-28,4414,4416,2,4.539,4.566052,0.027051926
2025-09-02,4414,4417,3,4.6410003,4.584448,-0.05655241
2025-09-03,4414,4418,4,4.63,4.602537,-0.02746296
2025-09-04,4414,4419,5,4.5585,4.620341,0.06184101
2025-08-28,4415,4416,1,4.539,4.5225024,-0.016497612
2025-09-02,4415,4417,2,4.6410003,4.5424595,-0.09854078
2025-09-03,4415,4418,3,4.63,4.5611258,-0.06887436
2025-09-04,4415,4419,4,4.5585,4.579533,0.021033287
2025-09-08,4415,4420,5,4.5595,4.5977354,0.038235188
2025-09-02,4416,4417,1,4.6410003,4.5519943,-0.08900595
2025-09-03,4416,4418,2,4.63,4.5703173,-0.059682846
2025-09-04,4416,4419,3,4.5585,4.5885983,0.030098438
2025-09-08,4416,4420,4,4.5595,4.6066675,0.0471673
2025-09-09,4416,4421,5,4.5695,4.6244116,0.054911613
2025-09-03,4417,4418,1,4.63,4.621779,-0.008221149
2025-09-04,4417,4419,2,4.5585,4.638109,0.079609394
2025-09-08,4417,4420,3,4.5595,4.65542,0.09591961
2025-09-09,4417,4421,4,4.5695,4.6723814,0.10288143
2025-09-10,4417,4422,5,4.618,4.688838,0.070837975
2025-09-04,4418,4419,1,4.5585,4.6428714,0.08437157
2025-09-08,4418,4420,2,4.5595,4.659993,0.100492954
2025-09-09,4418,4421,3,4.5695,4.6768785,0.10737848
2025-09-10,4418,4422,4,4.618,4.693257,0.075256824
2025-09-11,4418,4423,5,4.658,4.709179,0.051178932
2025-09-08,4419,4420,1,4.5595,4.6110706,0.051570415
2025-09-09,4419,4421,2,4.5695,4.629875,0.060375214
2025-09-10,4419,4422,3,4.618,4.647032,0.029031754
2025-09-11,4419,4423,4,4.658,4.663749,0.0057492256
2025-09-15,4419,4424,5,4.7174997,4.6801867,-0.037312984
2025-09-09,4420,4421,1,4.5695,4.5999904,0.030490398
2025-09-10,4420,4422,2,4.618,4.6182942,0.00029420853
2025-09-11,4420,4423,3,4.658,4.635466,-0.022533894
2025-09-15,4420,4424,4,4.7174997,4.652372,-0.06512785
2025-09-16,4420,4425,5,4.694,4.669033,-0.024966717
2025-09-10,4421,4422,1,4.618,4.600632,-0.01736784
2025-09-11,4421,4423,2,4.658,4.6184773,-0.039522648
2025-09-15,4421,4424,3,4.7174997,4.6356487,-0.081851006
2025-09-16,4421,4425,4,4.694,4.652584,-0.04141569
2025-09-17,4421,4426,5,4.632,4.6692533,0.03725338
2025-09-11,4422,4423,1,4.658,4.6285367,-0.029463291
2025-09-15,4422,4424,2,4.7174997,4.645319,-0.07218075
2025-09-16,4422,4425,3,4.694,4.6620984,-0.03190136
2025-09-17,4422,4426,4,4.632,4.6786084,0.046608448
2025-09-18,4422,4427,5,4.6005,4.694766,0.09426594
2025-09-15,4423,4424,1,4.7174997,4.662392,-0.055107594
2025-09-16,4423,4425,2,4.694,4.6784916,-0.015508175
2025-09-17,4423,4426,3,4.632,4.6947227,0.06272268
2025-09-18,4423,4427,4,4.6005,4.7105956,0.1100955
2025-09-22,4423,4428,5,4.6075,4.726055,0.11855507
2025-09-16,4424,4425,1,4.694,4.7104487,0.016448975
2025-09-17,4424,4426,2,4.632,4.725356,0.09335613
2025-09-18,4424,4427,3,4.6005,4.7406683,0.14016819
2025-09-22,4424,4428,4,4.6075,4.7555614,0.14806128
2025-09-23,4424,4429,5,4.6195,4.769979,0.15047884
2025-09-17,4425,4426,1,4.632,4.715805,0.083805084
2025-09-18,4425,4427,2,4.6005,4.731522,0.13102198
2025-09-22,4425,4428,3,4.6075,4.7465897,0.13908958
2025-09-23,4425,4429,4,4.6195,4.7611833,0.1416831
2025-09-24,4425,4430,5,4.7885,4.7753887,-0.0131111145
2025-09-18,4426,4427,1,4.6005,4.682831,0.082330704
2025-09-22,4426,4428,2,4.6075,4.6999288,0.092428684
2025-09-23,4426,4429,3,4.6195,4.715393,0.095892906
2025-09-24,4426,4430,4,4.7885,4.730477,-0.058022976
2025-09-25,4426,4431,5,4.7325,4.745318,0.01281786
2025-09-22,4427,4428,1,4.6075,4.652121,0.04462099
2025-09-23,4427,4429,2,4.6195,4.6695166,0.050016403
2025-09-24,4427,4430,3,4.7885,4.6854076,-0.10309219
2025-09-25,4427,4431,4,4.7325,4.7010694,-0.03143072
2025-09-29,4427,4432,5,4.892,4.716554,-0.17544603
2025-09-23,4428,4429,1,4.6195,4.6436286,0.024128437
2025-09-24,4428,4430,2,4.7885,4.6605463,-0.12795353
2025-09-25,4428,4431,3,4.7325,4.676629,-0.05587101
2025-09-29,4428,4432,4,4.892,4.6925445,-0.19945574
2025-09-30,4428,4433,5,4.8564997,4.7082543,-0.14824533
2025-09-24,4429,4430,1,4.7885,4.646552,-0.14194775
2025-09-25,4429,4431,2,4.7325,4.6631894,-0.069310665
2025-09-29,4429,4432,3,4.892,4.6793313,-0.2126689
2025-09-30,4429,4433,4,4.8564997,4.6952734,-0.16122627
2025-10-01,4429,4434,5,4.8825,4.710961,-0.1715393
2025-09-25,4430,4431,1,4.7325,4.74547,0.012969971
2025-09-29,4430,4432,2,4.892,4.7581844,-0.13381577
2025-09-30,4430,4433,3,4.8564997,4.7726703,-0.0838294
2025-10-01,4430,4434,4,4.8825,4.786885,-0.09561539
2025-10-02,4430,4435,5,4.9495,4.800572,-0.14892817
2025-09-29,4431,4432,1,4.892,4.750649,-0.14135122
2025-09-30,4431,4433,2,4.8564997,4.765463,-0.0910368
2025-10-01,4431,4434,3,4.8825,4.7798223,-0.10267782
2025-10-02,4431,4435,4,4.9495,4.7936554,-0.15584469
2025-10-06,4431,4436,5,5.038,4.80707,-0.23093033
2025-09-30,4432,4433,1,4.8564997,4.8475766,-0.008923054
2025-10-01,4432,4434,2,4.8825,4.8581944,-0.02430582
2025-10-02,4432,4435,3,4.9495,4.870321,-0.07917929
2025-10-06,4432,4436,4,5.038,4.882039,-0.15596104
2025-10-07,4432,4437,5,5.0975,4.893196,-0.20430374
2025-10-01,4433,4434,1,4.8825,4.8633885,-0.019111633
2025-10-02,4433,4435,2,4.9495,4.8752685,-0.074231625
2025-10-06,4433,4436,3,5.038,4.88687,-0.1511302
2025-10-07,4433,4437,4,5.0975,4.897912,-0.19958782
2025-10-08,4433,4438,5,5.0944996,4.908517,-0.1859827
2025-10-02,4434,4435,1,4.9495,4.8864,-0.06309986
2025-10-06,4434,4436,2,5.038,4.8974648,-0.14053535
2025-10-07,4434,4437,3,5.0975,4.908252,-0.18924809
2025-10-08,4434,4438,4,5.0944996,4.918604,-0.17589569
2025-10-09,4434,4439,5,5.123,4.928574,-0.19442606
2025-10-06,4435,4436,1,5.038,4.9342275,-0.10377264
2025-10-07,4435,4437,2,5.0975,4.943194,-0.15430593
2025-10-08,4435,4438,3,5.0944996,4.9526644,-0.14183521
2025-10-09,4435,4439,4,5.123,4.961769,-0.16123104
2025-10-13,4435,4440,5,5.144,4.970474,-0.17352629
2025-10-07,4436,4437,1,5.0975,5.0036764,-0.09382343
2025-10-08,4436,4438,2,5.0944996,5.0100174,-0.08448219
2025-10-09,4436,4439,3,5.123,5.0175653,-0.105434895
2025-10-13,4436,4440,4,5.144,5.0247526,-0.11924744
2025-10-14,4436,4441,5,5.0230002,5.0315156,0.008515358
2025-10-08,4437,4438,1,5.0944996,5.064749,-0.029750824
2025-10-09,4437,4439,2,5.123,5.0693283,-0.053671837
2025-10-13,4437,4440,3,5.144,5.0749974,-0.06900263
2025-10-14,4437,4441,4,5.0230002,5.0802913,0.05729103
2025-10-15,4437,4442,5,5.0145,5.0852046,0.07070446
2025-10-09,4438,4439,1,5.123,5.086703,-0.03629732
2025-10-13,4438,4440,2,5.144,5.091404,-0.052596092
2025-10-14,4438,4441,3,5.0230002,5.0961947,0.073194504
2025-10-15,4438,4442,4,5.0145,5.100622,0.086122036
2025-10-16,4438,4443,5,4.999,5.104778,0.10577774
2025-10-13,4439,4440,1,5.144,5.11261,-0.03139019
2025-10-14,4439,4441,2,5.0230002,5.116202,0.09320164
2025-10-15,4439,4442,3,5.0145,5.1200004,0.10550022
2025-10-16,4439,4443,4,4.999,5.1235504,0.12455034
2025-10-20,4439,4444,5,5.0360003,5.126887,0.09088659
2025-10-14,4440,4441,1,5.0230002,5.1345468,0.11154652
2025-10-15,4440,4442,2,5.0145,5.1372933,0.1227932
2025-10-16,4440,4443,3,4.999,5.140288,0.1412878
2025-10-20,4440,4444,4,5.0360003,5.143089,0.107088566
2025-10-21,4440,4445,5,4.9659996,5.1457205,0.17972088
2025-10-15,4441,4442,1,5.0145,5.0720186,0.057518482
2025-10-16,4441,4443,2,4.999,5.078689,0.079689026
2025-10-20,4441,4444,3,5.0360003,5.0834236,0.047423363
2025-10-21,4441,4445,4,4.9659996,5.0879173,0.121917725
2025-10-22,4441,4446,5,4.9955,5.092377,0.0968771
2025-10-16,4442,4443,1,4.999,5.0450497,0.046049595
2025-10-20,4442,4444,2,5.0360003,5.051616,0.01561594
2025-10-21,4442,4445,3,4.9659996,5.057056,0.09105635
2025-10-22,4442,4446,4,4.9955,5.0624332,0.066933155
2025-10-23,4442,4447,5,5.1105,5.067765,-0.042734623
2025-10-20,4443,4444,1,5.0360003,5.024696,-0.0113043785
2025-10-21,4443,4445,2,4.9659996,5.0315747,0.06557512
2025-10-22,4443,4446,3,4.9955,5.0376883,0.042188168
2025-10-23,4443,4447,4,5.1105,5.043736,-0.06676388
2025-10-27,4443,4448,5,5.146,5.049708,-0.09629202
2025-10-21,4444,4445,1,4.9659996,5.03818,0.07218027
2025-10-22,4444,4446,2,4.9955,5.04394,0.04843998
2025-10-23,4444,4447,3,5.1105,5.049808,-0.060691833
2025-10-27,4444,4448,4,5.146,5.055605,-0.090394974
2025-10-28,4444,4449,5,5.145,5.061251,-0.08374882
2025-10-22,4445,4446,1,4.9955,5.0017486,0.006248474
2025-10-23,4445,4447,2,5.1105,5.0098495,-0.10065031
2025-10-27,4445,4448,3,5.146,5.0167813,-0.12921858
2025-10-28,4445,4449,4,5.145,5.0235324,-0.12146759
2025-10-29,4445,4450,5,5.237,5.0301833,-0.20681667
2025-10-23,4446,4447,1,5.1105,5.006199,-0.104300976
2025-10-27,4446,4448,2,5.146,5.013322,-0.13267803
2025-10-28,4446,4449,3,5.145,5.0201697,-0.124830246
2025-10-29,4446,4450,4,5.237,5.0269146,-0.21008539
2025-10-30,4446,4451,5,5.1039996,5.033504,-0.070495605
2025-10-27,4447,4448,1,5.146,5.0741987,-0.071801186
2025-10-28,4447,4449,2,5.145,5.077764,-0.06723595
2025-10-29,4447,4450,3,5.237,5.0828323,-0.15416765
2025-10-30,4447,4451,4,5.1039996,5.0877934,-0.016206264
2025-11-03,4447,4452,5,5.069,5.092474,0.023474216
2025-10-28,4448,4449,1,5.145,5.1196976,-0.02530241
2025-10-29,4448,4450,2,5.237,5.1224093,-0.114590645
2025-10-30,4448,4451,3,5.1039996,5.1261387,0.022139072
2025-11-03,4448,4452,4,5.069,5.1296315,0.060631752
2025-11-04,4448,4453,5,4.9484997,5.1328616,0.18436193
2025-10-29,4449,4450,1,5.237,5.1371975,-0.099802494
2025-10-30,4449,4451,2,5.1039996,5.1400776,0.036077976
2025-11-03,4449,4452,3,5.069,5.1431212,0.074121475
2025-11-04,4449,4453,4,4.9484997,5.14592,0.19742012
2025-11-05,4449,4454,5,4.986,5.1485295,0.16252947
2025-10-30,4450,4451,1,5.1039996,5.198392,0.0943923
2025-11-03,4450,4452,2,5.069,5.197995,0.12899542
2025-11-04,4450,4453,3,4.9484997,5.1989517,0.25045204
2025-11-05,4450,4454,4,4.986,5.1997967,0.21379662
2025-11-06,4450,4455,5,4.9674997,5.200454,0.2329545
2025-11-03,4451,4452,1,5.069,5.142744,0.0737443
2025-11-04,4451,4453,2,4.9484997,5.1469545,0.19845486
2025-11-05,4451,4454,3,4.986,5.1495476,0.16354752
2025-11-06,4451,4455,4,4.9674997,5.1518793,0.18437958
2025-11-10,4451,4456,5,5.106,5.154183,0.048182964
2025-11-04,4452,4453,1,4.9484997,5.103792,0.15529251
2025-11-05,4452,4454,2,4.986,5.108841,0.12284088
2025-11-06,4452,4455,3,4.9674997,5.112471,0.14497137
2025-11-10,4452,4456,4,5.106,5.116025,0.010025024
2025-11-11,4452,4457,5,5.066,5.119577,0.053576946
2025-11-05,4453,4454,1,4.986,5.0179243,0.031924248
2025-11-06,4453,4455,2,4.9674997,5.026488,0.058988094
2025-11-10,4453,4456,3,5.106,5.032593,-0.07340717
2025-11-11,4453,4457,4,5.066,5.0386195,-0.027380466
2025-11-12,4453,4458,5,5.1054997,5.044711,-0.06078863
2025-11-06,4454,4455,1,4.9674997,5.0078263,0.040326595
2025-11-10,4454,4456,2,5.106,5.0149097,-0.0910902
2025-11-11,4454,4457,3,5.066,5.0214314,-0.04456854
2025-11-12,4454,4458,4,5.1054997,5.0280066,-0.07749319
2025-11-13,4454,4459,5,5.1019998,5.034528,-0.06747198
2025-11-10,4455,4456,1,5.106,4.9913454,-0.11465454
2025-11-11,4455,4457,2,5.066,4.999092,-0.06690788
2025-11-12,4455,4458,3,5.1054997,5.0062833,-0.09921646
2025-11-13,4455,4459,4,5.1019998,5.0134068,-0.088593006
2025-11-17,4455,4460,5,5.0864997,5.020425,-0.06607485
2025-11-11,4456,4457,1,5.066,5.0660057,5.722046e-06
2025-11-12,4456,4458,2,5.1054997,5.069628,-0.035871983
2025-11-13,4456,4459,3,5.1019998,5.0749373,-0.027062416
2025-11-17,4456,4460,4,5.0864997,5.080189,-0.006310463
2025-11-18,4456,4461,5,5.0505,5.085161,0.034661293
2025-11-12,4457,4458,1,5.1054997,5.0696244,-0.03587532
2025-11-13,4457,4459,2,5.1019998,5.0749345,-0.027065277
2025-11-17,4457,4460,3,5.0864997,5.0801864,-0.006313324
2025-11-18,4457,4461,4,5.0505,5.0851583,0.034658432
2025-11-19,4457,4462,5,5.0969996,5.0899143,-0.0070853233
2025-11-13,4458,4459,1,5.1019998,5.0958953,-0.0061044693
2025-11-17,4458,4460,2,5.0864997,5.099983,0.013483524
2025-11-18,4458,4461,3,5.0505,5.10435,0.053850174
2025-11-19,4458,4462,4,5.0969996,5.1085205,0.011520863
2025-11-20,4458,4463,5,5.0485,5.11248,0.0639801
2025-11-17,4459,4460,1,5.0864997,5.1035514,0.017051697
2025-11-18,4459,4461,2,5.0505,5.107718,0.057218075
2025-11-19,4459,4462,3,5.0969996,5.1117835,0.014783859
2025-11-20,4459,4463,4,5.0485,5.1156416,0.06714153
2025-11-24,4459,4464,5,5.026,5.119328,0.093328
2025-11-18,4460,4461,1,5.0505,5.097748,0.047247887
2025-11-19,4460,4462,2,5.0969996,5.1023736,0.005373955
2025-11-20,4460,4463,3,5.0485,5.106525,0.058024883
2025-11-24,4460,4464,4,5.026,5.1104946,0.08449459
2025-11-25,4460,4465,5,5.0625,5.1143317,0.051831722
2025-11-19,4461,4462,1,5.0969996,5.0747404,-0.022259235
2025-11-20,4461,4463,2,5.0485,5.080426,0.031926155
2025-11-24,4461,4464,3,5.026,5.0851955,0.05919552
2025-11-25,4461,4465,4,5.0625,5.089806,0.02730608
2025-11-26,4461,4466,5,5.194,5.094322,-0.09967756
2025-11-20,4462,4463,1,5.0485,5.0934367,0.044936657
2025-11-24,4462,4464,2,5.026,5.097485,0.07148504
2025-11-25,4462,4465,3,5.0625,5.10172,0.039219856
2025-11-26,4462,4466,4,5.194,5.105873,-0.08812666
2025-12-01,4462,4467,5,5.303,5.1098795,-0.19312048
2025-11-24,4463,4464,1,5.026,5.0712066,0.045206547
2025-11-25,4463,4465,2,5.0625,5.0768957,0.014395714
2025-11-26,4463,4466,3,5.194,5.0818057,-0.11219406
2025-12-01,4463,4467,4,5.303,5.086544,-0.21645594
2025-12-02,4463,4468,5,5.243,5.091177,-0.15182304
2025-11-25,4464,4465,1,5.0625,5.050462,-0.012038231
2025-11-26,4464,4466,2,5.194,5.0568113,-0.13718843
2025-12-01,4464,4467,3,5.303,5.062293,-0.24070692
2025-12-02,4464,4468,4,5.243,5.0676465,-0.17535353
2025-12-03,4464,4469,5,5.389,5.0729046,-0.31609535
2025-11-26,4465,4466,1,5.194,5.063846,-0.13015366
2025-12-01,4465,4467,2,5.303,5.068946,-0.23405409
2025-12-02,4465,4468,3,5.243,5.0741024,-0.16889763
2025-12-03,4465,4469,4,5.389,5.0791693,-0.30983067
2025-12-04,4465,4470,5,5.3735,5.084083,-0.2894168
2025-12-01,4466,4467,1,5.303,5.144943,-0.15805674
2025-12-02,4466,4468,2,5.243,5.145815,-0.097185135
2025-12-03,4466,4469,3,5.389,5.1486397,-0.24036026
2025-12-04,4466,4470,4,5.3735,5.151389,-0.22211075
2025-12-08,4466,4471,5,5.4445,5.1538806,-0.29061937
2025-12-02,4467,4468,1,5.243,5.2381134,-0.004886627
2025-12-03,4467,4469,2,5.389,5.2354035,-0.1535964
2025-12-04,4467,4470,3,5.3735,5.2351713,-0.13832855
2025-12-08,4467,4471,4,5.4445,5.234811,-0.20968914
2025-12-09,4467,4472,5,5.32,5.2342095,-0.085790634
2025-12-03,4468,4469,1,5.389,5.238261,-0.15073872
2025-12-04,4468,4470,2,5.3735,5.237853,-0.13564682
2025-12-08,4468,4471,3,5.4445,5.237396,-0.2071042
2025-12-09,4468,4472,4,5.32,5.236703,-0.08329725
2025-12-10,4468,4473,5,5.3535,5.235932,-0.117568016
2025-12-04,4469,4470,1,5.3735,5.3259435,-0.0475564
2025-12-08,4469,4471,2,5.4445,5.319888,-0.124611855
2025-12-09,4469,4472,3,5.32,5.3160963,-0.0039038658
2025-12-10,4469,4473,4,5.3535,5.3123846,-0.041115284
2025-12-11,4469,4474,5,5.5014997,5.3086205,-0.1928792
2025-12-08,4470,4471,1,5.4445,5.3477044,-0.09679556
2025-12-09,4470,4472,2,5.32,5.3420873,0.022087097
2025-12-10,4470,4473,3,5.3535,5.3373494,-0.016150475
2025-12-11,4470,4474,4,5.5014997,5.332616,-0.1688838
2025-12-15,4470,4475,5,5.412,5.327958,-0.08404207
2025-12-09,4471,4472,1,5.32,5.3986926,0.078692436
2025-12-10,4471,4473,2,5.3535,5.3901567,0.036656857
2025-12-11,4471,4474,3,5.5014997,5.3832717,-0.11822796
2025-12-15,4471,4475,4,5.412,5.3765855,-0.035414696
2025-12-16,4471,4476,5,5.3589997,5.3700523,0.0110526085
2025-12-10,4472,4473,1,5.3535,5.3440638,-0.0094361305
2025-12-11,4472,4474,2,5.5014997,5.340255,-0.16124487
2025-12-15,4472,4475,3,5.412,5.3353148,-0.07668543
2025-12-16,4472,4476,4,5.3589997,5.330428,-0.028571606
2025-12-17,4472,4477,5,5.4355,5.3257947,-0.10970545
2025-12-11,4473,4474,1,5.5014997,5.34578,-0.15571976
2025-12-15,4473,4475,2,5.412,5.340478,-0.071522236
2025-12-16,4473,4476,3,5.3589997,5.3353868,-0.023612976
2025-12-17,4473,4477,4,5.4355,5.3305597,-0.104940414
2025-12-18,4473,4478,5,5.4375,5.3259563,-0.111543655
2025-12-15,4474,4475,1,5.412,5.4315214,0.019521236
2025-12-16,4474,4476,2,5.3589997,5.420288,0.061288357
2025-12-17,4474,4477,3,5.4355,5.411971,-0.023529053
2025-12-18,4474,4478,4,5.4375,5.4040775,-0.03342247
2025-12-22,4474,4479,5,5.5095,5.3963866,-0.1131134
2025-12-16,4475,4476,1,5.3589997,5.40886,0.049860477
2025-12-17,4475,4477,2,5.4355,5.4013276,-0.034172535
2025-12-18,4475,4478,3,5.4375,5.3938837,-0.043616295
2025-12-22,4475,4479,4,5.5095,5.386616,-0.1228838
2025-12-23,4475,4480,5,5.552,5.379646,-0.17235422
2025-12-17,4476,4477,1,5.4355,5.372119,-0.063381195
2025-12-18,4476,4478,2,5.4375,5.366642,-0.070858
2025-12-22,4476,4479,3,5.5095,5.3604937,-0.14900637
2025-12-23,4476,4480,4,5.552,5.354579,-0.19742107
2025-12-29,4476,4481,5,5.537,5.348979,-0.18802118
2025-12-18,4477,4478,1,5.4375,5.4037366,-0.03376341
2025-12-22,4477,4479,2,5.5095,5.395096,-0.1144042
2025-12-23,4477,4480,3,5.552,5.3877635,-0.16423655
2025-12-29,4477,4481,4,5.537,5.380826,-0.15617418
2025-12-30,4477,4482,5,5.7815003,5.374157,-0.4073434
2025-12-22,4478,4479,1,5.5095,5.4148574,-0.09464264
2025-12-23,4478,4480,2,5.552,5.40618,-0.14582014
2025-12-29,4478,4481,3,5.537,5.3984733,-0.13852692
2025-12-30,4478,4482,4,5.7815003,5.39108,-0.39042044
2026-01-05,4478,4483,5,5.9755,5.383974,-0.59152603
2025-12-23,4479,4480,1,5.552,5.4615417,-0.09045839
2025-12-29,4479,4481,2,5.537,5.449996,-0.087004185
2025-12-30,4479,4482,3,5.7815003,5.4403963,-0.34110403
2026-01-05,4479,4483,4,5.9755,5.431218,-0.54428196
2026-01-06,4479,4484,5,6.0625,5.422355,-0.6401448
2025-12-29,4480,4481,1,5.537,5.502899,-0.03410101
2025-12-30,4480,4482,2,5.7815003,5.4895334,-0.29196692
2026-01-05,4480,4483,3,5.9755,5.4781694,-0.49733067
2026-01-06,4480,4484,4,6.0625,5.467262,-0.5952382
2026-01-20,4480,4485,5,5.8125,5.456747,-0.35575294
2025-12-30,4481,4482,1,5.7815003,5.5094852,-0.2720151
2026-01-05,4481,4483,2,5.9755,5.496682,-0.47881794
2026-01-06,4481,4484,3,6.0625,5.484935,-0.5775652
2026-01-20,4481,4485,4,5.8125,5.4736357,-0.33886433
2026-01-21,4481,4486,5,5.768,5.4628067,-0.30519342
2026-01-05,4482,4483,1,5.9755,5.655441,-0.3200593
2026-01-06,4482,4484,2,6.0625,5.6317005,-0.43079948
2026-01-20,4482,4485,3,5.8125,5.6133213,-0.1991787
2026-01-21,4482,4486,4,5.768,5.5959144,-0.17208576
2026-01-22,4482,4487,5,5.7790003,5.579143,-0.19985723
2026-01-06,4483,4484,1,6.0625,5.818072,-0.24442816
2026-01-20,4483,4485,2,5.8125,5.784359,-0.028141022
2026-01-21,4483,4486,3,5.768,5.757679,-0.01032114
2026-01-22,4483,4487,4,5.7790003,5.732397,-0.046603203
2026-01-23,4483,4488,5,5.9475,5.70823,-0.23927021
2026-01-20,4484,4485,1,5.8125,5.926506,0.11400604
2026-01-21,4484,4486,2,5.768,5.8872957,0.1192956
2026-01-22,4484,4487,3,5.7790003,5.8542957,0.07529545
2026-01-23,4484,4488,4,5.9475,5.823117,-0.12438345
2026-01-26,4484,4489,5,5.9909997,5.7935925,-0.19740725
2026-01-21,4485,4486,1,5.768,5.820776,0.05277586
2026-01-22,4485,4487,2,5.7790003,5.793608,0.014607906
2026-01-23,4485,4488,3,5.9475,5.7660356,-0.18146467
2026-01-26,4485,4489,4,5.9909997,5.7397876,-0.25121212
2026-01-27,4485,4490,5,5.8335,5.715128,-0.11837196
2026-01-22,4486,4487,1,5.7790003,5.7627654,-0.016234875
2026-01-23,4486,4488,2,5.9475,5.737779,-0.20972109
2026-01-26,4486,4489,3,5.9909997,5.7131143,-0.27788544
2026-01-27,4486,4490,4,5.8335,5.6899047,-0.14359522
2026-01-28,4486,4491,5,5.898,5.668104,-0.22989559
2026-01-23,4487,4488,1,5.9475,5.747267,-0.20023346
2026-01-26,4487,4489,2,5.9909997,5.7218227,-0.26917696
2026-01-27,4487,4490,3,5.8335,5.6981378,-0.13536215
2026-01-28,4487,4491,4,5.898,5.675902,-0.22209787
2026-01-29,4487,4492,5,6.2035,5.6549525,-0.54854727
2026-01-26,4488,4489,1,5.9909997,5.8385863,-0.15241337
2026-01-27,4488,4490,2,5.8335,5.8051014,-0.028398514
2026-01-28,4488,4491,3,5.898,5.776883,-0.12111664
2026-01-29,4488,4492,4,6.2035,5.750451,-0.4530487
2026-01-30,4488,4493,5,5.9240003,5.725433,-0.19856739
2026-01-27,4489,4490,1,5.8335,5.893887,0.060387135
2026-01-28,4489,4491,2,5.898,5.857929,-0.040070534
2026-01-29,4489,4492,3,6.2035,5.8267274,-0.3767724
2026-01-30,4489,4493,4,5.9240003,5.797365,-0.12663507
2026-02-02,4489,4494,5,5.8255,5.76964,-0.055860043
2026-01-28,4490,4491,1,5.898,5.8226814,-0.07531834
2026-01-29,4490,4492,2,6.2035,5.794533,-0.40896702
2026-01-30,4490,4493,3,5.9240003,5.767053,-0.15694714
2026-02-02,4490,4494,4,5.8255,5.741043,-0.08445692
2026-02-03,4490,4495,5,6.0865,5.7165866,-0.36991358
2026-01-29,4491,4492,1,6.2035,5.8384824,-0.3650174
2026-01-30,4491,4493,2,5.9240003,5.8072495,-0.11675072
2026-02-02,4491,4494,3,5.8255,5.7789345,-0.046565533
2026-02-03,4491,4495,4,6.0865,5.752372,-0.33412838
2026-02-04,4491,4496,5,5.85,5.7273355,-0.12266445
2026-01-30,4492,4493,1,5.9240003,6.0193343,0.09533405
2026-02-02,4492,4494,2,5.8255,5.9719224,0.14642239
2026-02-03,4492,4495,3,6.0865,5.933529,-0.15297127
2026-02-04,4492,4496,4,5.85,5.8977575,0.047757626
2026-02-05,4492,4497,5,5.821,5.864021,0.043020725
2026-02-02,4493,4494,1,5.8255,5.916381,0.09088087
2026-02-03,4493,4495,2,6.0865,5.8830614,-0.20343876
2026-02-04,4493,4496,3,5.85,5.8504586,0.00045871735
2026-02-05,4493,4497,4,5.821,5.819586,-0.001414299
2026-02-06,4493,4498,5,5.882,5.790635,-0.09136486
2026-02-03,4494,4495,1,6.0865,5.8299847,-0.2565155
2026-02-04,4494,4496,2,5.85,5.802001,-0.047998905
2026-02-05,4494,4497,3,5.821,5.7739844,-0.047015667
2026-02-06,4494,4498,4,5.882,5.747636,-0.13436413
2026-02-09,4494,4499,5,5.9625,5.722937,-0.23956299
2026-02-04,4495,4496,1,5.85,5.951348,0.10134792
2026-02-05,4495,4497,2,5.821,5.9101825,0.08918238
2026-02-06,4495,4498,3,5.882,5.8757124,-0.006287575
2026-02-09,4495,4499,4,5.9625,5.843618,-0.11888218
2026-02-10,4495,4500,5,5.9135003,5.813356,-0.10014439
2026-02-05,4496,4497,1,5.821,5.8510404,0.030040264
2026-02-06,4496,4498,2,5.882,5.821787,-0.06021309
2026-02-09,4496,4499,3,5.9625,5.7929273,-0.16957283
2026-02-10,4496,4500,4,5.9135003,5.765606,-0.14789438
2026-02-11,4496,4501,5,5.9655,5.739949,-0.22555065
2026-02-06,4497,4498,1,5.882,5.804237,-0.07776308
2026-02-09,4497,4499,2,5.9625,5.7768683,-0.18563175
2026-02-10,4497,4500,3,5.9135003,5.750463,-0.1630373
2026-02-11,4497,4501,4,5.9655,5.7256446,-0.23985529
2026-02-12,4497,4502,5,5.7855,5.702304,-0.08319616
2026-02-09,4498,4499,1,5.9625,5.822264,-0.1402359
2026-02-10,4498,4500,2,5.9135003,5.7920265,-0.12147379
2026-02-11,4498,4501,3,5.9655,5.7648606,-0.20063925
2026-02-12,4498,4502,4,5.7855,5.7393694,-0.046130657
2026-02-13,4498,4503,5,5.803,5.7153044,-0.0876956
2026-02-10,4499,4500,1,5.9135003,5.873786,-0.039714336
2026-02-11,4499,4501,2,5.9655,5.839583,-0.12591696
2026-02-12,4499,4502,3,5.7855,5.809765,0.024264812
2026-02-13,4499,4503,4,5.803,5.781749,-0.021251202
2026-02-17,4499,4504,5,5.704,5.7552657,0.051265717
2026-02-11,4500,4501,1,5.9655,5.8627453,-0.10275459
2026-02-12,4500,4502,2,5.7855,5.830914,0.04541397
2026-02-13,4500,4503,3,5.803,5.8016562,-0.0013437271
2026-02-17,4500,4504,4,5.704,5.7740407,0.0700407
2026-02-18,4500,4505,5,5.863,5.7479877,-0.11501217
2026-02-12,4501,4502,1,5.7855,5.890811,0.10531092
2026-02-13,4501,4503,2,5.803,5.85632,0.05331993
2026-02-17,4501,4504,3,5.704,5.8254747,0.12147474
2026-02-18,4501,4505,4,5.863,5.796479,-0.06652069
2026-02-19,4501,4506,5,5.7985,5.7691255,-0.0293746
2026-02-13,4502,4503,1,5.803,5.794794,-0.008205891
2026-02-17,4502,4504,2,5.704,5.769218,0.06521797
2026-02-18,4502,4505,3,5.863,5.7434673,-0.119532585
2026-02-19,4502,4506,4,5.7985,5.719076,-0.079423904
2026-02-20,4502,4507,5,5.8995,5.6961403,-0.2033596
2026-02-17,4503,4504,1,5.704,5.7740135,0.07001352
2026-02-18,4503,4505,2,5.863,5.7478642,-0.11513567
2026-02-19,4503,4506,3,5.7985,5.72323,-0.075270176
2026-02-20,4503,4507,4,5.8995,5.700071,-0.19942904
2026-02-23,4503,4508,5,5.8105,5.678224,-0.13227606
2026-02-18,4504,4505,1,5.863,5.7069054,-0.15609455
2026-02-19,4504,4506,2,5.7985,5.685593,-0.11290693
2026-02-20,4504,4507,3,5.8995,5.6644526,-0.23504734
2026-02-23,4504,4508,4,5.8105,5.6444635,-0.1660366
2026-02-24,4504,4509,5,5.961,5.625616,-0.3353839
2026-02-19,4505,4506,1,5.7985,5.776738,-0.021761894
2026-02-20,4505,4507,2,5.8995,5.7481747,-0.15132523
2026-02-23,4505,4508,3,5.8105,5.7236867,-0.08681345
2026-02-24,4505,4509,4,5.961,5.7006965,-0.2603035
2026-02-25,4505,4510,5,6.0154996,5.678863,-0.33663654
2026-02-20,4506,4507,1,5.8995,5.760886,-0.1386137
2026-02-23,4506,4508,2,5.8105,5.7353487,-0.07515144
2026-02-24,4506,4509,3,5.961,5.711719,-0.24928093
2026-02-25,4506,4510,4,6.0154996,5.6892986,-0.32620096
2026-02-26,4506,4511,5,6.0049996,5.6680565,-0.33694315
2026-02-23,4507,4508,1,5.8105,5.8162255,0.0057253838
2026-02-24,4507,4509,2,5.961,5.7858334,-0.1751666
2026-02-25,4507,4510,3,6.0154996,5.7592874,-0.25621223
2026-02-26,4507,4511,4,6.0049996,5.734262,-0.27073765
2026-02-27,4507,4512,5,6.0595,5.7105236,-0.3489766
2026-02-24,4508,4509,1,5.961,5.7824903,-0.17850971
2026-02-25,4508,4510,2,6.0154996,5.7562246,-0.25927496
2026-02-26,4508,4511,3,6.0049996,5.7313714,-0.27362823
2026-02-27,4508,4512,4,6.0595,5.70779,-0.35171032
2026-03-02,4508,4513,5,5.948,5.685487,-0.26251316
2026-02-25,4509,4510,1,6.0154996,5.8602986,-0.15520096
2026-02-26,4509,4511,2,6.0049996,5.826588,-0.17841148
2026-02-27,4509,4512,3,6.0595,5.797581,-0.26191902
2026-03-02,4509,4513,4,5.948,5.7703147,-0.17768526
2026-03-03,4509,4514,5,5.826,5.7444763,-0.081523895
2026-02-26,4510,4511,1,6.0049996,5.9169707,-0.08802891
2026-02-27,4510,4512,2,6.0595,5.880003,-0.17949724
2026-03-02,4510,4513,3,5.948,5.8478193,-0.100180626
2026-03-03,4510,4514,4,5.826,5.8175077,-0.00849247
2026-03-04,4510,4515,5,5.9075003,5.7888627,-0.11863756
2026-02-27,4511,4512,1,6.0595,5.9312663,-0.12823391
2026-03-02,4511,4513,2,5.948,5.8944902,-0.053509712
2026-03-03,4511,4514,3,5.826,5.8613286,0.03532839
2026-03-04,4511,4515,4,5.9075003,5.8300977,-0.07740259
2026-03-05,4511,4516,5,5.8045,5.8006773,-0.0038228035
2026-03-02,4512,4513,1,5.948,5.969118,0.021118164
2026-03-03,4512,4514,2,5.826,5.929185,0.1031847
2026-03-04,4512,4515,3,5.9075003,5.8937407,-0.013759613
2026-03-05,4512,4516,4,5.8045,5.860503,0.056003094
2026-03-06,4512,4517,5,5.807,5.829236,0.02223587
2026-03-03,4513,4514,1,5.826,5.9168773,0.090877056
2026-03-04,4513,4515,2,5.9075003,5.8825426,-0.024957657
2026-03-05,4513,4516,3,5.8045,5.849997,0.04549694
2026-03-06,4513,4517,4,5.807,5.8193555,0.012355328
2026-03-09,4513,4518,5,5.8485,5.7905865,-0.057913303
2026-03-04,4514,4515,1,5.9075003,5.8294683,-0.07803202
2026-03-05,4514,4516,2,5.8045,5.801536,-0.0029640198
2026-03-06,4514,4517,3,5.807,5.773748,-0.03325224
2026-03-09,4514,4518,4,5.8485,5.747578,-0.10092163
2026-03-10,4514,4519,5,5.952,5.723018,-0.22898197
2026-03-05,4515,4516,1,5.8045,5.8470774,0.042577267
2026-03-06,4515,4517,2,5.807,5.815396,0.008395672
2026-03-09,4515,4518,3,5.8485,5.7868333,-0.06166649
2026-03-10,4515,4519,4,5.952,5.760085,-0.19191504
2026-03-11,4515,4520,5,5.8915,5.734868,-0.15663195
2026-03-06,4516,4517,1,5.807,5.7905207,-0.016479492
2026-03-09,4516,4518,2,5.8485,5.764061,-0.0844388
2026-03-10,4516,4519,3,5.952,5.738603,-0.21339703
2026-03-11,4516,4520,4,5.8915,5.7145677,-0.17693233
2026-03-12,4516,4521,5,5.868,5.691925,-0.17607498
2026-03-09,4517,4518,1,5.8485,5.77369,-0.07480955
2026-03-10,4517,4519,2,5.952,5.747433,-0.20456696
2026-03-11,4517,4520,3,5.8915,5.7229095,-0.16859055
2026-03-12,4517,4521,4,5.868,5.6998196,-0.16818047
2026-03-13,4517,4522,5,5.757,5.6780095,-0.07899046
2026-03-10,4518,4519,1,5.952,5.7911177,-0.16088247
2026-03-11,4518,4520,2,5.8915,5.7629633,-0.1285367
2026-03-12,4518,4521,3,5.868,5.7376575,-0.13034248
2026-03-13,4518,4522,4,5.757,5.7138143,-0.04318571
2026-03-16,4518,4523,5,5.8315,5.6912384,-0.14026165
2026-03-11,4519,4520,1,5.8915,5.856769,-0.03473091
2026-03-12,4519,4521,2,5.868,5.823481,-0.044518948
2026-03-13,4519,4522,3,5.757,5.794746,0.037745953
2026-03-16,4519,4523,4,5.8315,5.767695,-0.0638051
2026-03-17,4519,4524,5,5.7669997,5.742067,-0.024932861
2026-03-12,4520,4521,1,5.868,5.843741,-0.02425909
2026-03-13,4520,4522,2,5.757,5.81326,0.05626011
2026-03-16,4520,4523,3,5.8315,5.785134,-0.046366215
2026-03-17,4520,4524,4,5.7669997,5.758525,-0.008474827
2026-03-18,4520,4525,5,5.594,5.7333856,0.1393857
2026-03-13,4521,4522,1,5.757,5.827419,0.070418835
2026-03-16,4521,4523,2,5.8315,5.7980824,-0.0334177
2026-03-17,4521,4524,3,5.7669997,5.770729,0.0037293434
2026-03-18,4521,4525,4,5.594,5.74491,0.1509099
2026-03-19,4521,4526,5,5.469,5.7205343,0.25153446
2026-03-16,4522,4523,1,5.8315,5.756919,-0.074581146
2026-03-17,4522,4524,2,5.7669997,5.733002,-0.033997536
2026-03-18,4522,4525,3,5.594,5.7092843,0.11528444
2026-03-19,4522,4526,4,5.469,5.686836,0.2178359
2026-03-20,4522,4527,5,5.3745,5.665683,0.291183
2026-03-17,4523,4524,1,5.7669997,5.776567,0.009567261
2026-03-18,4523,4525,2,5.594,5.7492576,0.1552577
2026-03-19,4523,4526,3,5.469,5.7246213,0.25562143
2026-03-20,4523,4527,4,5.3745,5.7014585,0.32695866
2026-03-23,4523,4528,5,5.4465,5.679537,0.233037
2026-03-18,4524,4525,1,5.594,5.743665,0.14966536
2026-03-19,4524,4526,2,5.469,5.7194886,0.25048876
2026-03-20,4524,4527,3,5.3745,5.696605,0.3221054
2026-03-23,4524,4528,4,5.4465,5.674941,0.22844124
2026-03-24,4524,4529,5,5.4285,5.6544504,0.22595024
2026-03-19,4525,4526,1,5.469,5.6318254,0.16282558
2026-03-20,4525,4527,2,5.3745,5.6158557,0.2413559
2026-03-23,4525,4528,3,5.4465,5.5983605,0.15186071
2026-03-24,4525,4529,4,5.4285,5.581722,0.1532216
2026-03-25,4525,4530,5,5.534,5.566066,0.03206587
2026-03-20,4526,4527,1,5.3745,5.520352,0.14585209
2026-03-23,4526,4528,2,5.4465,5.5099273,0.06342745
2026-03-24,4526,4529,3,5.4285,5.497475,0.06897497
2026-03-25,4526,4530,4,5.534,5.485722,-0.048277855
2026-03-26,4526,4531,5,5.4505,5.474726,0.024226189
2026-03-23,4527,4528,1,5.4465,5.4243407,-0.0221591
2026-03-24,4527,4529,2,5.4285,5.417851,-0.010649204
2026-03-25,4527,4530,3,5.534,5.409557,-0.124443054
2026-03-26,4527,4531,4,5.4505,5.4018135,-0.048686504
2026-03-27,4527,4532,5,5.4684997,5.3946247,-0.07387495
2026-03-24,4528,4529,1,5.4285,5.430835,0.0023345947
2026-03-25,4528,4530,2,5.534,5.4216566,-0.11234331
2026-03-26,4528,4531,3,5.4505,5.413408,-0.03709221
2026-03-27,4528,4532,4,5.4684997,5.405741,-0.062758446
2026-03-30,4528,4533,5,5.502,5.3984427,-0.10355711
2026-03-25,4529,4530,1,5.534,5.420289,-0.11371088
2026-03-26,4529,4531,2,5.4505,5.412133,-0.038366795
2026-03-27,4529,4532,3,5.4684997,5.4045196,-0.0639801
2026-03-30,4529,4533,4,5.502,5.397272,-0.104727745
2026-03-31,4529,4534,5,5.614,5.3903284,-0.22367144
2026-03-26,4530,4531,1,5.4505,5.47866,0.028160095
2026-03-27,4530,4532,2,5.4684997,5.46643,-0.0020694733
2026-03-30,4530,4533,3,5.502,5.456526,-0.045474052
2026-03-31,4530,4534,4,5.614,5.4470844,-0.16691542
2026-04-01,4530,4535,5,5.6465,5.437923,-0.20857716
2026-03-27,4531,4532,1,5.4684997,5.449939,-0.018560886
2026-03-30,4531,4533,2,5.502,5.44119,-0.06081009
2026-03-31,4531,4534,3,5.614,5.432415,-0.18158484
2026-04-01,4531,4535,4,5.6465,5.4238806,-0.22261953
2026-04-02,4531,4536,5,5.5835,5.41568,-0.16781998
2026-03-30,4532,4533,1,5.502,5.4520574,-0.049942493
2026-03-31,4532,4534,2,5.614,5.442528,-0.17147207
2026-04-01,4532,4535,3,5.6465,5.4335575,-0.2129426
2026-04-02,4532,4536,4,5.5835,5.4249477,-0.15855217
2026-04-06,4532,4537,5,5.601,5.41667,-0.18432999
2026-03-31,4533,4534,1,5.614,5.471758,-0.14224195
2026-04-01,4533,4535,2,5.6465,5.4607406,-0.18575954
2026-04-02,4533,4536,3,5.5835,5.4509487,-0.1325512
2026-04-06,4533,4537,4,5.601,5.4415607,-0.15943909
2026-04-07,4533,4538,5,5.563,5.4325113,-0.13048887
2026-04-01,4534,4535,1,5.6465,5.543901,-0.102599144
2026-04-02,4534,4536,2,5.5835,5.5281134,-0.055386543
2026-04-06,4534,4537,3,5.601,5.515233,-0.08576679
2026-04-07,4534,4538,4,5.563,5.502918,-0.060082436
2026-04-08,4534,4539,5,5.777,5.4910035,-0.28599644
2026-04-02,4535,4536,1,5.5835,5.588086,0.00458622
2026-04-06,4535,4537,2,5.601,5.5707335,-0.030266285
2026-04-07,4535,4538,3,5.563,5.555783,-0.007217407
2026-04-08,4535,4539,4,5.777,5.541416,-0.23558378
2026-04-09,4535,4540,5,5.7644997,5.527584,-0.23691559
2026-04-06,4536,4537,1,5.601,5.56805,-0.032949924
2026-04-07,4536,4538,2,5.563,5.5533,-0.009700298
2026-04-08,4536,4539,3,5.777,5.539053,-0.23794699
2026-04-09,4536,4540,4,5.7644997,5.5253315,-0.23916817
2026-04-10,4536,4541,5,5.8859997,5.5122237,-0.37377596
2026-04-07,4537,4538,1,5.563,5.5725784,0.009578228
2026-04-08,4537,4539,2,5.777,5.5568933,-0.2201066
2026-04-09,4537,4540,3,5.7644997,5.542323,-0.22217655
2026-04-10,4537,4541,4,5.8859997,5.528425,-0.35757446
2026-04-13,4537,4542,5,5.9905,5.515156,-0.47534418
2026-04-08,4538,4539,1,5.777,5.5512867,-0.22571325
2026-04-09,4538,4540,2,5.7644997,5.5371323,-0.2273674
2026-04-10,4538,4541,3,5.8859997,5.523479,-0.3625207
2026-04-13,4538,4542,4,5.9905,5.5104384,-0.48006153
2026-04-14,4538,4543,5,6.0835,5.4980216,-0.5854783
2026-04-09,4539,4540,1,5.7644997,5.668939,-0.09556055
2026-04-10,4539,4541,2,5.8859997,5.645217,-0.24078274
2026-04-13,4539,4542,3,5.9905,5.6262016,-0.36429834
2026-04-14,4539,4543,4,6.0835,5.6082397,-0.47526026
2026-04-15,4539,4544,5,6.085,5.5910015,-0.49399853
2026-04-10,4540,4541,1,5.8859997,5.7010226,-0.18497705
2026-04-13,4540,4542,2,5.9905,5.6775684,-0.31293154
2026-04-14,4540,4543,3,6.0835,5.656936,-0.42656374
2026-04-15,4540,4544,4,6.085,5.6372366,-0.44776344
2026-04-16,4540,4545,5,6.0765,5.6184406,-0.4580593
2026-04-13,4541,4542,1,5.9905,5.7854576,-0.20504236
2026-04-14,4541,4543,2,6.0835,5.7559633,-0.32753658
2026-04-15,4541,4544,3,6.085,5.730891,-0.3541088
2026-04-16,4541,4545,4,6.0765,5.707162,-0.36933804
2026-04-17,4541,4546,5,6.1145,5.6845737,-0.4299264
2026-04-14,4542,4543,1,6.0835,5.8753834,-0.20811653
2026-04-15,4542,4544,2,6.085,5.8400483,-0.24495173
2026-04-16,4542,4545,3,6.0765,5.8100257,-0.26647425
2026-04-17,4542,4546,4,6.1145,5.7816944,-0.33280563
2026-04-20,4542,4547,5,6.1064997,5.7548413,-0.35165834
2026-04-15,4543,4544,1,6.085,5.961087,-0.12391281
2026-04-16,4543,4545,2,6.0765,5.920197,-0.15630293
2026-04-17,4543,4546,3,6.1145,5.885133,-0.22936726
2026-04-20,4543,4547,4,6.1064997,5.8521748,-0.2543249
2026-04-21,4543,4548,5,6.0715,5.8210855,-0.25041437
2026-04-16,4544,4545,1,6.0765,5.9922447,-0.08425522
2026-04-17,4544,4546,2,6.1145,5.9505367,-0.16396332
2026-04-20,4544,4547,3,6.1064997,5.9134336,-0.19306612
2026-04-21,4544,4548,4,6.0715,5.8786006,-0.19289923
2026-04-22,4544,4549,5,6.189,5.8458786,-0.34312153
2026-04-17,4545,4546,1,6.1145,5.9995365,-0.11496353
2026-04-20,4545,4547,2,6.1064997,5.957882,-0.14861774
2026-04-21,4545,4548,3,6.0715,5.9202023,-0.15129757
2026-04-22,4545,4549,4,6.189,5.884911,-0.30408907
2026-04-23,4545,4550,5,6.1425,5.85183,-0.29066992
2026-04-20,4546,4547,1,6.1064997,6.0247154,-0.08178425
2026-04-21,4546,4548,2,6.0715,5.9807854,-0.090714455
2026-04-22,4546,4549,3,6.189,5.9415793,-0.24742079
2026-04-23,4546,4550,4,6.1425,5.9049683,-0.23753166
2026-04-24,4546,4551,5,6.0885,5.87068,-0.21782017
2026-04-21,4547,4548,1,6.0715,6.0283327,-0.043167114
2026-04-22,4547,4549,2,6.189,5.9846554,-0.20434475
2026-04-23,4547,4550,3,6.1425,5.9452395,-0.19726038
2026-04-24,4547,4551,4,6.0885,5.908424,-0.18007612
2026-04-27,4547,4552,5,6.05,5.873973,-0.1760273
2026-04-22,4548,4549,1,6.189,6.009767,-0.17923307
2026-04-23,4548,4550,2,6.1425,5.968001,-0.17449903
2026-04-24,4548,4551,3,6.0885,5.9297113,-0.15878868
2026-04-27,4548,4552,4,6.05,5.893932,-0.15606833
2026-04-28,4548,4553,5,5.9455,5.86046,-0.08504009
2026-04-23,4549,4550,1,6.1425,6.07211,-0.07038975
2026-04-24,4549,4551,2,6.0885,6.023967,-0.06453323
2026-04-27,4549,4552,3,6.05,5.982002,-0.06799841
2026-04-28,4549,4553,4,5.9455,5.942959,-0.0025410652
2026-04-29,4549,4554,5,5.933,5.906414,-0.026586056
2026-04-24,4550,4551,1,6.0885,6.0648584,-0.023641586
2026-04-27,4550,4552,2,6.05,6.0189767,-0.031023502
2026-04-28,4550,4553,3,5.9455,5.977468,0.031968117
2026-04-29,4550,4554,4,5.933,5.9387074,0.005707264
2026-04-30,4550,4555,5,5.9804997,5.902477,-0.07802296
2026-04-27,4551,4552,1,6.05,6.0327253,-0.017274857
2026-04-28,4551,4553,2,5.9455,5.989913,0.04441309
2026-04-29,4551,4554,3,5.933,5.9503326,0.017332554
2026-04-30,4551,4555,4,5.9804997,5.913365,-0.06713486
2026-05-01,4551,4556,5,5.9845,5.878817,-0.10568285
2026-04-28,4552,4553,1,5.9455,5.9999676,0.054467678
2026-04-29,4552,4554,2,5.933,5.95945,0.02644968
2026-04-30,4552,4555,3,5.9804997,5.921894,-0.05860567
2026-05-01,4552,4556,4,5.9845,5.8868155,-0.09768438
2026-05-04,4552,4557,5,5.8465,5.8540034,0.0075035095
2026-04-29,4553,4554,1,5.933,5.927694,-0.005306244
2026-04-30,4553,4555,2,5.9804997,5.893021,-0.08747864
2026-05-01,4553,4556,3,5.9845,5.8597417,-0.12475824
2026-05-04,4553,4557,4,5.8465,5.8285604,-0.017939568
2026-05-05,4553,4558,5,5.993,5.7993693,-0.1936307
2026-04-30,4554,4555,1,5.9804997,5.896116,-0.084383965
2026-05-01,4554,4556,2,5.9845,5.862563,-0.1219368
2026-05-04,4554,4557,3,5.8465,5.8312116,-0.015288353
2026-05-05,4554,4558,4,5.993,5.8018656,-0.19113445
2026-05-06,4554,4559,5,6.1865,5.774317,-0.41218328
2026-05-01,4555,4556,1,5.9845,5.9117565,-0.072743416
2026-05-04,4555,4557,2,5.8465,5.876064,0.029563904
2026-05-05,4555,4558,3,5.993,5.8440285,-0.14897156
2026-05-06,4555,4559,4,6.1865,5.814032,-0.372468
2026-05-07,4555,4560,5,6.176,5.785797,-0.390203
2026-05-04,4556,4557,1,5.8465,5.918458,0.071958065
2026-05-05,4556,4558,2,5.993,5.8826585,-0.11034155
2026-05-06,4556,4559,3,6.1865,5.8503265,-0.33617353
2026-05-07,4556,4560,4,6.176,5.8199697,-0.35603046
2026-05-08,4556,4561,5,6.2965,5.791384,-0.505116
2026-05-05,4557,4558,1,5.993,5.8406467,-0.15235329
2026-05-06,4557,4559,2,6.1865,5.8119755,-0.3745246
2026-05-07,4557,4560,3,6.176,5.7838817,-0.39211845
2026-05-08,4557,4561,4,6.2965,5.7573586,-0.53914165
2026-05-11,4557,4562,5,6.4605002,5.7324224,-0.7280779
2026-05-06,4558,4559,1,6.1865,5.900789,-0.2857113
2026-05-07,4558,4560,2,6.176,5.8649726,-0.31102753
2026-05-08,4558,4561,3,6.2965,5.833688,-0.46281242
2026-05-11,4558,4562,4,6.4605002,5.8044076,-0.65609264
2026-05-12,4558,4563,5,6.5309997,5.7767673,-0.7542324
2026-05-07,4559,4560,1,6.176,6.0309906,-0.14500952
2026-05-08,4559,4561,2,6.2965,5.9845295,-0.3119707
2026-05-11,4559,4562,3,6.4605002,5.945806,-0.5146942
2026-05-12,4559,4563,4,6.5309997,5.909616,-0.62138367
2026-05-13,4559,4564,5,6.679,5.875505,-0.80349493
2026-05-08,4560,4561,1,6.2965,6.0687227,-0.22777748
2026-05-11,4560,4562,2,6.4605002,6.021989,-0.43851137
2026-05-12,4560,4563,3,6.5309997,5.9807677,-0.55023193
2026-05-13,4560,4564,4,6.679,5.942133,-0.73686695
2026-05-14,4560,4565,5,6.6115,5.905882,-0.7056179
2026-05-11,4561,4562,1,6.4605002,6.1539927,-0.3065076
2026-05-12,4561,4563,2,6.5309997,6.099834,-0.4311657
2026-05-13,4561,4564,3,6.679,6.053035,-0.6259651
2026-05-14,4561,4565,4,6.6115,6.009473,-0.60202694
2026-05-15,4561,4566,5,6.295,5.9687366,-0.32626343
2026-05-12,4562,4563,1,6.5309997,6.276885,-0.25411463
2026-05-13,4562,4564,2,6.679,6.2118807,-0.46711922
2026-05-14,4562,4565,3,6.6115,6.156746,-0.45475388
2026-05-15,4562,4566,4,6.295,6.105724,-0.18927622
2026-05-18,4562,4567,5,6.3155003,6.0582433,-0.25725698
2026-05-13,4563,4564,1,6.679,6.3583097,-0.32069016
2026-05-14,4563,4565,2,6.6115,6.2874403,-0.3240595
2026-05-15,4563,4566,3,6.295,6.226346,-0.06865406
2026-05-18,4563,4567,4,6.3155003,6.16998,-0.14552021
2026-05-19,4563,4568,5,6.2065,6.1177826,-0.08871746
2026-05-14,4564,4565,1,6.6115,6.471616,-0.139884
2026-05-15,4564,4566,2,6.295,6.389892,0.094892025
2026-05-18,4564,4567,3,6.3155003,6.3202567,0.0047564507
2026-05-19,4564,4568,4,6.2065,6.256432,0.049932003
2026-05-20,4564,4569,5,6.3305,6.197617,-0.13288307
2026-05-15,4565,4566,1,6.295,6.470203,0.17520285
2026-05-18,4565,4567,2,6.3155003,6.3913865,0.07588625
2026-05-19,4565,4568,3,6.2065,6.3216333,0.115133286
2026-05-20,4565,4569,4,6.3305,6.2576427,-0.07285738
2026-05-21,4565,4570,5,6.294,6.198808,-0.095191956
2026-05-18,4566,4567,1,6.3155003,6.290209,-0.025291443
2026-05-19,4566,4568,2,6.2065,6.231535,0.025034904
2026-05-20,4566,4569,3,6.3305,6.1746902,-0.15580988
2026-05-21,4566,4570,4,6.294,6.1221375,-0.1718626
2026-05-22,4566,4571,5,6.3789997,6.0737014,-0.30529833
2026-05-19,4567,4568,1,6.2065,6.2461762,0.03967619
2026-05-20,4567,4569,2,6.3305,6.1878037,-0.14269638
2026-05-21,4567,4570,3,6.294,6.1342726,-0.15972757
2026-05-22,4567,4571,4,6.3789997,6.084969,-0.29403067
2026-05-26,4567,4572,5,6.397,6.03934,-0.35765982
2026-05-20,4568,4569,1,6.3305,6.1647882,-0.16571188
2026-05-21,4568,4570,2,6.294,6.113589,-0.18041134
2026-05-22,4568,4571,3,6.3789997,6.0657725,-0.31322718
2026-05-26,4568,4572,4,6.397,6.0214686,-0.3755312
2026-05-27,4568,4573,5,6.34,5.9803424,-0.35965776
2026-05-21,4569,4570,1,6.294,6.2096004,-0.0843997
2026-05-22,4569,4571,2,6.3789997,6.152113,-0.22688675
2026-05-26,4569,4572,3,6.397,6.1016603,-0.29533958
2026-05-27,4569,4573,4,6.34,6.0550456,-0.28495455
2026-05-28,4569,4574,5,6.426,6.011671,-0.41432905
2026-05-22,4570,4571,1,6.3789997,6.201003,-0.17799664
2026-05-26,4570,4572,2,6.397,6.1455846,-0.25141525
2026-05-27,4570,4573,3,6.34,6.0958076,-0.2441926
2026-05-28,4570,4574,4,6.426,6.0496163,-0.37638378
2026-05-29,4570,4575,5,6.389,6.006635,-0.38236475
2026-05-26,4571,4572,1,6.397,6.2485623,-0.1484375
2026-05-27,4571,4573,2,6.34,6.188217,-0.15178299
2026-05-28,4571,4574,3,6.426,6.135292,-0.29070807
2026-05-29,4571,4575,4,6.389,6.086321,-0.30267906
2026-06-01,4571,4576,5,6.5525002,6.040774,-0.5117264
2026-05-27,4572,4573,1,6.34,6.2740154,-0.065984726
2026-05-28,4572,4574,2,6.426,6.2121396,-0.21386051
2026-05-29,4572,4575,3,6.389,6.157451,-0.23154879
2026-06-01,4572,4576,4,6.5525002,6.106834,-0.4456663
2026-06-02,4572,4577,5,6.6765,6.059818,-0.61668205
2026-05-28,4573,4574,1,6.426,6.250305,-0.17569494
2026-05-29,4573,4575,2,6.389,6.191637,-0.1973629
2026-06-01,4573,4576,3,6.5525002,6.138476,-0.41402435
2026-06-02,4573,4577,4,6.6765,6.0892034,-0.5872965
2026-06-03,4573,4578,5,6.5074997,6.0434566,-0.46404314
2026-05-29,4574,4575,1,6.389,6.293157,-0.09584284
2026-06-01,4574,4576,2,6.5525002,6.229356,-0.32314444
2026-06-02,4574,4577,3,6.6765,6.173283,-0.50321674
2026-06-03,4574,4578,4,6.5074997,6.1215076,-0.38599205
2026-06-04,4574,4579,5,6.535,6.0734544,-0.46154547
2026-06-01,4575,4576,1,6.5525002,6.2847376,-0.26776266
2026-06-02,4575,4577,2,6.6765,6.2228217,-0.45367813
2026-06-03,4575,4578,3,6.5074997,6.167305,-0.3401947
2026-06-04,4575,4579,4,6.535,6.1159406,-0.41905928
2026-06-05,4575,4580,5,6.2845,6.068295,-0.21620512
2026-06-02,4576,4577,1,6.6765,6.3771577,-0.29934216
2026-06-03,4576,4578,2,6.5074997,6.3050256,-0.20247412
2026-06-04,4576,4579,3,6.535,6.243012,-0.2919879
2026-06-05,4576,4580,4,6.2845,6.185966,-0.09853411
2026-06-08,4576,4581,5,6.35,6.1331544,-0.21684551
2026-06-03,4577,4578,1,6.5074997,6.4769683,-0.030531406
2026-06-04,4577,4579,2,6.535,6.3956585,-0.13934135
2026-06-05,4577,4580,3,6.2845,6.326189,0.04168892
2026-06-08,4577,4581,4,6.35,6.2624893,-0.087510586
2026-06-09,4577,4582,5,6.322,6.203757,-0.11824322
2026-06-04,4578,4579,1,6.535,6.4132223,-0.121777534
2026-06-05,4578,4580,2,6.2845,6.3417726,0.057272434
2026-06-08,4578,4581,3,6.35,6.2767944,-0.07320547
2026-06-09,4578,4582,4,6.322,6.2169433,-0.10505676
2026-06-10,4578,4583,5,6.2669997,6.161794,-0.105205536
2026-06-05,4579,4580,1,6.2845,6.411884,0.12738371
2026-06-08,4579,4581,2,6.35,6.339108,-0.010891914
2026-06-09,4579,4582,3,6.322,6.2742314,-0.047768593
2026-06-10,4579,4583,4,6.2669997,6.2146697,-0.052330017
2026-06-11,4579,4584,5,6.2749996,6.159758,-0.11524153
2026-06-08,4580,4581,1,6.35,6.2654543,-0.08454561
2026-06-09,4580,4582,2,6.322,6.2084856,-0.11351442
2026-06-10,4580,4583,3,6.2669997,6.154013,-0.112986565
2026-06-11,4580,4584,4,6.2749996,6.1035914,-0.17140818
2026-06-12,4580,4585,5,6.445,6.0569844,-0.38801575
2026-06-09,4581,4582,1,6.322,6.257417,-0.064582825
2026-06-10,4581,4583,2,6.2669997,6.1978574,-0.06914234
2026-06-11,4581,4584,3,6.2749996,6.1441817,-0.13081789
2026-06-12,4581,4585,4,6.445,6.0946856,-0.35031462
2026-06-15,4581,4586,5,6.496,6.04878,-0.44721985
2026-06-10,4582,4583,1,6.2669997,6.2352448,-0.03175497
2026-06-11,4582,4584,2,6.2749996,6.1777086,-0.09729099
2026-06-12,4582,4585,3,6.445,6.125745,-0.31925535
2026-06-15,4582,4586,4,6.496,6.077647,-0.4183526
2026-06-16,4582,4587,5,6.5035,6.032976,-0.47052383
2026-06-11,4583,4584,1,6.2749996,6.1961107,-0.07888889
2026-06-12,4583,4585,2,6.445,6.142272,-0.30272818
2026-06-15,4583,4586,3,6.496,6.0929794,-0.40302038
2026-06-16,4583,4587,4,6.5035,6.0472426,-0.45625734
2026-06-17,4583,4588,5,6.4934998,6.0047083,-0.48879147
2026-06-12,4584,4585,1,6.445,6.187999,-0.2570014
2026-06-15,4584,4586,2,6.496,6.1340923,-0.36190748
2026-06-16,4584,4587,3,6.5035,6.085421,-0.4180789
2026-06-17,4584,4588,4,6.4934998,6.040268,-0.4532318
2026-06-18,4584,4589,5,6.3855,5.998213,-0.38728714
2026-06-15,4585,4586,1,6.496,6.282652,-0.21334791
2026-06-16,4585,4587,2,6.5035,6.218657,-0.28484297
2026-06-17,4585,4588,3,6.4934998,6.163739,-0.32976055
2026-06-18,4585,4589,4,6.3855,6.1130033,-0.2724967
2026-06-22,4585,4590,5,6.3655,6.065796,-0.29970407
2026-06-16,4586,4587,1,6.5035,6.34172,-0.16177988
2026-06-17,4586,4588,2,6.4934998,6.2736654,-0.21983433
2026-06-18,4586,4589,3,6.3855,6.2145166,-0.17098331
2026-06-22,4586,4590,4,6.3655,6.1598744,-0.20562553
2026-06-23,4586,4591,5,6.148,6.1091924,-0.038807392
2026-06-17,4587,4588,1,6.4934998,6.3669066,-0.12659311
2026-06-18,4587,4589,2,6.3855,6.297623,-0.0878768
2026-06-22,4587,4590,3,6.3655,6.2364736,-0.12902641
2026-06-23,4587,4591,4,6.148,6.180058,0.03205824
2026-06-24,4587,4592,5,5.9485,6.1278405,0.17934036
2026-06-18,4588,4589,1,6.3855,6.370582,-0.0149178505
2026-06-22,4588,4590,2,6.3655,6.3014593,-0.06404066
2026-06-23,4588,4591,3,6.148,6.2399173,0.091917515
2026-06-24,4588,4592,4,5.9485,6.183188,0.2346878
2026-06-25,4588,4593,5,6.1375,6.13073,-0.006769657
2026-06-22,4589,4590,1,6.3655,6.3100734,-0.055426598
2026-06-23,4589,4591,2,6.148,6.2476034,0.09960365
2026-06-24,4589,4592,3,5.9485,6.190277,0.24177694
2026-06-25,4589,4593,4,6.1375,6.137293,-0.00020694733
2026-06-26,4589,4594,5,6.207,6.088255,-0.11874485
2026-06-23,4590,4591,1,6.148,6.279648,0.13164806
2026-06-24,4590,4592,2,5.9485,6.2189374,0.27043724
2026-06-25,4590,4593,3,6.1375,6.1637845,0.026284695
2026-06-26,4590,4594,4,6.207,6.1128263,-0.09417343
2026-06-29,4590,4595,5,6.1635003,6.065584,-0.097916126
2026-06-24,4591,4592,1,5.9485,6.142536,0.194036
2026-06-25,4591,4593,2,6.1375,6.0951376,-0.042362213
2026-06-26,4591,4594,3,6.207,6.049129,-0.15787077
2026-06-29,4591,4595,4,6.1635003,6.006295,-0.1572051
2026-06-30,4591,4596,5,6.2539997,5.9664984,-0.28750134
2026-06-25,4592,4593,1,6.1375,5.9820304,-0.15546942
2026-06-26,4592,4594,2,6.207,5.946722,-0.26027775
2026-06-29,4592,4595,3,6.1635003,5.910643,-0.2528572
2026-06-30,4592,4596,4,6.2539997,5.8769307,-0.377069
2026-07-01,4592,4597,5,6.1795,5.8455133,-0.33398676
2026-06-26,4593,4594,1,6.207,6.037195,-0.16980457
2026-06-29,4593,4595,2,6.1635003,5.992739,-0.17076111
2026-06-30,4593,4596,3,6.2539997,5.9537797,-0.30022
2026-07-01,4593,4597,4,6.1795,5.917614,-0.26188612
2026-07-02,4593,4598,5,6.169,5.8836784,-0.2853217
2026-06-29,4594,4595,1,6.1635003,6.0913606,-0.07213974
2026-06-30,4594,4596,2,6.2539997,6.0430064,-0.21099329
2026-07-01,4594,4597,3,6.1795,6.0009313,-0.17856884
2026-07-02,4594,4598,4,6.169,5.9616756,-0.2073245
2026-07-06,4594,4599,5,6.232,5.924844,-0.3071561
2026-06-30,4595,4596,1,6.2539997,6.0849066,-0.16909313
2026-07-01,4595,4597,2,6.1795,6.0387926,-0.1407075
2026-07-02,4595,4598,3,6.169,5.9969893,-0.1720109
2026-07-06,4595,4599,4,6.232,5.9578695,-0.27413034
2026-07-07,4595,4600,5,6.226,5.9212155,-0.3047843
2026-07-01,4596,4597,1,6.1795,6.1368837,-0.042616367
2026-07-02,4596,4598,2,6.169,6.085508,-0.08349228
2026-07-06,4596,4599,3,6.232,6.0403438,-0.19165611
2026-07-07,4596,4600,4,6.226,5.998269,-0.22773075
2026-07-08,4596,4601,5,6.1075,5.958886,-0.14861393
2026-07-02,4597,4598,1,6.169,6.1102443,-0.058755875
2026-07-06,4597,4599,2,6.232,6.062655,-0.1693449
2026-07-07,4597,4600,3,6.226,6.019046,-0.206954
2026-07-08,4597,4601,4,6.1075,5.9782887,-0.12921143
2026-07-09,4597,4602,5,6.2654996,5.940183,-0.32531643
2026-07-06,4598,4599,1,6.232,6.0967774,-0.13522243
2026-07-07,4598,4600,2,6.226,6.0498548,-0.17614508
2026-07-08,4598,4601,3,6.1075,6.007004,-0.10049629
2026-07-09,4598,4602,4,6.2654996,5.967021,-0.2984786
2026-07-10,4598,4603,5,6.282,5.9296336,-0.35236645
2026-07-07,4599,4600,1,6.226,6.128322,-0.09767771
2026-07-08,4599,4601,2,6.1075,6.077813,-0.029686928
2026-07-09,4599,4602,3,6.2654996,6.032991,-0.23250866
2026-07-10,4599,4603,4,6.282,5.9912653,-0.29073477
2026-07-13,4599,4604,5,6.2809997,5.9522495,-0.32875013
2026-07-08,4600,4601,1,6.1075,6.1344795,0.026979446
2026-07-09,4600,4602,2,6.2654996,6.08408,-0.18141937
2026-07-10,4600,4603,3,6.282,6.0388236,-0.24317646
2026-07-13,4600,4604,4,6.2809997,5.996648,-0.28435183
2026-07-14,4600,4605,5,6.378,5.957243,-0.42075682
2026-07-09,4601,4602,1,6.2654996,6.0684,-0.19709969
2026-07-10,4601,4603,2,6.282,6.0246634,-0.25733662
2026-07-13,4601,4604,3,6.2809997,5.9834476,-0.2975521
2026-07-14,4601,4605,4,6.378,5.9449053,-0.4330945
2026-07-15,4601,4606,5,6.341,5.908896,-0.4321041
2026-07-10,4602,4603,1,6.282,6.139018,-0.142982
2026-07-13,4602,4604,2,6.2809997,6.0866833,-0.19431639
2026-07-14,4602,4605,3,6.378,6.0411215,-0.3368783
2026-07-15,4602,4606,4,6.341,5.9988146,-0.3421855
2026-07-16,4602,4607,5,6.342,5.9592414,-0.38275862
2026-07-13,4603,4604,1,6.2809997,6.169548,-0.111451626
2026-07-14,4603,4605,2,6.378,6.11574,-0.26225996
2026-07-15,4603,4606,3,6.341,6.0682044,-0.27279568
2026-07-16,4603,4607,4,6.342,6.0239596,-0.31804037
2026-07-17,4603,4608,5,6.265,5.9826446,-0.2823553
2026-07-14,4604,4605,1,6.378,6.180317,-0.19768286
2026-07-15,4604,4606,2,6.341,6.1262937,-0.21470642
2026-07-16,4604,4607,3,6.342,6.0779285,-0.26407146
2026-07-17,4604,4608,4,6.265,6.032938,-0.23206186
2026-07-20,4604,4609,5,6.341,5.990987,-0.35001326
2026-07-15,4605,4606,1,6.341,6.240658,-0.10034227
2026-07-16,4605,4607,2,6.342,6.180608,-0.16139221
2026-07-17,4605,4608,3,6.265,6.1281815,-0.13681841
2026-07-20,4605,4609,4,6.341,6.0796127,-0.26138735
2026-07-21,4605,4610,5,6.5525002,6.0343966,-0.5181036
2026-07-16,4606,4607,1,6.342,6.2386527,-0.1033473
2026-07-17,4606,4608,2,6.265,6.1802254,-0.084774494
2026-07-20,4606,4609,3,6.341,6.127827,-0.21317291
2026-07-21,4606,4610,4,6.5525002,6.0792108,-0.4732895
2026-07-22,4606,4611,5,6.4934998,6.0340214,-0.45947838
2026-07-17,4607,4608,1,6.265,6.240019,-0.024981022
2026-07-20,4607,4609,2,6.341,6.181442,-0.1595583
2026-07-21,4607,4610,3,6.5525002,6.1288824,-0.42361784
2026-07-22,4607,4611,4,6.4934998,6.08019,-0.41330957
2026-07-23,4607,4612,5,6.3435,6.034947,-0.30855322
2026-07-20,4608,4609,1,6.341,6.195914,-0.14508629
2026-07-21,4608,4610,2,6.5525002,6.141875,-0.41062546
2026-07-22,4608,4611,3,6.4934998,6.09224,-0.4012599
2026-07-23,4608,4612,4,6.3435,6.0461564,-0.29734373
2026-07-24,4608,4613,5,6.3575,6.003321,-0.3541789
2026-07-21,4609,4610,1,6.5525002,6.2258716,-0.32662868
2026-07-22,4609,4611,2,6.4934998,6.1676707,-0.32582903
2026-07-23,4609,4612,3,6.3435,6.1161327,-0.2273674
2026-07-24,4609,4613,4,6.3575,6.06844,-0.28906012
2026-07-27,4609,4614,5,6.3789997,6.024083,-0.35491657
2026-07-22,4610,4611,1,6.4934998,6.356042,-0.13745785
2026-07-23,4610,4612,2,6.3435,6.284553,-0.058947086
2026-07-24,4610,4613,3,6.3575,6.224108,-0.13339186
2026-07-27,4610,4614,4,6.3789997,6.168465,-0.21053457
2026-07-28,4610,4615,5,6.3595,6.116859,-0.24264097
2026-07-23,4611,4612,1,6.3435,6.363764,0.020263672
2026-07-24,4611,4613,2,6.3575,6.294688,-0.06281185
2026-07-27,4611,4614,3,6.3789997,6.2335005,-0.14549923
2026-07-28,4611,4615,4,6.3595,6.1770134,-0.18248653
2026-07-29,4611,4616,5,6.3115,6.124758,-0.1867423
2026-07-24,4612,4613,1,6.3575,6.28298,-0.07452011
2026-07-27,4612,4614,2,6.3789997,6.2230453,-0.15595436
2026-07-28,4612,4615,3,6.3595,6.167362,-0.19213772
2026-07-29,4612,4616,4,6.3115,6.1158175,-0.19568253
2026-07-30,4612,4617,5,6.4745,6.0681086,-0.40639162
2026-07-27,4613,4614,1,6.3789997,6.266145,-0.11285448
2026-07-28,4613,4615,2,6.3595,6.205947,-0.15355301
2026-07-29,4613,4616,3,6.3115,6.151513,-0.15998697
2026-07-30,4613,4617,4,6.4745,6.101242,-0.3732581
2026-07-31,4613,4618,5,6.4655,6.054631,-0.41086864
2026-07-28,4614,4615,1,6.3595,6.271205,-0.08829498
2026-07-29,4614,4616,2,6.3115,6.2099524,-0.10154772
2026-07-30,4614,4617,3,6.4745,6.1553206,-0.31917953
2026-07-31,4614,4618,4,6.4655,6.104842,-0.3606577
2026-08-03,4614,4619,5,6.5404997,6.058004,-0.48249578
2026-07-29,4615,4616,1,6.3115,6.261018,-0.050482273
2026-07-30,4615,4617,2,6.4745,6.201057,-0.27344322
2026-07-31,4615,4618,3,6.4655,6.147171,-0.31832886
2026-08-03,4615,4619,4,6.5404997,6.0973096,-0.4431901
2026-08-04,4615,4620,5,6.6435,6.0510287,-0.5924711
2026-07-30,4616,4617,1,6.4745,6.230279,-0.24422121
2026-07-31,4616,4618,2,6.4655,6.173372,-0.2921281
2026-08-03,4616,4619,3,6.5404997,6.121581,-0.4189186
2026-08-04,4616,4620,4,6.6435,6.0735855,-0.56991434
2026-08-05,4616,4621,5,6.7275,6.0290046,-0.6984954
2026-07-31,4617,4618,1,6.4655,6.314421,-0.1510787
2026-08-03,4617,4619,2,6.5404997,6.2478423,-0.29265738
2026-08-04,4617,4620,3,6.6435,6.1903987,-0.45310116
2026-08-05,4617,4621,4,6.7275,6.13744,-0.59005976
2026-08-06,4617,4622,5,6.709,6.088291,-0.62070894
2026-08-03,4618,4619,1,6.5404997,6.3350053,-0.2054944
2026-08-04,4618,4620,2,6.6435,6.2682166,-0.37528324
2026-08-05,4618,4621,3,6.7275,6.2092657,-0.51823425
2026-08-06,4618,4622,4,6.709,6.154825,-0.5541749
2026-08-07,4618,4623,5,6.591,6.104393,-0.48660707
2026-08-04,4619,4620,1,6.6435,6.3866053,-0.2568946
2026-08-05,4619,4621,2,6.7275,6.314752,-0.41274786
2026-08-06,4619,4622,3,6.709,6.252025,-0.45697498
2026-08-07,4619,4623,4,6.591,6.1942945,-0.39670563
2026-08-10,4619,4624,5,6.616,6.140906,-0.47509432
2026-08-05,4620,4621,1,6.7275,6.462391,-0.26510906
2026-08-06,4620,4622,2,6.709,6.383125,-0.32587528
2026-08-07,4620,4623,3,6.591,6.314742,-0.276258
2026-08-10,4620,4624,4,6.616,6.252015,-0.36398506
2026-08-11,4620,4625,5,6.634,6.1941743,-0.43982553
2026-08-06,4621,4622,1,6.709,6.5350924,-0.17390776
2026-08-07,4621,4623,2,6.591,6.449153,-0.14184713
2026-08-10,4621,4624,3,6.616,6.3750825,-0.24091768
2026-08-11,4621,4625,4,6.634,6.3073516,-0.32664824
2026-08-12,4621,4626,5,6.6155,6.245106,-0.37039375
2026-08-07,4622,4623,1,6.591,6.5487676,-0.042232513
2026-08-10,4622,4624,2,6.616,6.463,-0.15300035
2026-08-11,4622,4625,3,6.634,6.387693,-0.2463069
2026-08-12,4622,4626,4,6.6155,6.3188615,-0.2966385
2026-08-13,4622,4627,5,6.608,6.2557178,-0.35228205
2026-08-10,4623,4624,1,6.616,6.4872413,-0.1287589
2026-08-11,4623,4625,2,6.634,6.409122,-0.22487783
2026-08-12,4623,4626,3,6.6155,6.338468,-0.2770319
2026-08-13,4623,4627,4,6.608,6.273737,-0.33426285
2026-08-14,4623,4628,5,6.613,6.2143025,-0.39869738
2026-08-11,4624,4625,1,6.634,6.4830856,-0.15091419
2026-08-12,4624,4626,2,6.6155,6.403964,-0.21153593
2026-08-13,4624,4627,3,6.608,6.333755,-0.2742448
2026-08-14,4624,4628,4,6.613,6.269536,-0.3434639
2026-08-17,4624,4629,5,6.616,6.210511,-0.40548897
2026-08-12,4625,4626,1,6.6155,6.490631,-0.12486887
2026-08-13,4625,4627,2,6.608,6.4104934,-0.19750643
2026-08-14,4625,4628,3,6.613,6.339853,-0.2731471
2026-08-17,4625,4629,4,6.616,6.27522,-0.34078026
2026-08-18,4625,4630,5,6.4925,6.215801,-0.27669907
2026-08-13,4626,4627,1,6.608,6.4822164,-0.12578344
2026-08-14,4626,4628,2,6.613,6.4033623,-0.20963764
2026-08-17,4626,4629,3,6.616,6.333417,-0.28258324
2026-08-18,4626,4630,4,6.4925,6.2693577,-0.22314215
2026-08-19,4626,4631,5,6.496,6.210455,-0.28554487
2026-08-14,4627,4628,1,6.613,6.4756303,-0.13736963
2026-08-17,4627,4629,2,6.616,6.397434,-0.21856594
2026-08-18,4627,4630,3,6.4925,6.3280406,-0.16445923
2026-08-19,4627,4631,4,6.496,6.2644763,-0.23152351
2026-08-20,4627,4632,5,6.469,6.206008,-0.2629919
2026-08-17,4628,4629,1,6.616,6.4763603,-0.13963985
2026-08-18,4628,4630,2,6.4925,6.3979664,-0.09453344
2026-08-19,4628,4631,3,6.496,6.3285832,-0.16741657
2026-08-20,4628,4632,4,6.469,6.265029,-0.20397091
2026-08-21,4628,4633,5,6.587,6.206551,-0.38044882
2026-08-18,4629,4630,1,6.4925,6.47819,-0.014309883
2026-08-19,4629,4631,2,6.496,6.3996534,-0.09634638
2026-08-20,4629,4632,3,6.469,6.3301816,-0.13881826
2026-08-21,4629,4633,4,6.587,6.266532,-0.32046795
2026-08-24,4629,4634,5,6.605,6.2079644,-0.3970356
2026-08-19,4630,4631,1,6.496,6.407892,-0.088107586
2026-08-20,4630,4632,2,6.469,6.337495,-0.13150501
2026-08-21,4630,4633,3,6.587,6.273247,-0.31375313
2026-08-24,4630,4634,4,6.605,6.2141557,-0.39084435
2026-08-25,4630,4635,5,6.714,6.1596956,-0.5543046
2026-08-20,4631,4632,1,6.469,6.388274,-0.08072567
2026-08-21,4631,4633,2,6.587,6.3184266,-0.26857328
2026-08-24,4631,4634,3,6.605,6.2557254,-0.34927464
2026-08-25,4631,4635,4,6.714,6.198092,-0.51590824
2026-08-26,4631,4636,5,6.7015,6.1448827,-0.55661726
2026-08-21,4632,4633,1,6.587,6.3649807,-0.2220192
2026-08-24,4632,4634,2,6.605,6.297193,-0.30780697
2026-08-25,4632,4635,3,6.714,6.2362843,-0.47771597
2026-08-26,4632,4636,4,6.7015,6.180191,-0.5213089
2026-08-27,4632,4637,5,6.689,6.128343,-0.560657
2026-08-24,4633,4634,1,6.605,6.4250073,-0.17999268
2026-08-25,4633,4635,2,6.714,6.349995,-0.3640051
2026-08-26,4633,4636,3,6.7015,6.2848244,-0.41667557
2026-08-27,4633,4637,4,6.689,6.2249947,-0.46400547
2026-08-28,4633,4638,5,6.659,6.169731,-0.48926878
2026-08-25,4634,4635,1,6.714,6.4534764,-0.2605238
2026-08-26,4634,4636,2,6.7015,6.3766704,-0.32482958
2026-08-27,4634,4637,3,6.689,6.3093348,-0.37966537
2026-08-28,4634,4638,4,6.659,6.2474957,-0.41150427
2026-08-31,4634,4639,5,6.6875,6.1904664,-0.4970336
2026-08-26,4635,4636,1,6.7015,6.5261025,-0.1753974
2026-08-27,4635,4637,2,6.689,6.4415884,-0.24741173
2026-08-28,4635,4638,3,6.659,6.368651,-0.290349
2026-08-31,4635,4639,4,6.6875,6.301934,-0.38556623
2026-09-01,4635,4640,5,6.6005,6.2405553,-0.35994482
2026-08-27,4636,4637,1,6.689,6.5420976,-0.14690256
2026-08-28,4636,4638,2,6.659,6.457404,-0.20159578
2026-08-31,4636,4639,3,6.6875,6.3830748,-0.30442524
2026-09-01,4636,4640,4,6.6005,6.315074,-0.28542614
2026-09-02,4636,4641,5,6.593,6.252616,-0.340384
2026-08-28,4637,4638,1,6.659,6.541593,-0.117406845
2026-08-31,4637,4639,2,6.6875,6.4573917,-0.23010826
2026-09-01,4637,4640,3,6.6005,6.382994,-0.21750593
2026-09-02,4637,4641,4,6.593,6.3149734,-0.27802658
2026-09-03,4637,4642,5,6.6644998,6.2525406,-0.41195917
2026-08-31,4638,4639,1,6.6875,6.5247207,-0.16277933
2026-09-01,4638,4640,2,6.6005,6.4424624,-0.15803766
2026-09-02,4638,4641,3,6.593,6.3693485,-0.22365141
2026-09-03,4638,4642,4,6.6644998,6.302482,-0.36201763
2026-09-04,4638,4643,5,6.6825004,6.2410955,-0.44140482
2026-09-01,4639,4640,1,6.6005,6.535797,-0.06470299
2026-09-02,4639,4641,2,6.593,6.4517965,-0.1412034
2026-09-03,4639,4642,3,6.6644998,6.377879,-0.28662062
2026-09-04,4639,4643,4,6.6825004,6.3103523,-0.37214804
2026-09-08,4639,4644,5,6.8235,6.248359,-0.57514095
2026-09-02,4640,4641,1,6.593,6.488947,-0.10405302
2026-09-03,4640,4642,2,6.6644998,6.4107323,-0.2537675
2026-09-04,4640,4643,3,6.6825004,6.340423,-0.34207726
2026-09-08,4640,4644,4,6.8235,6.2760034,-0.5474968
2026-09-09,4640,4645,5,6.8884997,6.2168007,-0.67169905
2026-09-03,4641,4642,1,6.6644998,6.4705334,-0.19396639
2026-09-04,4641,4643,2,6.6825004,6.3933992,-0.28910112
2026-09-08,4641,4644,3,6.8235,6.324565,-0.49893522
2026-09-09,4641,4645,4,6.8884997,6.261503,-0.6269965
2026-09-10,4641,4646,5,6.5475,6.2034826,-0.3440175
2026-09-04,4642,4643,1,6.6825004,6.5047603,-0.1777401
2026-09-08,4642,4644,2,6.8235,6.4231625,-0.4003377
2026-09-09,4642,4645,3,6.8884997,6.351848,-0.5366516
2026-09-10,4642,4646,4,6.5475,6.2866187,-0.26088142
2026-09-11,4642,4647,5,6.548,6.2266192,-0.32138062
2026-09-08,4643,4644,1,6.8235,6.525109,-0.29839134
2026-09-09,4643,4645,2,6.8884997,6.4419765,-0.4465232
2026-09-10,4643,4646,3,6.5475,6.369097,-0.1784029
2026-09-11,4643,4647,4,6.548,6.3024306,-0.24556923
2026-09-14,4643,4648,5,6.4044995,6.2411604,-0.16333914
2026-09-09,4644,4645,1,6.8884997,6.612629,-0.2758708
2026-09-10,4644,4646,2,6.5475,6.519498,-0.028002262
2026-09-11,4644,4647,3,6.548,6.439709,-0.10829067
2026-09-14,4644,4648,4,6.4044995,6.367048,-0.037451744
2026-09-15,4644,4649,5,6.4435,6.3004565,-0.14304352
2026-09-10,4645,4646,1,6.5475,6.6768274,0.1293273
2026-09-11,4645,4647,2,6.548,6.577797,0.029797077
2026-09-14,4645,4648,3,6.4044995,6.492638,0.08813858
2026-09-15,4645,4649,4,6.4435,6.4152603,-0.028239727
2026-09-16,4645,4650,5,6.509,6.3445673,-0.16443253
2026-09-11,4646,4647,1,6.548,6.503654,-0.044345856
2026-09-14,4646,4648,2,6.4044995,6.42733,0.022830486
2026-09-15,4646,4649,3,6.4435,6.355697,-0.08780289
2026-09-16,4646,4650,4,6.509,6.289983,-0.21901703
2026-09-17,4646,4651,5,6.6615,6.2297473,-0.43175268
2026-09-14,4647,4648,1,6.4044995,6.4528375,0.048337936
2026-09-15,4647,4649,2,6.4435,6.3782988,-0.06520128
2026-09-16,4647,4650,3,6.509,6.3107023,-0.1982975
2026-09-17,4647,4651,4,6.6615,6.248822,-0.41267776
2026-09-18,4647,4652,5,6.6915,6.1919003,-0.49959993
2026-09-15,4648,4649,1,6.4435,6.350408,-0.093091965
2026-09-16,4648,4650,2,6.509,6.285884,-0.22311592
2026-09-17,4648,4651,3,6.6615,6.2259874,-0.43551254
2026-09-18,4648,4652,4,6.6915,6.1708083,-0.5206919
2026-09-21,4648,4653,5,6.7625,6.119872,-0.6426277
2026-09-16,4649,4650,1,6.509,6.339635,-0.16936493
2026-09-17,4649,4651,2,6.6615,6.273949,-0.38755083
2026-09-18,4649,4652,3,6.6915,6.2150483,-0.47645187
2026-09-21,4649,4653,4,6.7625,6.1608257,-0.6016741
2026-09-22,4649,4654,5,6.836,6.110642,-0.725358
2026-09-17,4650,4651,1,6.6615,6.3716197,-0.28988028
2026-09-18,4650,4652,2,6.6915,6.3021355,-0.38936472
2026-09-21,4650,4653,3,6.7625,6.241111,-0.521389
2026-09-22,4650,4654,4,6.836,6.184927,-0.651073
2026-09-23,4650,4655,5,6.7535,6.1329107,-0.62058926
2026-09-18,4651,4652,1,6.6915,6.468766,-0.22273397
2026-09-21,4651,4653,2,6.7625,6.3891363,-0.3733635
2026-09-22,4651,4654,3,6.836,6.320971,-0.51502895
2026-09-23,4651,4655,4,6.7535,6.2584424,-0.49505758
2026-09-24,4651,4656,5,6.79,6.2007093,-0.5892906
2026-09-21,4652,4653,1,6.7625,6.5168977,-0.24560213
2026-09-22,4652,4654,2,6.836,6.4340286,-0.40197134
2026-09-23,4652,4655,3,6.7535,6.361997,-0.39150286
2026-09-24,4652,4656,4,6.79,6.2959733,-0.49402666
2026-09-25,4652,4657,5,6.779,6.2351975,-0.54380226
